nep4_zbl 6 H O N Na Cl Ti 
zbl 1 2
cutoff 6 5 131 76 4 3 0.65
n_max 8 8
basis_size 8 8
l_max 6 2 1
ANN 50 0
 -4.5683667e-01
 -2.9330555e-02
 -8.5846329e-01
  5.1616633e-01
  1.4614758e-01
  6.8052584e-01
  4.2978139e+00
  3.0517331e-01
  2.0060682e+00
 -3.2460436e-01
  2.6273201e+00
  2.2415200e-01
 -1.7504200e+00
  3.0692952e+00
 -3.4037814e-01
  6.6628218e-01
 -3.3160911e+00
 -2.1577251e+00
  2.1349728e+00
  3.0227253e+00
  1.3330068e-01
 -3.0528331e-01
 -8.5644269e-01
 -3.7572730e-01
  1.3138804e+00
  2.7914000e+00
 -7.1419799e-01
 -8.8746166e-01
 -6.9962865e-01
  3.0258422e+00
 -4.2319131e-01
  3.5155705e-01
  1.0024526e+00
  7.2392184e-01
  2.4052726e-01
  4.6684605e-01
 -7.5069927e-02
  1.7659602e+00
  2.0844116e+00
 -8.4133822e-01
 -1.7759998e-01
 -1.1135890e-01
 -8.9882636e-01
 -3.5191673e-01
  2.4470665e+00
  3.1020021e-01
  8.9515823e-01
  2.3148283e-01
  9.3127865e-01
  9.9480504e-01
  1.5577809e+00
  8.7572384e-01
  2.3361330e-01
  7.2207838e-01
 -1.3880082e+00
  3.1898108e+00
  2.5162768e-01
  7.1166909e-01
 -4.5345813e-01
 -6.8807900e-01
 -9.5473456e-01
  3.0009221e-02
 -3.2223325e-02
 -3.5760555e-01
  7.4465102e-01
  2.6630206e+00
  5.4834753e-01
 -6.9948316e-01
 -9.7474441e-02
 -3.9627519e-01
  1.0115308e+00
 -3.3696032e-01
  5.0507903e-01
  1.4344145e+00
  1.6795746e+00
  3.5250708e-01
  2.0052540e+00
 -5.5017817e-01
  2.3348856e+00
 -2.5249478e-01
  1.0507723e+00
 -7.1799397e-01
  3.8550290e-01
  6.2932849e-01
  7.7802682e-01
  1.4674231e+00
  1.6556086e-01
 -6.3050872e-01
  1.4756521e+00
 -9.7286206e-01
  1.5018894e-01
 -2.5561771e+00
 -2.5851080e+00
 -6.7684454e-01
 -2.3390411e-01
 -6.2269986e-01
  1.3506241e+00
 -1.2387315e+00
  1.6049707e-01
 -3.0829871e+00
 -1.1768224e+00
  5.1734084e-01
 -3.9252341e-02
  6.3376534e-01
  2.6007625e-01
  1.4988502e+00
 -2.2484624e+00
 -2.3795357e-01
  6.5976769e-01
  1.8487996e+00
 -9.8672676e-01
  2.6023114e+00
  1.2248250e+00
 -9.4664115e-01
  2.2196574e+00
  4.6411577e-01
  1.9263883e-01
  4.9580805e-02
 -1.7511507e+00
 -4.8713943e-01
 -4.2273140e-01
 -1.0610286e+00
  1.8245897e+00
 -1.8049664e+00
  5.2091932e-01
 -7.9421866e-01
 -1.0514677e+00
 -5.7679898e-01
 -2.5006094e+00
  9.7883955e-02
  4.2467213e-01
 -8.1802726e-01
  4.1053671e-02
 -9.3396759e-01
  1.0076554e+00
 -5.9255403e-01
  2.5568956e-01
 -2.0217760e+00
  1.2917952e-01
 -1.1096979e-01
  2.3052207e-01
 -1.6705022e+00
  2.0156141e-01
 -9.3663055e-01
  5.0174373e-01
 -1.3098466e+00
  9.4962716e-01
 -1.3606931e-01
  4.7594699e-01
  1.2052228e+00
 -2.7080176e+00
  2.9636948e+00
  2.0723991e+00
  8.4575069e-01
  1.6183709e+00
  9.6114522e-01
  5.6116354e-01
 -1.0334082e+00
 -9.0300310e-01
 -1.0258662e+00
 -3.7120345e+00
  4.7074723e-01
  1.9390161e+00
  2.7796304e+00
 -7.2771806e-01
  1.2603208e+00
 -1.2498192e+00
  2.4662268e+00
  1.5063801e+00
  8.7749645e-02
  1.2321544e+00
  4.4651195e-01
  6.2739015e-01
  6.1525349e-02
  1.3317744e+00
 -1.6267766e+00
 -9.0257752e-01
  2.9244086e-01
 -1.6497642e+00
 -5.4423046e-01
  6.0880291e-01
 -8.4931964e-01
 -4.8922077e-01
  1.0719725e+00
  1.4892267e-02
  5.7491404e-01
 -2.9005337e-01
  1.5259968e+00
  8.4801459e-01
 -1.4756598e+00
 -3.5733385e+00
 -1.3014226e+00
  1.3861385e-01
  4.8612693e-01
 -7.8746086e-01
 -1.2260900e+00
 -1.5556617e+00
  4.0438461e-01
  3.2791856e-01
  4.9658191e-01
 -2.1580207e+00
  5.9192467e-01
  2.1210163e+00
 -2.0334973e+00
 -1.5473725e+00
  7.8132612e-01
 -8.1218952e-01
  2.3066328e+00
  1.3327162e+00
  2.1199224e+00
  2.2125068e+00
 -1.4663111e-01
  8.5185409e-01
  4.7058049e-01
 -3.2914972e+00
  2.8105205e-01
  8.6258006e-01
 -8.2868630e-01
 -2.0982695e-01
  1.1414860e+00
  4.0168115e-01
 -6.7334497e-01
 -1.7120498e-01
 -1.2354506e+00
 -2.2435272e+00
 -2.8091477e-02
 -1.4727339e-01
  8.0311674e-01
 -8.4036303e-01
  7.0707031e-02
  5.9470183e-01
 -2.5911713e-01
  8.5980397e-01
  7.8505951e-01
 -7.0259356e-01
  1.4974983e-01
 -3.3210030e+00
  9.9772996e-01
 -8.3416843e-01
 -1.1349287e+00
  1.3495231e+00
  2.8936645e-01
  9.7398400e-01
 -1.9914029e+00
  1.0794221e+00
  5.1422006e-01
  4.1496536e-01
  4.3622956e-01
  1.5230508e+00
  1.4795113e+00
 -4.7700831e-01
 -2.0783126e+00
 -1.2789825e+00
 -1.1572613e+00
  9.3391520e-01
  4.6796331e-01
 -1.8107500e+00
 -3.2214937e-01
 -3.3889556e-01
  1.4238170e+00
 -3.3539048e-01
 -2.0923045e+00
 -3.0103714e+00
 -2.5211874e-01
 -6.5163147e-01
 -6.8076879e-02
  2.7528125e-01
 -2.4265010e+00
  6.0725284e-01
  7.7368026e-03
  9.7814709e-01
  3.4864154e+00
  7.9568408e-02
  9.6155059e-01
  5.7543629e-01
  1.4712013e+00
 -4.7053590e-01
 -1.4421839e+00
  1.7873064e-01
  3.8486996e-01
  8.6249441e-02
 -1.0664078e+00
  2.5459111e+00
 -1.1398942e+00
  2.5496912e-01
 -6.2942237e-01
 -2.2043304e+00
  5.5608118e-01
 -5.0718033e-01
 -1.4119588e+00
 -7.4694753e-02
 -7.3284048e-01
 -1.2805194e+00
 -1.4780804e+00
  5.2747041e-01
 -1.7661905e+00
 -6.3340306e-01
 -9.8915875e-02
 -1.0359676e+00
 -1.0217609e+00
  6.5123832e-01
  3.1130569e+00
  1.6233876e-01
 -4.0430048e-01
  1.4322929e-01
  1.1246016e-01
  3.9853457e-01
  2.8236868e+00
  4.1512060e+00
  1.2287446e+00
 -3.1591231e-01
  5.4327577e-01
  1.1673132e+00
  2.5206721e-01
 -3.0799851e+00
 -2.0804520e-01
  1.2212237e-02
 -8.8920897e-01
 -1.2015271e+00
  1.9410070e+00
  3.5352033e-01
 -1.8188758e+00
  4.0315976e+00
  3.8324830e-01
  1.0919811e+00
 -1.8231119e+00
 -1.2626043e-01
  4.4358343e-01
 -7.5244451e-01
  6.2357414e-01
  2.7098384e+00
 -1.4240056e+00
 -2.5350907e-01
 -9.9384046e-01
 -1.8679129e+00
 -1.2333549e+00
  2.1338980e+00
 -1.5385277e+00
 -1.4809026e-02
  1.3182647e+00
 -1.4586577e+00
  3.2216516e-01
 -2.8049344e-01
  1.2146027e-01
 -1.4062174e-01
 -5.1346594e-01
 -4.3790941e+00
 -6.9124877e-01
 -1.3996700e+00
  3.9527667e-01
 -2.2142093e+00
 -8.1061190e-01
  4.2986372e-01
 -3.3747327e+00
 -1.2144791e+00
 -5.6674623e-01
  4.7187209e-01
  6.3009930e-01
  7.3495483e-01
  8.3000547e-01
 -2.0998707e+00
  8.5881412e-02
 -1.5074021e+00
 -6.8992503e-02
 -3.0684808e-01
 -1.9029599e+00
  3.2701170e-01
 -9.1915913e-02
 -6.3707960e-01
  7.7232134e-01
 -2.2931726e-01
 -9.0628505e-01
 -2.5861871e-01
  5.1595533e-01
 -2.1200867e+00
  8.6098522e-01
  2.2739109e-01
 -6.2771395e-02
  6.7383826e-02
 -1.2039130e+00
  1.2128031e+00
  1.4026418e-01
 -7.1783364e-01
 -1.3725865e+00
  1.6201928e+00
  1.6059141e-01
  8.1766075e-01
 -1.4883823e+00
 -4.6689463e-01
  4.1676834e-01
  1.5331924e-01
  1.3354974e+00
 -1.9384724e+00
 -1.3455728e+00
  1.6110803e+00
 -1.0368537e+00
 -3.8749921e-01
  1.6144321e+00
  8.6691040e-01
 -2.1167407e+00
  1.2439077e+00
 -1.0675970e+00
 -6.5634114e-01
  2.1215250e-01
  1.3901280e+00
  1.5353904e+00
  1.8273841e-01
 -5.0201949e-02
 -6.2827069e-01
  7.7266955e-01
 -6.1787409e-01
  5.5877912e-01
 -3.0106995e-01
 -2.0763819e+00
  1.6186700e+00
  2.2040720e-01
  1.2094058e-01
  1.3426892e-02
  3.4565175e+00
 -2.7057414e+00
  1.3549204e+00
 -3.0104761e+00
  1.3708032e+00
  1.6135519e+00
  5.8011812e-01
 -3.3394113e+00
 -7.6571882e-01
  3.2235366e-01
  1.5038738e+00
  2.5698128e-01
  2.2594242e+00
  3.0129538e+00
 -4.5673889e-01
 -1.6112608e+00
  7.5704569e-01
 -1.9860002e-01
  4.7911578e-01
 -1.1447616e+00
  1.5501947e+00
  1.1253828e+00
 -2.4120452e+00
  2.3784339e+00
  2.4777758e-01
  1.0321691e+00
  3.1703642e-01
 -4.3802482e-01
  1.0224134e-01
 -7.2418654e-01
  3.5372705e+00
 -6.6303384e-01
  8.6502635e-01
 -4.9274564e-01
  9.0705186e-02
  2.0393715e+00
  7.5500762e-01
  2.3288503e-01
  6.0791183e-01
  1.0192415e-01
  1.3037323e+00
 -1.7547935e+00
 -2.7557406e-01
 -1.2015882e+00
 -1.7561255e-01
 -4.9512196e-01
 -2.0395617e+00
 -5.4007339e-01
 -4.2739382e-01
 -2.3027773e+00
 -1.4297085e+00
 -8.9693397e-01
 -3.2734334e-01
 -1.7753600e+00
 -1.2127875e+00
  2.0628786e+00
 -2.5084815e+00
 -4.4325683e-01
 -4.7405493e-01
  4.6593815e-01
  1.2428838e+00
  8.0211300e-01
  9.1312236e-01
 -7.0670450e-01
 -1.5611763e+00
 -1.9657147e+00
  6.4667600e-01
 -1.3693434e+00
  1.9851698e+00
  4.5370683e-01
  4.1366509e-01
  9.7957289e-01
 -1.7491418e-01
  1.6442512e+00
 -7.3564094e-01
  5.0616282e-01
  1.5883675e+00
 -3.7914124e-01
  1.0034077e+00
  2.8628093e-01
  9.8202533e-01
  1.4370191e+00
  5.6636173e-01
 -4.4215482e-01
 -1.1036539e-02
 -1.7053697e-01
 -2.7066794e-01
  2.5298458e-01
  2.5996834e-01
 -1.1835827e+00
 -2.4715219e+00
 -1.9288596e+00
  1.3898048e+00
  4.8155621e-01
  1.3540356e+00
  1.0009636e+00
 -2.8059900e+00
 -8.9426076e-01
 -2.2187481e+00
  5.9326846e-02
  3.7311461e-02
  6.3138032e-01
  1.0363871e+00
  1.4326344e+00
  3.2440901e-01
 -7.5094819e-01
  2.7928647e-01
 -1.6784669e+00
  1.2439460e+00
 -6.4865637e-01
  9.7786024e-02
 -1.6224854e+00
  7.6878667e-01
 -8.9030737e-01
  9.4869316e-01
 -2.1223447e+00
  8.0837011e-01
  6.0784084e-01
  8.1004888e-01
  4.6601668e-01
  1.1236694e+00
 -2.0659776e+00
 -4.6945170e-01
  2.5160267e+00
 -9.1608977e-01
 -1.7126591e+00
  2.6107597e-01
  3.0536003e+00
 -1.9840040e+00
  4.1940320e-01
 -5.6723839e-01
  1.3167946e+00
  1.3177383e+00
 -2.5287920e-01
  2.5475197e+00
 -1.0005730e+00
 -3.0036225e+00
 -2.3646588e+00
 -5.8441699e-01
  4.3122157e-01
 -2.5338578e-01
 -7.2771204e-01
 -2.5597495e-01
 -1.5824647e+00
 -1.9998641e+00
 -1.5048413e-01
  2.1024406e+00
  5.9532445e-02
  2.6913121e-01
 -1.1103097e+00
 -1.1078641e+00
  2.2232527e-01
  5.5212885e-01
 -1.0176747e+00
 -5.4107589e-01
 -4.1712809e-01
 -2.4782304e-01
 -1.3039469e+00
 -8.9562786e-01
 -1.5474916e+00
  1.5598450e+00
  1.0876656e+00
  1.3786073e+00
 -1.3747979e+00
 -7.3951620e-01
 -5.2844715e+00
 -4.0581843e-01
  2.2799361e+00
 -1.3505051e+00
 -9.6103889e-01
  1.0471346e+00
 -1.6516489e+00
  1.0476855e+00
  1.4785306e+00
 -8.7542439e-01
 -6.2069935e-01
  1.1563325e+00
  8.4655392e-01
 -1.9705682e-01
  1.5904381e+00
 -1.6602781e+00
  7.3638761e-01
  1.0165337e+00
  9.1063207e-01
  5.6331223e-01
  2.3812373e+00
  3.6207590e-01
 -2.1537586e-01
  4.1968155e-01
 -6.1596245e-01
 -1.2204290e-01
  1.3390930e+00
  6.1228919e-01
 -3.8782975e-01
  1.1486197e+00
  7.3905599e-01
 -5.2323902e-01
  3.0194107e-01
 -8.6445391e-01
  5.9770530e-01
  1.8066970e+00
  4.4061562e-01
 -1.0201962e-01
  8.0049044e-01
  9.4414160e-02
 -5.7299107e-01
  2.9200381e-01
  5.6189549e-01
  6.0603905e-01
  1.5625322e+00
  1.3831113e-02
 -8.0743903e-01
 -6.5987056e-01
  1.6963855e+00
 -8.6583591e-01
  3.7841535e-01
 -7.5099267e-02
  1.0675944e+00
  1.7715546e+00
 -2.4073510e-01
  1.2298572e+00
 -5.4947221e-01
  1.0154606e+00
 -6.2136848e-02
 -1.4022176e-01
  3.2053351e-01
  1.4593937e+00
 -2.9319978e-01
 -5.3401732e-01
  3.3215022e-01
 -6.5902078e-01
  1.4664460e+00
 -7.2083646e-01
 -3.6571544e-01
 -7.6029587e-01
 -3.6219764e-01
 -3.5952043e-02
  6.6925186e-01
  2.2535150e-01
  1.5068772e+00
  4.9164963e-01
  9.6925479e-01
  5.6188995e-01
  1.0266188e+00
  3.7242985e-01
 -2.1159866e+00
 -1.1238517e+00
  1.4260823e+00
  1.5711229e+00
  2.8520036e+00
 -4.5889285e-01
  1.5538092e+00
  7.6987517e-01
  1.4223912e+00
  5.8970015e-02
 -1.2658659e+00
  7.3747657e-04
 -1.1853359e+00
 -1.7372078e+00
 -2.0347559e+00
 -7.0688051e-01
 -6.4252830e-01
 -5.5210543e-01
  2.0072660e+00
 -1.1621185e-01
 -5.7109886e-01
  7.4401522e-01
 -1.0515411e+00
 -7.8475550e-02
 -1.0935296e+00
 -4.7726057e-02
  1.1549106e+00
 -1.0562537e+00
  9.3257105e-01
  3.1518620e-01
  1.1561707e+00
 -1.7802137e+00
  7.6974195e-01
 -1.1407404e+00
  1.3411808e+00
 -4.6469876e-01
  1.3057753e-01
  2.3488510e-01
  3.3477205e-01
 -6.4245224e-01
 -1.6409324e+00
 -2.1620240e+00
  8.8986230e-01
 -2.0069380e+00
 -3.2394210e-01
  9.5784998e-01
  1.1269202e+00
 -6.9523789e-02
 -1.8200472e-01
 -1.0341458e-01
  2.0825837e+00
  6.2615204e-01
 -4.8630142e-01
  3.0626130e+00
 -2.6235607e-01
 -7.3157084e-01
 -3.4431535e-01
 -1.1473570e+00
 -3.4581151e+00
  1.4319932e+00
  1.2686265e+00
 -3.2484761e-01
 -1.2638532e+00
  1.2175953e+00
 -1.4446595e+00
 -1.0525051e+00
 -4.9791771e-01
 -2.6481740e+00
 -7.3969579e-01
  7.6723057e-01
 -8.2408392e-01
  1.9533261e+00
  4.0924647e-01
 -1.4586979e+00
  2.6508102e+00
  6.4133096e-01
 -1.0183219e+00
  8.1679255e-01
 -1.6144483e+00
  7.7784926e-01
 -9.7612315e-01
 -1.3710012e+00
  5.3382522e-01
  4.1808832e-01
  1.9599301e+00
  1.0186394e+00
 -2.1780219e+00
  6.7705430e-02
 -9.4710100e-01
  3.2496443e-01
  2.5931823e+00
  2.4203916e-01
 -1.1922463e+00
 -3.1268403e-02
  4.8496663e-03
 -5.3312242e-01
  3.6310521e-01
  6.7436588e-01
 -3.8014904e-02
  1.3749045e-02
 -1.0084594e+00
  1.7442070e+00
  2.7378958e-01
  3.5284925e-01
 -3.2612288e-01
 -4.5074630e+00
  5.1191574e-01
  1.1988827e+00
  1.0703517e+00
  9.2558050e-01
 -1.6272984e+00
  2.0152758e-01
  1.9134010e-01
 -5.9634566e-01
  1.5063636e-01
  1.3339980e-01
 -6.5722060e-01
  1.6946721e+00
 -3.8911805e-01
  8.6546344e-01
  2.0824175e+00
  1.7207496e+00
 -1.4028553e+00
 -7.5622493e-01
 -9.4422072e-01
 -2.7944238e+00
 -7.9373169e-01
 -1.0733905e-01
 -2.9785666e-01
  4.9612677e-01
 -1.2373616e+00
 -1.6804988e+00
  1.2339935e-01
 -2.9516810e-01
 -6.6169691e-01
  2.8201434e-01
 -7.3160625e-01
  1.8785754e-01
 -8.2691437e-01
  6.3615721e-01
 -6.6797905e-02
 -3.3298074e-03
  6.9182910e-02
 -9.9852848e-01
  3.2597950e-01
  3.9212838e-02
 -8.4723003e-02
 -3.4926121e+00
  2.0605121e+00
 -6.5073764e-01
  2.4765162e+00
  1.1860067e+00
 -5.0550038e-01
 -2.5055489e-01
  1.5517578e-01
 -1.2743723e+00
  2.1061690e-01
  8.6718954e-02
 -6.2453210e-01
 -3.4981060e-01
 -1.8898994e-01
  7.4502772e-01
 -7.8237414e-02
 -1.0177729e+00
  1.3904416e-02
  1.8730386e-01
  4.5186767e-01
 -1.8054964e-02
 -2.4680337e-01
 -7.9347622e-01
 -3.4089467e-01
 -1.2254649e-01
 -3.2302335e-01
 -1.2315035e+00
 -4.3187031e-01
 -2.2425394e+00
  9.4946444e-01
 -1.1214008e+00
 -1.1156330e+00
 -1.1275595e+00
 -1.1761657e+00
 -1.4858899e+00
 -1.9395218e+00
  1.5527678e-01
  5.8055401e-01
 -8.4206963e-01
 -1.1904808e+00
  8.4910192e-02
 -1.4863741e+00
 -1.9334575e+00
 -8.5766876e-01
  1.4546402e+00
  6.5836066e-01
  1.4272724e+00
 -2.7645397e-01
  1.1880403e+00
  2.1029732e+00
  1.8182036e+00
  6.2081450e-01
 -1.7869750e+00
 -2.1660285e+00
  1.6108145e+00
  2.0228465e+00
  2.8738782e-01
  1.1036239e+00
 -4.6205774e-01
  3.3353421e-01
 -1.1160023e+00
 -1.8697771e+00
  1.4264274e+00
  2.6977265e-01
  2.4531327e-01
  1.0520611e+00
 -1.5425133e+00
  4.9556187e-01
  7.8261966e-01
 -1.4906914e+00
  2.9924658e-01
  1.2386611e+00
 -1.4650041e+00
  3.1018481e-01
  6.1655450e-01
  5.3911984e-01
 -5.6156900e-02
  9.7085632e-02
 -1.8122898e+00
  2.7876529e-01
  6.1549798e-02
  8.9005530e-01
 -2.7765521e-01
 -3.0606696e-01
 -5.4596210e-01
 -4.4654170e-01
  1.1111305e-01
  1.5571257e-03
 -7.6444894e-01
 -7.5624824e-01
  1.3519129e+00
 -6.6313946e-01
  6.9452119e-01
 -2.0082643e+00
 -8.2634437e-01
 -2.1178899e+00
  1.1447837e+00
  9.5436251e-01
 -4.0442723e-01
 -1.9172714e+00
 -1.9993626e+00
 -3.2587036e-01
 -8.0552256e-01
 -1.4182307e-01
 -1.6130004e+00
  7.2176985e-02
 -1.6269791e-01
 -9.4665758e-02
 -1.6978616e+00
 -2.6862115e-01
  7.4901432e-01
 -1.0775400e+00
 -3.4150299e-02
 -1.9615608e+00
 -1.3649298e+00
 -7.7065730e-01
  2.8577384e-01
 -1.6501925e+00
 -9.2463964e-01
  7.3478535e-02
 -2.0908542e-01
 -1.1647964e+00
 -1.3417114e+00
 -2.3763540e-01
 -4.3649161e-01
  2.5896367e-01
 -1.5051057e+00
 -4.0158227e-01
  7.1503919e-01
 -1.1847038e-02
 -3.7726200e-01
  4.0750110e-01
 -5.4245365e-01
 -1.4780186e-01
 -1.4869031e+00
 -2.2974347e-01
  5.0016481e-01
 -7.9394601e-02
 -3.6868656e-01
  1.0463217e+00
  4.8629808e-01
 -3.7522402e-01
 -6.5590978e-02
 -5.3181052e-01
  6.3230717e-01
  2.3279152e+00
 -7.8385311e-01
  6.2783116e-01
  5.6009030e-01
 -1.5365386e-01
 -6.1365539e-01
 -1.5627310e-01
 -1.9359900e-01
 -8.2853699e-01
  1.5432167e-01
  8.4306645e-01
 -2.4337678e-01
  5.5046850e-01
  2.0391434e-01
 -4.5633641e-01
 -1.1485992e-01
  1.0344975e+00
  1.5444788e+00
  1.9549035e+00
 -2.7272353e-01
 -9.4538647e-01
  1.4010628e+00
  9.2371500e-01
 -1.9335967e+00
  1.5921302e+00
 -1.8772454e+00
 -9.7179097e-01
 -6.0345557e-02
  5.2344030e-01
 -3.3454922e-01
 -5.6473368e-01
  1.3605826e+00
 -7.8817749e-01
  1.3647695e+00
  1.1413460e+00
 -6.6931325e-01
 -3.7694487e-01
  1.0930650e-01
  6.4838153e-01
 -1.8411204e-01
 -1.9127138e+00
 -1.5714673e+00
 -9.7262591e-02
  5.2689707e-01
 -2.3156357e-01
 -2.7005897e+00
 -4.9041545e-01
 -9.2528838e-01
  1.8946724e-02
  9.2727727e-01
 -1.4866622e-01
 -2.0743864e+00
  8.7586737e-01
  3.5424894e-01
 -5.9677935e-01
 -1.8678718e+00
  8.5805482e-01
 -3.8028336e+00
  1.0214321e-01
  1.8510728e+00
 -1.7486463e+00
 -2.3716826e+00
  9.8258890e-02
 -1.0890123e+00
  3.2091820e-01
 -7.3806870e-01
  2.7776080e-01
  1.2844491e-01
 -6.8740994e-01
  2.7676520e-01
  1.0357389e+00
 -1.7602460e+00
  1.1535538e+00
  4.3782407e-01
  4.8779851e-01
 -2.3982785e+00
  3.2333913e-01
 -2.4473073e+00
 -1.0864818e+00
  6.1763767e-02
  2.0363138e+00
 -3.3448236e+00
 -5.9638065e-01
  1.1448396e-01
  4.9625516e-01
  1.2841635e+00
 -1.9207196e+00
 -1.6439422e+00
 -7.1866721e-01
  1.6185325e+00
  2.2711232e+00
 -4.9823210e-02
 -1.1389383e+00
 -1.7681295e-01
 -3.4882383e+00
  9.0392160e-01
  4.5825404e-01
 -2.7073154e+00
 -7.3981196e-01
  6.6445255e-01
  1.0531223e+00
  9.8135471e-01
  1.5779716e-01
 -4.9850789e-01
 -3.3124149e-01
  8.4362996e-01
 -1.2753528e+00
 -6.3365746e-01
 -4.7158000e-01
  4.1178724e-01
  8.0401681e-02
  1.6064360e+00
 -3.2003662e-01
  1.0340278e+00
 -1.1800624e+00
 -1.1305265e+00
  1.3305099e+00
  7.8198940e-01
  2.0632305e+00
 -6.8527776e-01
 -1.4991245e+00
 -1.2606943e+00
  9.3319321e-01
 -2.5360391e+00
  1.3471815e-01
  1.1705843e+00
  2.5065854e-01
  1.8863592e-02
 -4.1739881e-02
 -1.2786306e+00
 -7.7077901e-01
 -8.0008221e-01
 -2.6609929e+00
 -2.1101069e+00
 -1.8709291e+00
  1.1090741e+00
  8.7710196e-01
  2.6410028e-01
 -4.8409006e-01
  8.6355919e-01
 -1.6027603e+00
  2.9540779e-02
  2.0116055e-01
 -1.4313766e+00
 -6.1848015e-01
 -1.2969922e-01
  2.8738844e-01
 -1.2014751e+00
 -4.0294371e+00
 -7.2132760e-01
 -2.3217576e+00
 -7.1866560e-01
  2.0937531e+00
 -1.3239950e+00
 -7.1602575e-03
 -3.2523603e+00
 -6.1945140e-02
 -1.7895838e+00
 -1.1470268e+00
  2.3893216e-01
 -8.2534276e-02
 -4.4045553e-02
  2.8831354e-01
  7.7442575e-01
  1.5384264e+00
  2.4513152e-01
 -8.3328593e-01
  1.1189899e+00
 -1.3476001e+00
 -1.8771474e+00
 -1.3905743e+00
 -1.7710576e+00
  3.2294732e-01
  8.3750409e-01
 -1.0738031e+00
  9.4132558e-02
 -3.4854114e-01
  5.0878292e-01
 -6.0525078e-01
 -1.7104400e+00
 -1.0055168e+00
 -5.1660794e-01
 -6.4724821e-01
  3.1185129e+00
 -1.5876929e+00
 -1.1777731e-01
 -3.0275824e+00
  3.4785628e+00
 -7.1644288e-01
  1.4168730e-01
  1.0923014e+00
  1.2864305e-01
 -3.0859861e+00
 -8.4717065e-01
  1.1545466e+00
 -1.3688550e+00
  1.0074464e+00
  9.6193159e-01
  3.1350164e+00
  2.0938301e-01
 -2.0227459e-01
 -7.3312825e-01
 -9.5280015e-01
 -4.4929132e-01
  6.0368139e-01
 -1.3426560e-01
 -8.5526824e-01
 -1.3958858e+00
  2.8265092e-01
  2.4192848e+00
  1.7208610e+00
 -1.2975007e+00
 -2.3560417e+00
  1.4460639e+00
 -2.0806146e+00
  1.9638726e-01
 -1.1160085e-01
 -1.2123014e+00
  2.3084146e-01
 -1.2783078e+00
 -1.2326152e+00
 -7.2204679e-01
  2.7356791e+00
  2.0258830e+00
  4.0126723e-01
 -1.8172920e-01
 -9.6793938e-01
 -4.8409340e-01
  9.4463611e-01
  1.6394717e+00
 -2.5537579e+00
  5.6931895e-01
  7.4941969e-01
 -2.8716150e-01
 -7.4056894e-01
 -2.6771429e+00
 -4.1791221e-01
 -2.1062832e+00
  4.4779757e-01
 -1.6635197e+00
  2.8329654e+00
 -1.5224057e+00
 -3.8359603e-01
  6.8468523e-01
 -6.6256058e-01
  8.2638985e-01
  4.6337683e-02
  3.7024412e-02
  1.0447047e+00
 -3.0138962e+00
 -6.8351078e-01
 -2.0816188e-01
  2.2872840e-01
 -7.6782840e-01
  1.3399447e+00
  9.5761323e-01
 -1.2194809e-01
 -4.0499583e-01
  7.0277251e-02
  4.3450978e-01
 -1.1403086e+00
  5.0868735e-02
  1.3014876e+00
 -6.9581914e-01
  2.5975010e-01
 -1.2871933e-01
 -1.5564245e-01
  2.0902696e+00
 -1.1390022e+00
  1.0720358e+00
  1.0971305e-01
 -8.0833042e-01
 -1.3680142e+00
 -6.2883782e-01
 -7.7834678e-01
 -1.6251831e+00
 -1.8794141e+00
 -1.9611145e+00
  5.3931105e-01
  2.1444578e+00
 -2.4312699e+00
 -3.3126310e-03
  3.8890836e-01
 -1.0841774e+00
 -1.8135930e+00
 -2.4040389e+00
  7.5353444e-01
 -1.8010469e-01
 -6.6301131e-01
 -1.9314826e+00
  2.4410851e-01
 -2.9837629e-01
 -1.7689119e-01
  1.9198155e-02
 -1.1757020e+00
  5.5473834e-02
  1.2689681e-01
  6.2916614e-02
 -1.4657735e+00
  1.8427984e-01
  2.0994742e+00
 -1.9584937e+00
 -2.4835896e+00
  7.6900180e-03
 -4.5412296e-01
  5.9309191e-01
 -1.7349535e+00
 -2.3156788e+00
  2.7461252e-01
  2.5644839e-01
 -1.0004416e-02
 -9.7656924e-01
 -1.0914294e-01
  6.8864495e-02
  1.2837092e+00
 -1.0324510e+00
 -9.4494671e-01
  8.4781665e-01
  8.7175190e-01
 -1.3523195e+00
 -1.1787784e-01
 -7.1077329e-01
 -1.2367300e+00
  3.9568033e-02
 -2.8016454e-01
  2.1269938e-01
 -1.4908458e+00
 -1.2963448e+00
 -5.9816062e-01
 -1.5022765e-01
  1.2325673e+00
 -2.0216906e+00
  3.5314828e-02
  1.8636966e-02
  1.9330849e-01
 -5.0863492e-01
 -5.3920490e-01
 -1.8895690e-01
  2.2391786e-01
  1.4408656e+00
  3.9845347e-01
  1.4873058e+00
  4.6342656e-01
 -1.4887960e+00
 -1.9072983e+00
  2.6363817e-01
  1.0754331e+00
  9.6181101e-01
  1.5742215e+00
 -1.7099090e+00
 -3.7330630e+00
 -1.0026977e+00
 -1.3674057e+00
 -4.0329274e-02
 -3.4564453e-01
  2.2120345e-01
 -7.2769570e-01
 -1.4821926e-01
 -6.8845254e-01
  4.1174993e-01
  1.7273877e+00
  3.3152199e+00
  1.2248925e+00
 -1.2326527e+00
 -4.2161599e-01
  1.0701785e-01
  2.1751991e-02
 -2.2780113e-01
 -7.7388829e-01
  2.2360177e-01
  6.6328949e-01
 -5.1512504e-01
 -1.0923170e+00
  1.4485464e+00
 -5.1936966e-01
  2.0851636e+00
 -1.1559702e+00
  1.7705066e+00
  2.3167808e+00
  1.5521572e+00
 -3.4525189e-01
 -3.6867496e-01
 -2.4079413e+00
  1.4135622e+00
  9.3831271e-01
  6.5514696e-01
  1.0081034e+00
  5.8020079e-01
 -6.5130824e-01
  1.2982722e-01
  8.3266264e-01
  3.4980705e-01
  7.5139189e-01
 -5.0952899e-01
  1.3007168e+00
  1.2961285e+00
 -1.8644537e+00
  1.9971870e+00
  3.4978938e-01
 -2.1310058e+00
 -1.6256826e+00
 -8.7149400e-01
 -4.1063011e-01
 -2.9670553e+00
  3.6036709e-01
  1.1093729e-01
 -2.5173599e-01
 -6.5161020e-01
  3.0464882e-01
  2.1671519e+00
  1.3426464e+00
  5.0666392e-01
  1.3380307e+00
 -4.1426587e-01
 -7.4759811e-01
 -1.5576522e+00
 -8.5026246e-01
  4.9242485e-01
  1.3845586e+00
  4.7179192e-02
  1.9213970e+00
 -2.7530494e+00
 -1.3416470e+00
 -3.5729364e-01
  5.5443889e-01
 -3.1809229e-02
  7.9951888e-01
  1.0578188e+00
  8.4136248e-01
 -1.0915878e-01
  1.1082286e+00
 -5.4145765e-02
  6.5068901e-01
 -6.3560104e-01
  1.0682214e+00
  4.1377130e-01
 -3.6259449e-01
  1.4777627e+00
  1.2560229e+00
 -9.8813021e-01
  5.4745018e-01
 -1.1483750e+00
 -6.2474954e-01
 -2.7331245e+00
 -3.2708008e+00
 -4.6316484e-01
 -6.8620467e-01
  1.0924948e+00
  4.1234022e-01
  8.5666031e-02
 -2.4834776e+00
  2.4131110e+00
 -6.1596847e-01
 -1.6528103e+00
 -1.2829432e+00
 -2.4979912e-01
 -2.5972751e-01
  1.4827492e+00
 -2.1887596e+00
  2.1741701e-02
  1.3504577e+00
 -2.2958884e+00
  4.8645705e-01
 -2.4757159e-01
 -6.3594264e-01
  7.0418298e-01
  1.1360015e+00
 -2.5387236e-01
  1.2821535e+00
 -1.6410489e+00
  4.5234931e-01
 -1.0019199e+00
  1.5886360e+00
  5.8830583e-01
 -1.1336941e+00
 -7.6658964e-02
  1.9550244e+00
 -3.2499403e-01
  2.5169282e+00
  2.9912582e-01
 -4.9768642e-01
 -6.0282089e-02
  2.2468243e+00
 -1.4901495e+00
  8.6698961e-01
  7.7251828e-01
  2.7113252e+00
  5.5759281e-01
  1.1899477e+00
  1.8991140e+00
  6.2636936e-01
 -2.4750111e+00
  3.1141689e+00
  1.2853909e-01
 -3.3033624e-01
 -6.9905943e-01
  2.1374905e-01
 -1.9225253e+00
  2.0429652e+00
  2.8830585e-01
  3.8876146e-01
  2.4723048e+00
  3.6035004e-01
 -3.8025180e-01
  2.7670500e-01
 -5.0287787e-02
  1.8469533e-02
  7.8367513e-01
 -7.8375824e-02
 -4.5419252e-01
 -1.1545316e-01
 -4.9653065e-01
  8.5043567e-01
  1.2486873e+00
 -6.1870337e-01
  8.8642532e-01
 -2.1280036e+00
  1.0773924e-01
  9.2833596e-01
 -7.1747112e-01
  1.7328621e+00
 -1.0863142e-01
  1.5737348e+00
  2.5816074e-01
  1.4560666e+00
 -2.3692273e-01
  1.3806502e+00
  1.0054687e+00
  6.1197305e-01
  9.6743613e-02
  2.8569336e+00
  4.7043031e-01
 -1.3489201e+00
 -1.4386095e-01
  1.0477290e+00
  2.8809924e+00
 -1.7177619e+00
 -4.6690434e-01
 -1.9700035e-01
  7.5112301e-01
 -1.1283617e+00
  5.7161206e-01
  9.6339399e-01
 -8.9312434e-01
  8.7854767e-01
  1.1443170e+00
  3.8476789e-01
 -5.7660145e-01
  1.0669832e+00
 -4.9581587e-01
 -2.1323559e+00
  5.1836532e-01
 -1.4873983e+00
  2.7888846e+00
  3.7777835e-01
  2.3218359e-01
 -1.8386772e+00
  3.9427607e+00
  2.9631901e+00
 -1.8156186e+00
  1.8715765e+00
  1.1061546e+00
 -3.4189612e-02
  7.1112823e-01
 -2.1673918e+00
  7.7985978e-01
 -1.7457047e-01
 -6.6651475e-01
 -1.8426205e+00
  7.8379335e-03
  6.9948179e-01
  8.6343741e-01
  3.6090475e-01
  6.8986839e-01
  6.7055488e-01
 -5.6022954e-01
 -7.7560675e-01
 -4.4220477e-01
 -5.2813047e-01
  8.9525026e-01
 -1.0448630e+00
  2.6226771e-01
 -9.5979549e-02
 -1.0125044e-01
  3.1841314e+00
 -1.1823051e+00
 -2.6727837e-01
  1.3305875e+00
  5.3284681e-01
 -9.7150517e-01
  1.7572130e+00
 -1.9941446e-01
 -2.0780280e+00
  5.9966159e-01
  6.9262725e-01
  1.8186729e-01
  5.7371420e-01
  1.6493507e-01
  1.2678102e+00
 -5.8342856e-01
 -2.7469373e+00
  7.1365005e-01
 -6.1792910e-01
  6.4017797e-01
  1.2092421e-01
 -1.1900725e+00
 -1.5917237e+00
  1.2256525e+00
  2.4359977e+00
  6.0032302e-01
  2.7129251e-01
 -1.4033697e+00
 -9.3632020e-02
 -5.8932877e-01
 -6.8185836e-01
  2.5061059e+00
 -7.5078499e-01
 -4.9109736e-01
 -4.1419360e-01
  5.3497005e-01
 -6.2414092e-01
  3.8768670e-01
  2.3653944e+00
 -7.0144826e-01
  2.1878645e+00
  4.1647023e-01
  4.5495608e-01
  6.6148788e-01
 -2.2600012e+00
 -3.3972640e+00
  5.9258085e-01
  8.6647922e-01
  3.9992183e-01
 -1.2108920e+00
  1.2392023e+00
  4.0228087e-01
 -6.8038994e-01
  1.9960526e+00
 -3.2847533e-01
 -8.5144669e-02
  3.2510862e-01
  9.6273541e-01
  5.5617708e-01
 -5.6913841e-01
  7.0657164e-01
 -7.5436693e-01
  4.9749044e-01
 -5.9957534e-01
  1.0194779e-01
  8.7080024e-02
  3.0054265e-01
  2.4406071e+00
  6.8742007e-02
  3.7058669e-01
 -1.3504205e+00
  1.0509565e+00
  4.8520693e-01
 -3.0892783e-01
 -3.7309676e-01
 -7.4616575e-01
  1.0432056e+00
  1.4018238e+00
 -3.9101776e-01
  7.7539253e-01
 -1.0850626e+00
 -2.5741884e-01
  1.2270766e-01
 -4.2607237e-02
  1.4322589e-01
 -7.5597924e-01
  1.9350895e+00
 -9.3056983e-01
 -3.4574425e-01
  7.5790322e-01
  1.5587780e-01
 -8.7449777e-01
 -3.1956801e+00
  4.8659198e-02
  2.5704131e-01
  8.2478875e-01
 -1.3173121e+00
 -3.1414412e-02
 -2.3470837e-01
  4.6484780e-01
 -4.3831775e-01
  9.5466095e-01
 -9.1999376e-01
  4.3480870e-01
  2.0281096e-01
  6.1574274e-01
  2.2063029e+00
  4.2608018e+00
  1.1236280e+00
  6.9699305e-01
  1.6466100e+00
  2.9558393e-01
  1.2364475e+00
 -2.8111821e-01
  1.9057448e-01
  1.1116545e+00
  3.1271648e+00
  2.9923734e-01
 -1.9101888e-01
  9.8851514e-01
  2.2967632e+00
 -1.0078682e+00
 -1.6473300e+00
 -1.4674599e-01
  1.0689249e+00
  1.1679063e+00
 -2.5090697e-01
 -1.1385098e+00
 -1.4893266e+00
 -5.2722555e-01
 -1.4813010e-01
 -4.6396726e-01
 -5.2398103e-01
  3.1771111e+00
 -1.7402997e+00
  5.9389655e-02
  1.0155438e+00
  5.4316998e-02
  2.4040492e+00
  4.1146584e+00
 -1.5970130e+00
 -1.0591483e-01
  7.9122013e-01
  4.0173680e-01
 -9.6276909e-01
  9.7259843e-01
 -1.5226827e+00
  1.7930794e+00
  5.4472071e-01
 -1.6752127e+00
 -3.4066209e-01
  1.5084131e+00
  7.0611382e-01
 -5.8644551e-01
 -1.1766962e+00
 -3.8952589e-01
 -8.0354601e-01
 -7.2940528e-01
 -3.5874202e+00
  1.3687937e-01
  5.3663474e-02
 -5.7538354e-01
 -6.9295794e-02
  2.9091241e+00
  1.5033290e-01
  1.4436914e+00
  2.0597122e+00
  2.2332698e-01
 -1.1682776e+00
  1.3099519e+00
  6.2380362e-01
 -6.7962539e-01
 -5.3068846e-01
 -1.8302999e+00
 -4.1661772e-01
  5.7166350e-01
 -2.7061672e+00
  1.1200186e+00
  1.4380664e+00
 -4.1652855e-01
  1.3656367e-01
 -4.0667978e-01
  1.3594469e+00
 -5.5362087e-01
 -3.8037322e+00
 -1.1964005e+00
  1.4081868e+00
  1.1761119e-01
 -9.4007075e-01
  4.0721795e-01
 -2.5303984e+00
  9.7991562e-01
 -2.1990595e+00
 -1.5231690e+00
  6.5135098e-01
 -3.2148280e+00
  4.8167047e-01
  1.0365512e+00
  7.1507484e-01
 -2.0860095e-01
 -5.6774300e-01
  3.5880056e-01
  2.1199279e+00
  8.3876304e-02
  1.5973454e+00
 -4.7702319e-03
 -8.9145625e-01
 -3.2877600e+00
  2.8898177e+00
 -2.9070276e-01
  3.4856158e-01
 -2.4526361e-01
  1.3962880e+00
 -1.2678950e-01
 -1.9625453e+00
 -1.4650261e+00
 -1.0074328e+00
  7.1149386e-02
 -5.4545712e-01
 -2.3556823e-01
 -1.6278880e+00
 -8.0996329e-01
 -2.7030003e-01
  8.6472362e-01
 -9.6537149e-01
  3.9393052e-02
  1.4764546e+00
 -8.1745952e-01
 -1.8223227e+00
  1.0628574e+00
  1.1220186e+00
  9.1567785e-01
 -1.3569071e+00
  3.0623991e+00
  9.4663817e-01
  8.7897575e-01
  3.9801195e-01
  1.0258417e+00
 -8.8907993e-01
 -4.2072576e-02
 -9.0159440e-01
  2.3248376e-01
 -1.0621641e+00
 -5.1822424e-01
  4.6205750e-01
  1.3409454e-01
  1.1397226e-01
 -1.3636392e-02
 -1.0760959e+00
  5.6963999e-02
  1.2871118e-01
 -1.8225005e-01
 -3.4646821e+00
 -2.8558227e-01
 -2.8824762e-01
 -2.5655076e-01
 -2.7644196e-01
  1.7565858e+00
  9.6430105e-01
  1.6363213e+00
 -1.0502822e+00
 -4.1779938e+00
 -3.3842592e+00
  2.4713267e-01
 -2.6302447e+00
 -4.4922162e-02
  1.4877623e-01
 -9.6363038e-02
  1.9786478e+00
 -3.4156972e-01
 -3.1228200e-01
 -6.6929024e-01
  9.3521118e-01
 -4.1307384e-01
  1.4168042e+00
 -1.5553737e-01
  6.1677837e-01
 -5.6135446e-01
  3.3328134e-01
  4.8596591e-02
 -2.6151931e+00
  1.5535145e-01
  9.8450589e-01
  5.1436079e-01
  4.9134827e-01
  6.5436220e-01
  4.1797467e-02
 -3.7727818e-01
 -2.9696962e-01
 -1.2994246e+00
  1.5745296e-01
 -4.3480062e-01
 -1.1298300e+00
 -8.7720126e-01
  4.2496842e-01
  1.2100539e-01
  3.0554163e-01
 -3.6298692e-02
 -2.8709579e+00
 -5.1337892e-01
 -5.1126939e-01
  5.3939652e-01
  1.2476743e+00
  1.6619603e-01
 -9.8730791e-01
  1.1209788e+00
  1.7237407e+00
 -1.4647436e+00
 -7.1724474e-02
 -1.9253751e+00
  2.6006351e+00
  7.8197800e-02
  6.8351430e-01
 -2.2062925e-01
 -1.3798505e+00
  1.3191693e-01
 -1.6534975e-01
 -9.4904989e-01
 -1.2553008e+00
 -1.3220048e+00
 -1.3099655e+00
 -9.9539077e-01
 -2.6264507e-02
  7.5179243e-01
  9.6419770e-01
 -1.5212495e+00
  1.8827984e-01
 -5.4089797e-01
  3.9861196e-01
 -3.2643235e+00
  3.7317789e-01
 -1.0459251e+00
  1.5310783e+00
  2.5714288e+00
  1.3847532e+00
 -2.2887216e+00
  9.5242697e-01
 -4.8706645e-01
  3.7068021e-01
 -1.3850259e+00
  2.1104460e+00
  1.9696622e+00
 -8.5136777e-01
  5.9689295e-01
  2.1545763e+00
  9.6205801e-01
  1.1660489e+00
  9.1106921e-01
 -1.3170303e+00
  6.5158069e-01
  9.6160734e-01
 -3.8983238e-01
  3.9152231e-02
  7.4332088e-01
  8.7959367e-01
  6.3797168e-02
 -1.7145178e+00
  3.8244140e-01
  4.1500896e-01
 -9.9571504e-02
  1.3017374e+00
  5.7711506e-01
  2.1669555e+00
 -7.1740538e-01
  2.1063304e+00
  1.9286917e+00
  1.2163475e-01
 -5.7824588e-01
 -2.3310167e-01
  2.2132009e-01
 -2.0875642e+00
  7.0663011e-01
  3.4607947e-01
 -5.7825077e-01
  4.8619944e-01
  8.8401955e-01
  5.5080223e-01
  2.6847465e+00
 -3.7594132e+00
  2.8661379e-01
 -1.0138348e+00
  2.5509288e+00
 -1.5515894e+00
  3.3785787e+00
  1.2742389e+00
  1.6305125e+00
  2.4770522e+00
 -2.9704792e+00
  2.0422981e+00
 -1.8218613e-01
  1.2080510e+00
  9.7542846e-01
 -1.5558738e+00
 -4.5817044e-01
  1.1351362e-01
 -1.0708123e+00
  1.3259605e-02
 -3.1333759e-01
 -1.0953320e+00
 -8.9581293e-01
 -4.9564782e-01
 -1.9892707e+00
  1.1016977e+00
 -8.6672574e-02
 -2.8431005e+00
 -3.0376673e-01
 -9.7952127e-01
 -4.4898733e-01
 -1.0265613e+00
 -1.0308647e+00
  8.5200071e-01
  1.4012061e-01
  9.5575446e-01
  3.2256801e+00
  1.2594310e+00
  1.1157959e-01
 -1.5549667e-01
  8.9340556e-01
  5.3766433e-02
  1.4204895e+00
 -1.4997544e+00
 -1.8894140e+00
 -1.8180172e+00
 -6.0581458e-01
 -8.1738347e-01
  1.3329294e+00
 -1.6871201e+00
  1.0349354e+00
 -3.2242868e+00
  2.0257301e+00
 -4.9673977e-01
 -3.8967031e-01
  7.4882340e-01
  8.7595654e-01
  1.1144918e-02
 -6.1059389e-02
  1.3707390e+00
  1.7000680e+00
 -1.2177078e+00
 -1.5711968e+00
 -1.7554703e+00
 -5.4716533e-01
 -8.5322726e-01
 -1.1626868e+00
 -1.1783746e+00
  2.8576484e-01
  6.7648309e-01
  2.2806552e-01
 -8.1239171e-02
  6.7088330e-01
  1.5318366e+00
 -9.5209867e-01
  1.0508139e+00
 -2.2036062e-01
 -1.0384263e+00
 -1.9310343e+00
  1.6912616e+00
  2.1734772e+00
 -2.2422466e+00
 -1.5553221e-02
 -1.2346649e+00
  2.9857678e+00
  9.1134125e-01
  1.0556045e+00
  1.5764505e-01
  5.1072371e-01
 -1.1022900e+00
  1.8635120e+00
  5.2002877e-01
  1.4004790e+00
 -7.7305061e-01
  7.5315021e-02
 -2.3420200e+00
 -3.7077701e-01
 -2.2470488e-01
  1.4693419e+00
 -2.6493709e+00
 -1.8190025e-01
 -5.9336603e-01
 -1.7326900e+00
 -1.3133945e+00
  7.0039409e-01
  1.6779912e+00
  1.5042427e-01
 -2.4321206e+00
 -1.2248272e-01
  8.4090531e-01
  1.6144066e+00
  2.1252466e-02
 -1.7868368e-02
 -1.9388276e+00
 -3.2707143e-01
  8.6895987e-02
  1.0188961e+00
  1.2068084e+00
  1.0669262e+00
  1.0102512e+00
  1.5444580e+00
 -8.3927739e-01
  2.9883948e-01
  3.5768235e-01
  3.2478184e-01
 -4.3198836e-01
 -8.5872972e-01
  2.6574299e-01
 -9.4309741e-01
 -8.7732297e-01
 -1.7055101e+00
 -1.3317095e+00
 -5.2686352e-01
 -5.2295762e-01
  1.5464034e+00
 -4.5936614e-01
  3.4681037e-01
 -6.0632879e-01
  2.8193137e-01
  1.8980843e+00
  1.5922983e+00
 -2.6357850e-01
  1.2400256e+00
  2.0986285e+00
  9.0013027e-01
  2.1541886e+00
 -6.3725752e-01
  1.4179840e+00
  1.9725388e+00
 -9.8030835e-01
 -7.4096692e-01
  7.9908520e-01
  1.2669195e-01
  1.2403994e+00
  1.3163698e+00
 -2.7593384e+00
  5.6083125e-01
 -4.6421391e-01
  4.2436844e-01
 -3.9021352e-01
  1.7976016e+00
  1.4833639e+00
  4.9611937e-02
 -2.1570982e-01
 -2.3536036e+00
 -2.7314205e+00
  4.7572699e-01
 -6.8509007e-01
  3.0920744e-01
  3.0294926e+00
  2.3578990e+00
 -2.8525912e-03
  1.9231637e+00
 -2.0406716e+00
  2.1577055e+00
 -3.2832468e-01
 -4.9705721e-02
  1.4752481e+00
 -1.7683227e+00
 -1.3638270e+00
 -4.1517770e-01
  2.1134143e+00
 -4.5673624e-01
  1.3368547e+00
  2.7283412e-01
 -2.0937421e+00
  1.8488050e+00
  6.7046988e-01
  1.4336288e-01
 -3.5188761e-01
  3.5590559e-01
 -1.8567483e+00
  4.1892332e-01
 -2.3887584e-02
  6.8113893e-01
 -1.6740617e+00
 -1.3845526e+00
 -3.1533916e+00
 -9.6371925e-01
  1.0092975e+00
 -3.2596099e-01
 -4.9635649e-01
  1.6119064e+00
  2.3346086e+00
  1.2634070e-01
  1.4069840e-01
  1.0759742e+00
  1.2103360e-01
 -1.3484751e+00
 -5.4190315e-02
 -1.4144360e+00
  1.7403079e+00
  5.0043923e-01
  2.7445516e-01
  7.4908096e-01
  3.3777740e+00
  1.9631928e+00
 -9.6195817e-01
  7.9069686e-01
 -8.4465939e-01
 -2.1235563e-01
 -5.0225919e-01
 -8.8577425e-01
  1.3813850e+00
  1.2320331e-01
  8.7679011e-01
  6.0018051e-01
  7.5481814e-01
 -9.4500798e-01
  1.2909896e+00
 -1.4281657e+00
 -8.8958132e-01
  1.0290582e+00
 -9.3114841e-01
  1.1882079e+00
  2.6182504e+00
  1.2564125e+00
  1.4569937e+00
  4.0067968e+00
 -4.4680420e-01
  9.0137285e-01
 -5.9087813e-02
  9.1781211e-01
  2.0980541e-01
 -1.8162091e-01
 -1.1219612e+00
  2.5131625e-01
  3.0823922e+00
  7.5197303e-01
 -6.8344600e-02
 -3.9603140e-02
 -4.5826367e-01
  3.2211978e+00
 -2.5503314e+00
 -8.3847213e-01
 -1.6178401e+00
 -3.9819986e-01
 -2.4506287e-01
  8.2521343e-01
  6.2072057e-01
 -5.0956237e-01
 -1.4698441e+00
 -5.1772857e-01
 -1.4346709e+00
  1.8658630e+00
  2.1066310e+00
  3.3142674e-01
 -1.5059005e-01
  5.5171937e-01
 -4.3429077e-01
 -8.8256709e-02
  7.4733496e-01
  1.6905220e-01
  1.6111016e+00
  1.2240106e+00
  3.3771884e+00
  8.4070653e-01
 -2.0682113e+00
 -2.8330474e+00
  4.3562765e+00
 -2.2054441e-01
 -1.5888150e+00
 -3.0854447e+00
 -3.1526737e-02
 -2.2899787e+00
 -1.4280583e+00
  2.5039182e+00
 -4.5356685e-01
 -7.4251252e-01
  1.6443576e+00
 -2.1528730e+00
  7.6715156e-02
 -1.2750720e+00
 -6.4775044e-01
 -8.3055228e-01
 -9.8765838e-01
 -1.3316126e+00
  6.5348113e-01
  1.8578953e+00
  4.1958496e-01
 -9.4596818e-02
  2.5723050e+00
  4.0531981e-01
  3.8482505e-01
  1.3454573e+00
 -2.4147305e+00
  3.7703898e+00
 -1.7493299e+00
  1.3466536e+00
 -9.9817383e-01
  9.0336680e-01
  1.8688825e+00
  2.9649493e-01
 -7.3111838e-01
 -9.8359942e-01
  2.5566585e+00
  8.0321264e-01
 -1.2987425e+00
  6.0230382e-02
  1.5604889e+00
 -2.0159204e-01
 -4.2636183e-01
 -4.5738599e-01
  1.0184866e+00
  1.7821842e+00
 -5.7718146e-01
 -2.7583340e-01
 -5.6673527e-01
  3.8904271e-01
 -1.2931148e+00
 -5.5187666e-01
  1.4954606e-01
 -8.0002263e-02
  6.9821572e-01
  5.5598730e-01
  1.2187651e+00
 -1.7177092e+00
  4.0802518e-01
  2.0155942e+00
 -1.3646183e+00
 -5.5908734e-01
  2.0565617e+00
  7.5791824e-01
 -6.6044670e-01
  1.5185694e+00
 -2.1847913e+00
  2.1376147e+00
  2.1152776e-01
 -2.6384578e-03
 -5.0713646e-01
  1.7728554e+00
 -1.7513423e+00
  6.0364716e-02
  4.3255731e-02
 -3.0420339e-01
  1.9058751e+00
  9.6739870e-01
  1.7652477e-01
 -1.6328224e+00
 -7.9504929e-02
 -9.2509687e-02
 -3.2116947e+00
 -1.1724867e+00
 -2.5663850e+00
 -3.6065858e-02
  1.7739934e+00
 -9.8282760e-01
  1.4251268e+00
 -9.2757434e-01
 -3.0295023e-01
 -1.7047618e-01
  1.8179693e+00
  6.4923859e-01
 -5.8536601e-01
  2.2553001e-01
  9.8030484e-01
  4.6138036e-01
  1.9212034e+00
  1.3510544e+00
  3.6155504e-01
 -1.5689101e+00
  6.3415080e-01
  1.2717842e+00
 -5.2253962e-01
  3.8649389e-01
 -8.1206471e-01
  5.7781267e-01
  6.1673778e-01
  2.3027589e+00
  2.1165831e+00
  2.5829741e-01
  5.5331135e-01
 -1.6520819e-01
 -5.6586361e-01
 -2.8384909e-01
  1.0768175e+00
  5.2806515e-01
 -1.2570769e+00
  1.4528387e+00
  1.8312819e+00
  4.9050987e-01
  1.2761858e+00
 -2.2596490e-01
  2.0396152e+00
 -5.6460935e-01
  1.3118528e+00
 -1.4404576e-01
 -3.5935962e+00
  3.6277115e+00
  1.3521826e+00
  9.5777732e-01
  4.5940459e-01
  2.9754419e+00
  1.2881554e+00
 -1.3519076e+00
  1.4610975e+00
  2.5304765e-01
  1.2583886e+00
  4.8159754e-01
 -9.6591437e-01
  5.5542201e-01
  9.0731841e-01
 -6.0266715e-01
 -1.2070050e+00
  1.6699358e+00
  4.0136829e-01
 -1.8844888e+00
  1.9128698e-01
  1.0579284e+00
 -1.0622697e+00
  1.1512853e+00
  9.3574665e-02
 -1.6274551e+00
  8.3661713e-02
  8.2594469e-02
 -7.4279130e-01
  1.2430199e+00
 -1.5239835e-01
 -1.1202806e+00
 -6.6209364e-01
  4.0607041e-01
  2.3758566e+00
  1.0019714e+00
  7.9514968e-01
  9.8962301e-01
  7.6888573e-01
  3.0168658e-01
  2.2815502e+00
 -3.5552016e-01
 -2.3381095e+00
  1.9480641e-01
 -1.1687226e-01
  5.7395339e-01
 -3.5154051e-01
  1.1897284e+00
 -9.6884376e-01
  1.2338072e+00
 -1.1745203e+00
 -1.4478106e+00
  4.8935065e-01
 -1.2540437e+00
  1.8073492e-01
 -3.3298334e-01
  9.8555350e-01
  2.1697476e+00
 -1.9356458e+00
  1.5625525e+00
 -1.3105288e+00
 -1.1137316e+00
  1.4673480e+00
 -6.9827616e-01
  7.4976735e-02
  1.4547533e+00
  3.7316577e+00
  1.0316172e+00
  1.0592084e-01
 -1.5401132e+00
  1.7360126e+00
  1.0892297e+00
  5.5235827e-01
 -3.3593225e+00
  2.0115557e-01
 -1.5864599e+00
  9.4190049e-01
 -5.0571454e-01
 -7.3297775e-01
 -3.3799043e-01
  9.9532437e-01
 -2.3114233e+00
 -1.0690190e+00
 -6.4662319e-01
 -1.0346527e+00
  2.7302599e-02
 -5.5630225e-01
 -1.5329268e+00
 -3.3645010e-01
 -3.7030947e-01
  6.2448478e-01
  7.3945254e-02
 -4.3849215e-01
 -1.8142815e+00
 -1.0164070e+00
  2.0132205e+00
  9.4994210e-02
 -5.3792113e-01
  1.3856800e+00
  4.4608703e-01
  2.1132112e-01
 -2.7172929e-02
  1.0426911e+00
 -4.4603506e-01
 -2.7605200e-01
 -8.4505343e-01
 -8.4481555e-01
 -3.2029805e-01
 -1.6570054e+00
 -1.2942911e+00
 -6.3540930e-01
 -1.6524270e+00
 -1.1787513e+00
 -1.7958992e+00
 -2.2826752e-01
 -4.8253560e-01
  2.5006666e+00
  2.6952267e-01
 -5.3539693e-01
 -7.2110081e-01
  8.5982150e-01
 -8.9395666e-01
 -1.2983104e+00
 -9.9139743e-02
 -4.5633864e-01
 -3.3855018e-01
  5.6041813e-01
  1.0289723e-03
  1.6628054e+00
 -3.5548237e-01
 -1.1073148e+00
  8.3409441e-01
  2.2146180e-02
 -6.1813498e-01
 -3.2088432e-01
 -1.7270681e+00
 -8.6148328e-01
 -1.7347871e-01
  1.4482256e+00
 -1.7676804e+00
  2.3607149e+00
 -1.0134410e+00
 -1.7453237e-01
 -2.2138512e+00
  5.3254849e-01
 -5.5394310e-01
  8.3779097e-01
  8.3328640e-01
  1.5603222e-01
  1.5609779e+00
  6.0308719e-01
  1.0771292e+00
  2.9851565e+00
  8.8317996e-01
  1.5908992e+00
 -5.3461319e-01
  1.9836934e+00
  1.0038408e+00
 -2.0591879e+00
  7.0963562e-01
  1.0915207e-01
  3.1277823e+00
 -2.4229174e+00
  2.3000844e+00
  3.6423471e+00
 -1.0567281e+00
  1.0880027e-01
  9.8100469e-02
 -1.0276310e+00
  8.4956533e-01
  8.3485760e-02
  1.6552109e+00
  9.7837788e-01
  3.6449635e-01
  1.5314915e+00
 -6.0275771e-02
  1.4866009e+00
  8.8598835e-01
  4.4322559e-01
  5.2383864e-01
  2.4766169e-01
 -9.4555938e-01
  2.4046448e-01
 -8.8990927e-01
 -1.4932890e+00
  1.0751001e+00
  9.2962492e-01
  3.2691057e+00
 -5.7687432e-02
 -4.2396915e-01
 -9.8504329e-01
 -1.0712785e+00
  2.0409098e-01
 -3.8468736e-01
  1.3377282e-01
  1.6320428e+00
 -1.1234456e+00
 -7.2530508e-01
  1.8961939e-01
  9.7352110e-02
  5.0643977e-02
 -1.5852411e+00
  1.1886996e+00
 -5.7803160e-01
  3.2267889e-01
 -1.6867915e+00
 -1.3606687e-01
  1.2322012e+00
  1.9717370e+00
  2.0298268e-01
 -1.3632463e+00
  1.1375756e+00
 -1.4942047e-01
  1.7090282e+00
 -3.3625137e-02
  1.5581021e+00
  1.2793901e+00
 -1.4111429e+00
 -2.2903687e-01
  2.4119420e+00
 -7.1477067e-01
 -8.2307869e-01
  1.2322100e+00
 -1.3073712e-02
 -2.9117793e-01
 -2.7474499e-01
  2.8030441e+00
 -2.8023703e+00
 -2.0489882e-01
 -1.8973745e+00
 -9.7974122e-01
 -9.6628034e-01
  4.2296085e-01
 -1.0813729e+00
  4.5465320e-02
  2.4117990e+00
 -1.4999449e+00
 -6.6902745e-01
  4.2889204e-02
 -8.6236733e-01
  1.3751887e+00
 -2.9023259e+00
  9.4189882e-01
 -3.7786806e-01
 -6.0934538e-01
 -7.1140718e-01
  3.1302812e+00
  1.6034700e+00
 -3.8450751e-01
  1.2743193e+00
  1.4508117e-02
 -1.9092766e+00
  1.2722957e+00
 -5.7373428e-01
  1.8652625e+00
  1.2076045e+00
 -2.7729917e-01
  2.2164960e-01
  1.4400896e+00
 -6.7507870e-02
 -9.7503060e-01
  6.0566950e-01
  1.3887966e-01
 -3.6135983e+00
  3.1942195e-01
 -3.0418345e-01
  1.9347949e+00
 -8.6582273e-01
 -2.0340428e+00
 -1.3938773e+00
  5.8079690e-01
 -4.4980568e-01
 -1.3002995e+00
  9.8655671e-01
 -2.8907266e-01
 -1.4337279e+00
  1.8336824e+00
 -3.8797426e-01
 -1.4464489e-01
 -8.8612360e-01
 -1.5644833e-01
 -7.6717067e-01
  1.7803377e+00
  1.0596993e+00
 -6.5061283e-01
 -1.4954863e+00
  4.5517030e+00
  2.1042643e+00
 -1.9261031e+00
  1.2767709e+00
 -7.3421592e-01
  1.0587189e+00
  1.5418034e+00
  1.8975201e-01
 -2.3731636e-01
 -1.2947997e-01
 -2.2021869e-01
 -4.8555126e+00
 -4.7289178e-01
 -3.1403425e-01
 -8.1852645e-02
 -1.3428111e-01
  4.8188514e-01
 -4.2977029e-01
  5.2430123e-01
  1.4553018e+00
  2.6057017e+00
 -3.4565404e-01
  1.1299998e+00
 -2.1230202e+00
  1.2900611e+00
  9.1801919e-03
 -2.2512927e+00
  6.2253237e-01
 -8.6858082e-01
 -8.4364676e-01
  9.1492945e-01
 -7.7885205e-01
  1.3315790e+00
 -1.3468714e+00
  1.9122471e+00
  1.1766608e-01
 -9.2880899e-01
 -4.7443426e-01
  1.8539398e+00
 -2.8711617e-01
 -1.1738760e+00
  1.1853291e+00
 -1.3948636e+00
  7.3305148e-01
  6.4523202e-01
 -1.4381107e+00
 -6.6573107e-01
 -3.6704758e-01
  4.4262284e-01
  4.6711475e-01
  7.4618512e-01
 -1.7665423e+00
  1.1869487e+00
  5.3144926e-01
 -2.6437356e+00
  2.2621970e+00
 -1.6866571e+00
 -8.3878469e-01
  4.1665500e-01
  4.8980734e-01
  7.5813192e-01
  1.7670616e+00
  5.4580373e-01
  1.0291343e+00
  1.3482068e+00
 -1.0414505e+00
  3.6195952e-01
  8.8061142e-01
 -2.7208515e-02
 -1.1384182e-01
  6.0697204e-01
 -4.4704586e-01
  2.1930211e+00
 -1.0625118e+00
 -4.1483542e-01
 -3.1350794e-01
 -2.6777554e-01
 -3.8309652e-01
  1.9916346e+00
 -9.8998505e-01
 -1.8769802e-01
 -6.8176651e-01
  9.8582305e-02
  3.5216761e-01
  1.4522303e+00
 -7.3871195e-01
 -1.5364771e-01
 -1.0799649e+00
  8.0877906e-01
  1.5462198e+00
  5.7096010e-01
 -2.8995676e+00
  1.6974020e+00
  3.7751502e-01
  1.7142097e+00
  2.7636917e+00
  3.5946721e-01
 -1.2181637e+00
  2.3835557e+00
  2.2185121e+00
 -1.3897355e-01
  9.3612909e-01
  2.5076002e-01
 -2.7711779e-01
  3.5705283e-01
  1.2734891e+00
 -6.4737207e-01
  7.9608268e-01
 -1.9030188e+00
  1.2268486e-01
  2.0275366e-01
 -7.4829084e-01
  3.2866871e-01
  1.4788339e+00
 -3.8388899e-01
  1.6657321e+00
  9.1433924e-01
  3.9034408e-01
 -8.2736695e-01
 -3.8161552e-01
 -7.6585400e-01
  2.2856266e+00
 -2.2117217e+00
 -7.8885251e-01
 -6.7411870e-01
  1.8697758e+00
  1.1838400e+00
 -1.6331578e-02
  7.5972921e-01
  1.3209593e+00
  2.5816085e+00
  1.1828372e+00
 -3.4584022e-01
  2.0696071e-01
 -3.0050056e+00
 -3.3006251e-02
  1.3538753e+00
 -1.5448614e+00
  9.2110384e-01
 -6.8790853e-01
 -3.6233330e-01
 -7.0753968e-01
 -7.0624804e-01
  1.5059631e+00
  4.5581576e-01
  6.7010814e-01
 -6.3739371e-01
 -6.8804461e-01
 -5.0157940e-01
  7.0301497e-01
  1.7263790e+00
 -1.1134665e+00
 -2.1469831e+00
 -6.2546015e-01
 -4.6200699e-01
 -6.8745071e-01
  7.0726538e-01
  2.4629815e+00
  3.4041032e-01
 -3.9928961e-01
  2.5338848e+00
  2.9015362e+00
 -1.3955399e+00
 -7.9800445e-01
 -1.2623142e-01
 -4.5850635e-01
 -2.8754470e+00
  9.3290436e-01
 -4.3543857e-01
 -2.7747849e-01
 -2.3185561e+00
  1.1430684e+00
  7.7829927e-01
  1.1333318e+00
 -6.8634115e-02
  9.3300492e-01
  4.5829025e-01
 -1.2258542e+00
  8.8959120e-02
  1.2029600e+00
  1.3773743e+00
  8.3095676e-01
  8.8266812e-02
 -2.6642494e+00
  2.3378148e+00
  1.7297542e+00
 -5.7754099e-01
 -1.1551588e+00
  2.0369570e+00
  7.5929725e-01
  1.6286585e+00
  1.3203665e+00
  6.3093293e-01
 -8.8420957e-01
  2.0138690e+00
  9.9561018e-01
  2.9849386e-02
  1.0683488e+00
 -7.3084998e-01
  6.8985003e-01
 -9.4166994e-01
 -3.3049783e-01
 -1.0071845e+00
 -1.0481411e+00
 -5.8354062e-01
 -9.4734579e-01
  1.5381991e+00
 -1.2663527e-01
  1.4373384e+00
  3.4148636e+00
  1.0953497e+00
  4.5736000e-01
  1.0724914e-01
 -1.9101896e+00
  8.9262247e-01
 -2.0215430e+00
 -9.2873245e-01
  1.0205668e+00
 -2.3046565e-01
 -4.6096161e-01
  5.2322519e-01
 -6.4658546e-01
 -8.5605517e-02
  4.7790129e-02
 -3.3881503e-01
  1.4261862e+00
  4.6458027e-01
  4.7578210e-01
  1.6145689e+00
  5.8556181e-01
 -3.1282761e+00
 -1.4433253e+00
  1.0130677e+00
  1.5764382e+00
 -6.1312521e-01
  2.0987294e+00
  8.6323410e-01
 -1.0094503e+00
  2.6739922e-01
  4.1180271e-01
 -6.3751656e-01
  3.4897164e-01
 -1.0919674e-01
  2.2326168e-01
  2.6271093e+00
  6.6353530e-01
  5.5768675e-01
  7.1578562e-02
 -8.1999803e-01
 -2.1639495e+00
  9.6941417e-01
  8.8492984e-01
 -8.3999634e-01
 -1.3314081e+00
 -1.0069381e+00
 -9.5534422e-02
  4.7175059e-01
 -7.2545016e-01
 -7.9983050e-01
  1.8115268e+00
 -2.2747138e+00
 -1.3613845e+00
  2.0103941e+00
 -1.2357419e+00
 -5.1486373e-01
  7.1785551e-01
  7.2301024e-01
  1.0469111e+00
  1.8439709e+00
  1.4008756e-01
 -1.0540717e+00
  1.4719967e+00
 -8.8066339e-01
 -7.2840816e-01
  1.3483493e-02
  5.1593947e-01
 -4.3146208e-01
 -1.6285644e-01
 -2.5542262e-01
  5.7141878e-02
 -8.4708732e-01
 -8.5114950e-01
 -5.0881618e-01
  1.4847101e+00
  1.1385992e+00
  1.4229845e+00
 -1.9942538e+00
 -8.8494331e-01
  8.3903831e-01
 -2.7151828e+00
  3.1190827e-01
 -1.6638266e+00
 -1.5312566e+00
  8.1272215e-01
 -3.0650804e+00
  2.4486430e+00
 -6.7478257e-01
 -3.3340161e+00
  2.1213007e-01
  1.2820706e+00
  2.5034685e+00
 -6.2562126e-01
 -1.2558042e+00
  7.9317588e-01
 -1.3961543e+00
 -1.8046549e-02
 -3.3986911e-01
 -6.6645187e-01
  1.4601493e-01
  8.1020820e-01
 -2.8708133e-01
  1.1176157e+00
  1.1839342e+00
 -1.8575439e+00
 -6.2034601e-01
  6.1595550e+00
 -6.5259886e-01
  3.9161108e+00
 -2.7711616e+00
  2.1340451e+00
  1.5001119e+00
  1.7857638e-01
  7.9694211e-01
  9.7527623e-01
  9.1370350e-01
 -7.7103359e-01
 -1.3478233e+00
 -1.2439601e+00
  1.6638089e+00
  2.6953700e+00
 -1.7219144e-01
  9.8532611e-01
  5.5703491e-01
  2.3228419e+00
  4.8156512e-01
  1.7235152e+00
 -1.7641050e-01
  1.3142666e+00
  1.5221569e-01
 -1.1204352e+00
  2.3506982e+00
  1.9791425e+00
  7.2290653e-01
  1.1059787e+00
  5.3510445e-01
 -4.5896652e-01
  9.6366400e-01
 -4.8169619e-01
  8.3441573e-01
  1.2475893e+00
  2.0336907e+00
  1.3872889e-01
  2.4265550e-01
  2.9776523e-01
 -4.3051022e-01
 -8.5349821e-02
 -7.1165782e-01
 -1.3514346e-01
 -1.3417324e+00
  9.8554939e-01
 -5.7672960e-01
  9.4922042e-01
 -1.2126626e-01
  1.7658050e+00
  3.9676383e-01
 -9.1502649e-01
 -1.2666309e-01
 -1.0065229e+00
 -2.0107095e-01
 -2.0557592e+00
 -6.5983015e-01
 -1.5866041e+00
 -1.0959635e+00
 -5.9972709e-01
 -1.3567529e+00
 -3.8984973e-02
  1.3565155e+00
  5.6819308e-01
 -7.9233205e-01
 -6.0813010e-01
 -1.0013986e+00
 -3.1575561e-01
 -8.7271482e-01
  1.4680924e+00
  1.4679974e+00
  9.0800041e-01
  4.9754229e-01
  2.2070603e+00
 -3.3787850e-01
 -1.9765750e-01
  1.0764377e+00
  1.2277007e+00
 -1.0929944e-01
 -3.8881260e-01
 -1.2174699e+00
 -3.7156093e-01
  4.0373766e-01
  1.2789514e+00
 -2.6749992e-01
 -5.6184039e+00
 -7.1489185e-02
 -6.3874340e-01
  2.5359073e+00
  1.2241576e+00
 -6.7313747e+00
 -6.4780682e-01
  2.5538545e+00
 -1.0836072e+00
 -1.2262890e+00
  3.7617186e-01
 -3.9262688e-01
  8.7990034e-01
 -5.9497929e-01
 -1.4472824e+00
 -3.9156702e-01
  2.5655107e+00
 -7.9456681e-01
 -1.5113658e+00
  1.5440773e+00
 -1.1542301e+00
  1.0399952e+00
  2.9337342e+00
  7.3720384e-01
 -1.2806170e+00
  1.3449429e+00
  1.8206216e-01
 -1.0258642e+00
  1.3045686e+00
 -1.6292760e-01
  7.6757962e-01
  4.0520124e+00
  9.6333593e-01
 -1.2323207e+00
  2.5232508e+00
  7.8535241e-01
  1.3610247e-01
  1.3582088e+00
 -2.9604295e-01
  1.0135150e+00
  8.8167417e-01
  9.2620331e-01
 -5.9338254e-01
  7.8567970e-01
  1.4374141e+00
 -6.1146545e-01
  9.3186247e-01
 -1.4916004e+00
  3.3681443e-01
  2.1124774e-01
  1.3797914e+00
  3.6753736e-02
  4.7333089e-01
  2.4936205e-01
 -1.0518960e+00
 -1.6582850e+00
 -1.1993575e+00
 -1.9146512e-01
  1.0880435e+00
  1.2244114e-01
  2.9515222e-01
  3.4595016e-01
  3.8786143e-01
  1.0894831e+00
  1.4336967e+00
  5.7483798e-01
  4.5968723e-02
 -3.4699261e-01
 -4.6577823e-01
 -7.3895976e-02
  1.1357808e-01
  1.0778172e+00
 -4.1455758e-01
 -7.7125514e-01
  7.0073640e-01
 -1.6813622e+00
 -1.0024968e+00
  5.0524950e-01
  7.4868113e-01
  8.8331336e-01
  2.9990992e-01
 -3.4429467e-01
 -6.9864291e-01
 -2.5644624e+00
 -1.9846830e+00
  2.9517074e+00
 -9.7556579e-01
  1.1355914e+00
  8.1196117e-01
  1.1683270e+00
 -3.0911431e-01
 -1.2718768e+00
  8.3642858e-01
  1.0534327e+00
 -1.5751969e+00
  3.1313248e-02
 -6.3184011e-01
 -1.2180561e+00
  7.4570197e-01
 -9.4889021e-01
  9.3530929e-01
 -8.0838698e-01
  8.1799030e-01
  7.0250499e-01
  1.1338392e+00
 -2.8801674e-03
 -7.6760143e-01
  8.3345830e-02
 -5.6458658e-01
  2.5096834e+00
  7.3628694e-01
 -7.9101458e-02
  2.3320833e-01
 -8.8622952e-01
 -5.0999320e-01
  6.5320247e-01
  5.8726096e-01
 -2.5052559e+00
  3.5882607e-01
 -1.9148446e+00
  1.1561261e+00
 -9.2966700e-01
  7.7904189e-01
  1.3989817e-02
  5.5155534e-02
  6.9851857e-01
  2.4258055e-01
 -3.5280612e+00
 -5.5310142e-01
  2.4848540e+00
  3.0503072e-02
  4.5911989e-01
  6.7270893e-01
  1.1596387e-01
  3.7722325e-01
  3.5089755e-01
  7.4263388e-01
 -7.5527608e-01
  7.3487908e-01
  7.6472443e-01
 -3.5101333e-01
 -3.7413797e+00
  2.6467013e-01
  1.5058513e+00
 -1.0083332e+00
  1.9356119e-04
 -7.1334207e-01
  1.8536685e+00
 -1.1023021e+00
 -4.0780598e-01
 -9.8493922e-01
 -3.7149450e-01
  6.6833818e-01
 -6.6855180e-01
 -9.0860182e-01
  1.0861254e-01
  3.5017875e-01
 -2.8709800e+00
  9.4598567e-01
  9.2615747e-01
 -1.1165955e+00
 -3.6808431e-01
  2.3717694e+00
  3.1564930e-01
 -7.0039529e-01
  8.7507313e-01
 -2.8056607e-01
 -8.1206456e-02
  5.0223064e-01
  1.0177796e+00
 -1.1041187e+00
  5.2759963e-01
 -2.3497515e+00
  3.8466769e-01
 -4.4600220e+00
  1.1854604e+00
  1.0070634e+00
  1.1986284e+00
  1.9967971e+00
 -1.2885471e-01
  2.0500932e+00
 -2.5735766e-01
  1.4883935e-02
  6.8717480e-01
 -9.7784169e-02
  1.5011985e+00
 -1.4273273e+00
 -7.2932452e-01
 -1.9083072e+00
  3.1860110e-01
  6.5876681e-01
  3.5210228e+00
  7.8893125e-02
  2.2749437e-01
 -3.1949613e+00
 -2.3480596e-01
  4.2435744e-01
  4.2485368e-01
  1.0050173e+00
 -1.4057884e+00
 -1.1601140e+00
 -1.2949874e-01
 -1.9972757e+00
  1.4948514e+00
  1.4787089e+00
  5.1208901e-01
 -4.7452947e-01
 -3.1320509e-01
 -1.5379599e+00
  9.0947151e-02
  4.3856141e-01
 -2.1770723e+00
  1.4991229e+00
  1.7304593e+00
 -9.5216103e-02
 -2.1878691e-01
  8.5458783e-03
 -7.2370440e-01
  2.2514255e+00
 -1.2404945e+00
 -3.3092707e-01
 -7.2179124e-02
  8.1928509e-01
 -8.7301701e-02
 -1.4430152e+00
  8.5899580e-01
  7.4108750e-01
 -2.2013779e+00
 -6.0704780e-01
  8.7347931e-01
  1.6646289e+00
 -1.6325268e+00
 -1.5091473e+00
 -8.8272445e-02
  2.2333953e+00
  5.2082247e-01
 -1.2618117e+00
  4.7324416e-01
  3.8989204e-01
  9.6245831e-01
 -1.9891111e+00
  4.9536496e-01
  7.5699341e-01
 -2.1507001e-01
 -2.7882066e-01
 -2.5687551e+00
  1.3934216e+00
 -3.7812400e-01
 -3.7119708e+00
 -4.9472561e-01
  1.7583221e+00
 -2.4930137e-01
 -1.9692675e+00
 -9.0383780e-01
 -1.5360326e+00
  1.5976130e+00
  2.3807570e-01
  9.7442776e-01
  1.8402787e+00
 -1.9699146e+00
 -1.4942640e+00
 -2.4837914e-01
 -1.9520166e+00
 -1.7352642e+00
 -1.1849953e-01
  9.0930939e-01
 -9.6212244e-03
 -4.7802663e-01
  1.8080513e+00
  7.9239094e-01
  4.5053476e-01
  2.3771241e-01
 -1.7181555e+00
  2.0424945e+00
 -1.4860492e+00
 -5.1154697e-01
 -2.8094480e+00
 -1.7731787e+00
  1.0285908e+00
 -2.5148258e-01
 -1.2005206e+00
  1.5784743e+00
  2.4455269e-01
  2.1061282e+00
 -1.0008756e-01
  1.6341114e+00
 -1.1493649e+00
  1.0956131e+00
 -3.0364760e-03
 -1.1059747e+00
  1.5493391e-01
 -6.0461622e-01
 -4.4998863e-01
  4.1424161e-01
  7.5911164e-01
  5.9073007e-01
  1.2581053e+00
  3.4507754e-01
 -8.9217710e-01
 -1.9027876e+00
  7.2745746e-01
  1.2800553e+00
  1.3079119e+00
  5.3079647e-01
  9.0297538e-01
 -9.2149669e-01
 -9.8250008e-01
 -1.0598587e-01
  6.5325576e-01
  7.9851359e-01
 -1.0681398e+00
  1.1206077e+00
 -2.0616059e-01
  4.9698427e-01
 -1.2063988e-02
 -1.1250408e+00
 -6.1137730e-01
  1.6405872e+00
  9.5578432e-01
  6.1919981e-01
 -3.0927974e-01
  1.5261371e-01
  1.2432967e+00
  5.0962847e-01
  1.3800155e+00
  3.1778007e+00
  1.8069021e-01
  1.9145043e-01
  2.0089319e+00
 -6.3055807e-01
 -1.7111485e-01
 -4.7645098e-01
 -6.0244197e-01
  1.0424299e-01
  1.2612902e-01
 -1.3731275e+00
 -1.4014504e+00
 -2.2467611e+00
  1.9855591e+00
 -1.8915282e+00
 -1.6782002e+00
  1.4056500e+00
  8.7244374e-01
 -6.9393265e-01
 -6.6272743e-02
  1.5973758e-02
  1.7367853e+00
 -4.5641229e-01
 -4.7613066e-01
 -2.5246332e+00
 -8.2805175e-01
  2.0923683e-01
  4.4262928e-01
 -3.9043397e-02
  1.7527407e-01
  1.8596394e-01
  3.4693339e-01
 -3.7052703e-01
 -8.4265852e-01
 -1.4101237e+00
  8.9856809e-01
 -1.3345783e+00
  6.6541314e-01
  4.3167734e-01
 -4.7323651e+00
  3.5297382e-01
  8.2603030e-02
 -1.4648399e-01
 -8.1704527e-01
  1.4140131e-01
  2.2607722e+00
  1.1249930e+00
  1.7925341e+00
 -2.4638476e+00
  9.8458552e-01
  3.2498053e-01
 -5.1704699e-01
  5.8683973e-02
  2.3918861e-01
 -1.9286216e+00
  1.5363121e+00
  2.6293943e+00
  2.9253703e-01
  2.4794370e-01
 -6.4924455e-01
 -4.3072623e-01
 -1.0110995e+00
 -2.5181033e-02
 -1.0040179e+00
  7.1008898e-02
  1.9770197e+00
 -6.4158827e-01
  3.9586824e-01
  1.1157197e+00
  2.2580537e-01
  1.5313996e+00
  3.7896332e-01
 -4.4449747e-01
  2.1408314e-01
 -4.6591222e-01
  5.1390380e-01
 -7.2268915e-01
  2.2309101e+00
  3.7814245e-01
  1.6002294e+00
 -1.5377758e-01
  9.6732542e-02
 -3.7778139e-01
 -2.0603390e+00
  6.2182420e-01
  2.2457108e+00
  1.7851260e-01
 -4.7389069e-01
  3.8920581e+00
  1.4200113e+00
  1.6561271e+00
 -8.5894167e-01
  3.4335668e+00
  2.9252654e-01
  1.3947798e+00
  1.8152407e+00
  2.4864068e+00
 -1.0544592e+00
 -3.3477783e-01
  3.3748386e+00
 -6.6873878e-01
 -1.2106694e+00
  4.6758109e-01
  2.3997610e+00
 -2.7076197e-01
  2.0891721e+00
 -3.3035904e-01
 -1.3277906e+00
  8.0899006e-01
 -5.1085943e-01
  8.2978457e-01
  2.1358368e+00
  2.6287589e+00
  2.4284735e-01
 -6.8150222e-01
  6.7368394e-01
 -9.5829165e-01
  1.0858084e+00
  2.5428710e+00
 -1.4414628e-01
  6.7060493e-02
  6.1911279e-01
  4.9043790e-01
  4.7454426e-01
  2.4906757e-01
  1.6112593e-01
  6.8043298e-01
 -7.0904160e-01
 -2.1545027e-01
  1.0598545e+00
 -2.3045695e+00
 -9.4781846e-02
  3.3002320e-01
 -7.1157396e-01
  3.0300112e-02
 -6.6298980e-01
  1.0098294e+00
  1.0818865e+00
  9.4297415e-01
  9.0929639e-01
  2.3718565e+00
  2.2191176e+00
 -1.1580187e+00
  2.1355601e-01
  6.5731990e-01
  3.1699023e-01
 -1.7315966e+00
  8.2619184e-01
  2.3369631e-03
  1.2605062e+00
  9.6094513e-01
 -2.0468702e+00
  4.6271330e-01
  1.0175372e+00
 -9.9270689e-01
 -9.5921594e-01
  1.8084697e+00
  7.3549557e-01
 -2.2944787e-01
  2.1563132e-01
  1.0919102e+00
 -1.6687078e-02
  3.3400014e-01
 -7.0489985e-01
 -1.8663551e+00
 -1.4050367e+00
  2.5221093e+00
 -8.6812884e-01
  3.7387586e-01
 -1.7921060e+00
  3.1373346e-01
  1.6616482e+00
 -1.6386528e+00
 -1.2205411e-01
  6.1951035e-01
  1.6591985e+00
  1.5650381e-01
 -1.3425900e-01
  8.1590515e-01
  2.3846533e+00
  7.2471559e-02
 -1.1779521e+00
 -5.2437544e-01
  3.8232169e-01
  1.7763628e+00
  2.3974226e+00
  4.2664948e-01
 -1.7012658e+00
  2.4904294e+00
 -1.8255712e+00
  9.3727404e-01
  8.1150347e-01
  6.1580139e-01
  3.3804717e+00
  4.8109534e-01
  2.6014447e-01
 -3.0532917e-01
 -1.6909866e-01
  2.3238025e+00
  3.6201553e+00
 -4.7138050e-01
  1.5954985e-01
  3.1473083e+00
  4.6386021e-01
  2.6309913e-01
 -2.8896886e-01
  1.9696910e+00
  1.1996487e+00
 -1.8797672e+00
  1.0757388e+00
 -1.2310940e+00
  3.0779395e-01
 -1.3388095e+00
  6.4274615e-01
  3.3751753e-01
 -9.1035753e-01
  9.7646511e-01
  1.6970240e-01
 -7.0192957e-01
  6.7389518e-01
  6.4462245e-01
 -2.1454866e+00
  1.5341735e+00
 -8.1993476e-02
  1.4617969e+00
  1.1521016e-02
  1.4332237e+00
 -5.4691428e-01
 -1.4605319e+00
  1.8812636e+00
  8.7297040e-01
 -3.4660953e-01
 -5.2315090e-02
 -3.2081953e-01
 -8.3671325e-01
 -6.1475080e-01
 -1.1051939e-01
  1.1747094e+00
 -4.3256825e-01
  8.3231384e-01
 -1.2821431e+00
 -1.3819636e+00
 -7.0279735e-01
 -3.8982027e-03
  1.7811325e+00
  5.8534586e-01
  2.0727758e+00
 -1.2471206e+00
 -1.4764308e+00
  1.9058218e+00
  7.4686229e-01
 -3.7027344e-01
  1.4517653e+00
  1.5025014e+00
  2.5287986e+00
  1.9595031e+00
 -1.0249947e+00
  2.6215413e-01
  3.8275652e+00
  1.4367739e+00
  6.6524988e-01
 -4.9443373e-01
  1.4206538e-02
  8.8686067e-01
  1.5227554e+00
 -8.3884180e-01
  3.7957051e-01
  1.7788548e+00
  3.1135535e-01
 -1.6291932e+00
  5.2397740e-01
 -8.9994860e-01
  7.1477234e-02
  1.5092469e+00
  3.5934633e-01
  6.9060260e-01
  1.1686364e+00
  1.4719387e+00
 -4.3480301e-01
 -1.1209084e+00
  1.6423631e-01
  3.4000951e-01
 -1.0445581e-01
  5.2872396e-01
 -6.8283314e-01
  2.9954413e-01
 -5.2969861e-01
  8.9386009e-02
  2.6464063e-01
  6.5790570e-01
  1.4136414e-01
  1.3034648e-01
 -3.8362110e-01
  1.3659972e-02
  1.7303498e+00
  9.1467166e-01
  9.9174790e-02
  6.6148460e-01
  1.8763708e+00
 -6.3938749e-01
 -8.4982455e-02
 -3.9216098e-01
 -1.6855896e-01
  6.8156886e-01
  2.8947431e-01
  1.9820729e-02
  9.4940886e-02
  1.6193993e-01
 -7.8157258e-01
 -4.0608957e-01
  1.8447235e-01
 -8.8061726e-01
 -2.2204132e+00
  3.1176978e-01
  9.5643985e-01
  6.5709335e-01
  1.9082584e+00
 -1.6306198e-01
  1.5225849e+00
  6.0524756e-01
  1.7383418e+00
  7.5779086e-01
 -1.0530308e+00
  6.1939263e-01
  2.7252319e+00
  8.2077372e-01
  3.0277964e-01
  1.1645539e+00
  2.6289165e+00
 -7.0024818e-01
 -7.0872903e-01
  4.7161537e-01
 -3.0635285e-01
  5.1349325e+00
  1.7180027e+00
 -1.5045820e+00
 -1.7381845e+00
  1.9602457e-01
 -1.9159755e+00
  1.0377196e+00
  9.1764170e-01
 -4.6047592e-01
 -1.0706975e-01
  8.1060332e-01
  2.1961689e+00
 -2.1436415e+00
  6.1336911e-01
  9.2840749e-01
 -2.0998733e-01
 -2.1032959e-01
  7.4448824e-01
 -5.6391872e-02
  1.6895291e-01
 -2.1385818e+00
 -1.0493259e+00
  9.2684519e-01
  1.9126705e+00
 -1.9550831e+00
  8.5559720e-01
  3.6455795e-01
  9.9403614e-01
 -1.9515764e+00
  5.1444101e-01
 -1.8117975e-01
 -2.9611574e-02
  7.2544247e-01
  7.7837521e-01
 -8.5826196e-02
 -6.4271653e-01
 -2.7335930e-01
  1.3302109e+00
  1.2827693e+00
 -2.1177640e+00
  3.7474081e-01
 -1.7825744e+00
  2.8879917e-01
  1.3250242e+00
  1.1127785e+00
  1.3303472e+00
 -2.5260837e+00
  1.4678676e+00
  7.5783837e-01
 -1.3871437e-02
  9.4541645e-01
  3.1772858e-01
 -7.4885738e-01
  1.1193429e-01
  2.1971893e+00
  1.6238711e+00
  1.0196791e+00
 -1.2767011e+00
  1.1787748e+00
 -2.3813517e+00
 -2.3629539e-01
  1.0221281e+00
  1.4624524e+00
  3.1624857e-01
  4.5702431e-01
  1.3853966e+00
  4.1200244e-01
  9.3036056e-01
 -6.1850119e-01
 -1.0986639e+00
  8.7600309e-01
  2.2183345e-01
 -2.6462021e+00
  7.4122620e-01
 -2.0868535e+00
  7.9219099e-03
  1.2826909e+00
 -1.1583974e+00
 -4.3217719e-01
  7.4733597e-01
 -1.1379128e+00
 -2.1057842e+00
  2.6064011e-01
  1.6281381e+00
  2.0361516e+00
  2.6802082e+00
  2.8471994e-01
  3.0204799e+00
 -2.3816342e-02
  1.0415897e+00
  4.5776880e-01
  3.3753637e-02
  1.2363316e-01
  9.5290804e-01
 -2.5759050e-01
  2.3384136e-01
 -8.8649577e-01
 -7.4969006e-01
  1.8498044e-01
 -3.2414415e-01
  4.2249009e-01
 -1.6566703e+00
  1.2171930e+00
  6.4268701e-02
 -8.5455164e-02
  2.3374121e+00
  8.9239073e-01
  5.3039843e-01
 -1.3582196e+00
  1.0946430e+00
 -2.0024016e-01
 -1.1182222e+00
 -7.5532216e-01
  8.4480822e-01
  1.0830154e+00
 -5.0778502e-01
 -7.5835836e-01
 -5.5855232e-01
 -8.7364423e-01
  2.4519461e-01
  9.8070461e-01
 -3.5293574e+00
  5.2713686e-01
  1.3664250e+00
  4.2371625e-01
  4.9444574e-01
 -4.7729412e-01
  1.5207628e+00
  5.0287094e-02
  7.6434112e-01
  9.6329618e-01
 -1.0412806e+00
  9.9750184e-02
 -2.1416599e-01
 -1.1189186e-01
  2.5865224e-01
  2.0702398e+00
 -1.1283681e+00
  4.2458051e-01
  5.3497785e-01
 -4.8424548e-01
  2.2614156e-01
  3.0407774e-01
  3.8319132e-01
  2.1355988e-01
  2.1406732e+00
  1.4768062e+00
  1.4740633e+00
 -1.2004260e+00
  1.2685461e+00
 -1.0157433e+00
  9.7069973e-01
 -1.3113965e+00
 -1.9258548e-02
  2.0722260e+00
  2.3043249e+00
 -3.7019777e-01
  4.1319752e+00
 -2.3509952e-01
 -1.6774684e+00
 -2.1546836e-01
  3.6009115e-01
  6.3060033e-01
  3.5989010e+00
 -1.5848533e+00
  2.4682523e-01
 -5.2992052e-01
  1.5141575e+00
 -2.4488458e-01
  2.2838457e-01
  1.9146457e-01
  6.4358807e-01
  1.6828899e+00
 -8.6039609e-01
 -1.8730943e+00
  1.4796288e+00
  5.2786654e-01
 -9.4036251e-02
  1.4195558e+00
  3.2498148e-01
 -5.2370828e-01
  1.0279347e+00
 -1.6501306e-01
 -9.4292557e-01
  7.9896450e-01
  5.0534552e-01
  5.1597422e-01
  8.6363453e-01
  6.4588994e-01
  5.8677763e-01
  1.9951638e-02
  4.3013501e-01
  6.2660706e-01
  2.4532808e-01
 -1.5920396e-01
  8.4957677e-01
  8.7658596e-01
 -1.6224900e-01
 -7.9991007e-01
  1.6035999e+00
  9.8628676e-01
  5.3055931e-02
  1.5245089e-01
  9.3392944e-01
  1.1945003e+00
 -2.3380314e-01
 -1.0290474e+00
  1.6004802e+00
  9.5746893e-01
  3.6713335e-01
 -1.0257599e+00
 -5.7927334e-01
 -3.1030574e-01
 -5.7136178e-01
  5.3179419e-01
  5.2702165e-01
 -2.5830483e-01
  1.1141419e+00
  3.9826256e-01
 -1.7121394e-01
  8.3997661e-01
 -1.6543594e-01
  5.3963268e-01
  7.2663599e-01
  1.1818718e+00
  1.6477872e+00
  3.8340507e+00
 -2.5309730e-01
  5.3412497e-01
 -2.8643034e-02
 -8.3520198e-01
 -9.1135055e-01
 -1.0272452e+00
 -5.5873221e-01
  1.2361243e+00
  2.3473237e+00
  2.4570346e-01
 -9.3096787e-01
 -3.4438951e+00
 -1.4737685e+00
  5.7161170e-01
  8.3501703e-01
 -1.5043285e+00
  2.6891050e+00
  7.3062211e-01
  1.1911722e+00
 -7.2576481e-01
  1.1098741e+00
  3.9997068e-01
  1.3734084e+00
  2.9083939e+00
 -3.2412893e-01
  4.7466120e-01
 -3.3950439e-01
  4.2607431e+00
  4.0806308e+00
  4.9687883e-01
 -1.0608510e+00
  2.9108150e+00
 -4.8728541e-01
 -6.9806862e-01
  3.2561684e+00
  1.3467779e+00
  2.1655717e+00
  1.4136261e+00
  3.0198634e+00
  1.0781100e+00
  2.8321993e+00
 -1.3028823e+00
 -1.4426734e-01
  2.3551297e+00
  1.4221119e+00
  9.8924303e-01
  6.0242552e-01
  1.4051412e+00
  5.8355713e-01
  2.2201748e+00
 -1.0789537e+00
  9.2418027e-01
 -2.7506611e-01
  9.0262033e-02
  1.4497073e+00
  3.9576355e-01
  9.0028238e-01
  3.9000157e-01
 -6.6388309e-01
 -6.7771113e-01
 -9.7656530e-01
  1.0951200e+00
 -6.1251092e-01
  1.2599959e+00
 -2.0265648e+00
 -1.1255192e-02
  1.3967584e+00
 -3.3320218e-02
  9.8501712e-01
 -2.4510489e-01
  5.9198141e-01
  9.6653476e-02
 -4.1287440e-01
  6.4640236e-01
 -8.2204849e-01
  3.4686819e-01
  7.5921375e-01
  9.8518169e-01
 -1.4913713e+00
 -9.9214870e-01
 -1.1817474e+00
 -5.6285161e-01
 -7.7523708e-01
 -6.8326108e-02
 -2.2534353e-01
 -9.3223965e-01
 -7.5901620e-02
  1.5421664e+00
 -1.0836471e+00
 -4.9124840e-01
 -2.2598367e+00
 -3.9391100e-01
  7.7605236e-01
  4.1968884e+00
 -1.6380569e+00
  1.2693405e+00
  5.2302633e-03
 -3.1245390e-01
  6.8996698e-02
  5.4190558e-01
 -1.0910612e-01
  2.0615904e+00
 -2.8533125e+00
  1.6318183e+00
  5.7758027e-01
 -4.1073239e-01
 -1.5316877e+00
 -1.0130020e+00
 -5.7734340e-01
  1.6663855e+00
  1.5488064e+00
 -2.5437226e+00
  5.1931387e-01
 -6.4514983e-01
 -9.4896698e-01
  6.2331229e-01
  1.1150082e+00
 -9.5861906e-01
 -3.0832562e+00
  6.0491717e-01
  6.3292164e-01
 -3.2851344e-01
  7.9918575e-01
 -1.1177996e+00
 -3.6642365e-02
 -1.9926826e+00
  1.3767151e+00
  7.8709430e-01
 -2.4306996e-01
 -9.3646973e-01
 -6.7478579e-01
  1.9528452e+00
  2.6088345e-01
 -6.1297297e-01
 -5.7143158e-01
 -1.8756559e+00
 -8.1660855e-01
 -2.3229055e+00
  1.2669537e+00
  7.6163143e-01
 -1.6934159e+00
  2.1782758e+00
 -1.1052867e+00
 -1.3631878e+00
  7.9618776e-01
  2.0267433e-02
  9.2684120e-01
  2.0760760e+00
 -1.6555546e-01
 -3.3818719e-01
  2.8495433e+00
 -2.4862449e+00
 -7.0326275e-01
 -2.1397144e-01
 -8.2038599e-01
  3.2151303e-01
 -3.3940256e-01
  5.0104100e-01
  1.6761553e-02
 -6.5656734e-01
 -3.2115394e-01
 -1.3813057e+00
 -1.4495829e+00
 -3.0820749e+00
  1.2009633e-02
 -5.4393947e-01
  3.8635454e+00
 -6.2765139e-01
 -2.1886327e+00
 -9.5461673e-01
 -9.3093485e-01
 -7.7565604e-01
  2.5143225e+00
  2.2479093e+00
  4.1323599e-01
  2.9226952e+00
  1.6976668e+00
 -6.4710356e-02
  3.0856760e+00
 -2.3130536e+00
 -3.9438725e+00
  6.3068718e-02
 -2.5291243e+00
  1.4195778e+00
  1.3668184e+00
  1.3152128e+00
  2.6268485e-01
  4.9850464e-01
 -6.3217282e-01
 -3.6631279e+00
 -6.9986212e-01
  2.2159014e+00
 -6.2975943e-01
  1.7149901e+00
 -3.1732047e-01
 -2.3966682e+00
  1.4529488e+00
  1.3761543e+00
 -4.5777612e+00
  1.8114508e+00
  6.7870724e-01
  3.6009190e+00
 -6.0506886e-01
 -2.7600756e+00
  7.1619618e-01
 -2.0398246e-01
  5.6279159e-01
  2.6208298e-02
 -1.9954377e-01
 -4.2410109e-02
 -2.2819247e-02
 -2.9930951e-02
 -2.0276885e-01
 -1.8561335e-02
 -6.2241089e-01
 -5.7480812e-02
  3.5214314e-01
 -9.5546663e-02
 -4.1208076e-01
 -1.1987492e-01
 -9.0569504e-02
  4.5790862e-02
  2.7541351e-01
 -1.4313884e-01
 -2.4559775e-02
  8.3264984e-02
  5.8076356e-02
  1.3017462e-01
 -2.8889537e-01
 -2.5668415e-01
 -2.0388816e-01
 -4.6728477e-02
  1.4006879e+00
  2.3581140e-02
  1.4448382e-01
  4.5701459e-02
 -6.2742531e-02
 -7.1101122e-02
  4.8624673e-03
 -1.7230344e-01
  1.0790507e-01
  1.2848121e-01
 -9.8098457e-02
  3.5483035e-01
 -9.9533427e-01
 -4.1187212e-02
 -7.7500701e-02
 -4.6788333e-03
 -5.4349905e-01
  2.5539886e-02
  1.1673160e-01
  5.2669472e-01
  9.2131138e-02
 -5.0575629e-02
  2.0463276e-01
 -2.5835476e+00
  1.1433669e-02
 -1.0536907e+00
  1.3269844e+00
 -3.2510111e+00
  3.1917712e-01
  3.0232368e+00
 -1.6946627e-01
  2.5517564e+00
  3.3461661e+00
  1.1149887e+00
  9.3659729e-02
  1.1623663e-01
 -1.2282451e+00
 -3.0468798e-01
 -3.7816861e-01
 -1.5330160e-01
 -1.3500788e-02
  1.8523002e+00
  1.1737590e+00
 -7.0414162e-01
  3.7844777e-01
 -3.3229333e-03
  2.4221416e+00
 -1.9952668e-02
 -2.0767087e-01
  1.1220759e+00
 -1.0620652e+00
 -9.2816347e-01
 -6.4623421e-01
 -2.6004016e+00
 -1.1142720e+00
  1.6782830e+00
 -1.0708621e+00
  1.9799541e+00
 -5.1698291e-01
  2.1138594e+00
  8.6700708e-01
 -1.7429645e+00
 -1.2665816e-01
 -7.0057087e-02
 -1.2034124e-01
  1.5250957e+00
  1.3662902e-01
 -3.4753346e-01
 -5.4413575e-01
 -6.9490975e-01
 -8.3145928e-01
 -7.0462331e-02
  1.0570763e+00
 -2.0382263e-01
 -5.8080661e-01
 -1.1831590e+00
  2.3959671e-01
  6.6755354e-01
  3.1533465e-01
  3.9595833e-01
  7.8292996e-01
  9.7547340e-01
 -1.3973473e+00
  8.1772035e-01
 -3.0629447e-01
 -7.4958771e-01
  4.2163056e-01
 -1.9611523e-01
  1.4492540e+00
  8.8370705e-01
  3.2628608e+00
  4.0702879e-01
 -7.8828377e-01
  4.3444909e-02
 -8.7589508e-01
  2.3364177e+00
 -1.4471242e-01
  1.0594355e-01
  1.1560113e+00
  1.1572059e-01
 -1.6366804e+00
 -1.7040594e+00
  1.1492342e+00
 -1.3932782e+00
  6.2357545e-01
 -5.4582018e-01
  7.3812926e-01
  9.2279816e-01
  1.3073775e+00
  6.9818056e-01
  1.6824342e-01
  8.2653528e-01
 -5.8622146e-01
  4.0245742e-01
  1.2049261e+00
  1.0057373e+00
  7.6339495e-01
 -9.6920741e-01
 -6.0604715e-01
  2.3953365e-01
 -7.5319201e-01
 -1.4131273e-01
 -1.3328897e+00
 -6.5042391e-02
 -1.7099688e+00
  3.2292444e-01
 -6.8112153e-01
 -1.5580827e-01
  5.0498563e-01
 -1.7655113e+00
 -1.2605128e+00
 -7.0471263e-01
 -6.4021476e-02
 -1.1202364e+00
 -1.5450991e+00
  8.6859949e-02
 -3.6183277e-01
  6.9667155e-01
  7.4744171e-01
  1.6869438e+00
 -1.0651464e+00
  9.2302901e-01
  6.8446082e-01
  2.2212723e-01
 -6.2306434e-01
 -1.0142781e+00
 -4.3295941e-01
  1.2011051e+00
  4.7530672e-01
  1.3990311e-01
  4.7259822e-01
 -6.2636703e-01
 -8.2923956e-02
  1.1687416e+00
  7.6949775e-01
  4.9342191e-01
  5.5365527e-01
  9.9592382e-01
  4.4643756e-02
 -9.2238802e-01
  4.7730692e-02
  2.3279537e-01
  8.0883819e-01
 -6.0223174e-01
  1.5638216e+00
 -7.0856911e-01
  1.0416552e+00
  8.6392748e-01
  8.0724284e-03
  8.8313413e-01
  2.3575532e-01
 -9.3392295e-01
 -1.0063214e+00
  4.6876475e-01
  1.6011248e+00
  2.0274916e+00
 -1.6344805e-01
  1.4360623e-01
  3.4750040e+00
 -9.5034695e-01
 -4.6107087e-01
 -1.4276931e+00
 -8.9900655e-01
  9.0350699e-01
  4.5171675e-01
  3.0533606e-01
  1.5787288e+00
  1.7002312e+00
  5.4048568e-01
  1.5391562e+00
  7.9820639e-01
 -1.1397234e+00
  4.1688073e-01
 -2.4125251e-01
  6.5370131e-01
 -2.2636447e+00
 -1.3216341e+00
 -2.8269801e-01
 -2.3178367e-01
 -2.6137643e+00
  1.2634385e-01
  2.3127639e+00
  4.9162009e-01
  3.3314195e-01
 -1.1188581e+00
 -5.4213271e+00
 -1.6401204e+00
  9.7772479e-01
  3.3716249e+00
  2.8499963e+00
 -1.7505736e+00
  1.6297555e+00
 -1.8913856e+00
 -1.4914650e+00
 -3.7519510e+00
 -7.6241279e-01
 -1.0467870e+00
 -2.4154518e+00
  1.4280618e+00
 -1.5235642e+00
 -2.3894587e-01
 -2.7924967e+00
 -2.3319814e+00
 -3.5547345e+00
 -2.3528125e+00
 -7.3279321e-01
 -3.1264699e+00
 -1.3752583e+00
 -1.6099800e+00
  4.8342243e-01
 -3.0281622e+00
 -1.0300897e+00
 -7.8617252e-02
 -1.7756624e+00
 -1.4817927e+00
 -9.3081397e-01
 -1.1045990e+00
 -1.6991775e+00
 -3.9271522e-02
 -2.9312308e+00
 -1.5688555e+00
  1.2006240e-01
 -1.6262853e+00
 -2.4314141e-01
  1.6354772e-01
 -1.4519040e-02
 -1.7497251e+00
 -2.6237290e+00
 -1.7858684e+00
 -2.8016582e-01
  1.2894575e-01
 -3.5255173e-01
  8.9680648e-01
  2.8155199e-01
 -3.7500751e-01
 -1.6308324e-01
 -1.7453254e+00
  2.1054175e+00
 -2.2524071e-01
 -2.2293847e+00
 -9.2844352e-02
  1.7723911e+00
 -6.3782573e-01
  7.9679745e-01
  5.3378904e-01
 -2.5983534e+00
 -2.0755997e+00
  4.7062325e-01
  5.3710395e-01
  3.1347716e-01
  1.0473276e-01
  1.2432154e-01
  2.3450658e+00
  1.5849533e-02
  3.4592229e-01
 -1.8764305e+00
  3.7947756e-01
 -1.3523834e+00
  7.7734286e-01
  1.6059317e-01
  1.5545705e-01
 -5.1847178e-01
 -5.1813102e-01
 -2.3062258e+00
 -2.0574510e+00
  2.4551253e-01
 -2.7608473e+00
  9.2310792e-01
  5.3915113e-01
  1.5345383e+00
 -9.2561322e-01
 -1.3705645e+00
  4.1408888e-01
 -3.0956894e-02
 -7.5837582e-02
 -3.4061155e+00
  5.8830553e-01
  1.0886153e+00
 -1.7116588e-01
  1.3056182e+00
  6.0740203e-01
  4.5200494e-01
 -2.5948606e+00
 -9.6874601e-01
 -1.6969742e+00
  2.3573728e-03
  2.0928159e+00
 -8.1120068e-01
  8.1425875e-01
 -1.8966103e+00
  8.2165562e-02
 -2.2959480e-01
 -1.3747879e+00
  4.1012898e-01
 -4.0942323e-01
  9.3645585e-01
  2.3604722e+00
 -1.1545719e+00
 -2.2409172e+00
 -1.5960704e+00
 -2.4457388e+00
  7.4014211e-01
 -1.5606064e+00
 -5.7846695e-01
  8.7337904e-02
 -4.3002898e-01
  3.0566072e+00
 -9.2580581e-01
 -7.6705921e-01
 -6.3736522e-01
  1.0702470e-01
  1.2078319e+00
 -1.2951311e+00
  5.7767954e-02
 -2.1520839e+00
  5.7438570e-01
  6.4388931e-01
 -1.6654265e+00
 -2.6482358e+00
  2.4437939e-01
 -7.7536267e-01
 -1.3104427e+00
  3.1797710e-01
  8.9090514e-01
 -7.2357064e-01
 -2.6223123e+00
 -7.6362777e-01
 -2.4719091e-01
 -9.3730740e-02
  1.2007918e+00
  1.3357701e+00
  1.5063034e+00
  7.0146662e-01
 -1.5840789e+00
  2.9598019e-01
  1.4430724e+00
 -1.5267687e+00
  8.2050103e-01
 -2.0974245e+00
 -1.1503578e+00
 -7.8687459e-01
  4.1008220e+00
  1.1059806e+00
 -1.8343744e+00
  1.3374092e-01
 -1.6869415e+00
 -1.3118840e+00
 -9.2669863e-01
 -3.3512554e-01
 -6.5661937e-01
 -1.5096738e+00
  1.6536748e+00
 -1.2335649e+00
 -4.9943000e-01
  8.9647114e-01
 -1.0933613e+00
  1.1184998e+00
 -3.1690216e+00
 -7.7239168e-01
  7.5306404e-01
  6.4226687e-02
  4.3029955e-01
 -5.7452258e-02
  3.5093194e-01
 -3.1878777e-02
 -4.9800423e-01
  2.5588974e-02
  2.9676238e-01
  3.3748770e-01
 -8.7476641e-02
 -4.3946113e-02
 -7.5053948e-01
 -1.1144058e+00
  1.8681152e-01
 -3.8733801e-01
 -7.4042386e-01
 -1.5009759e-01
  2.9067254e-01
  8.1228167e-01
  1.6740366e+00
  9.5009035e-01
  1.0472947e+00
  8.8863498e-01
  1.1110100e+00
  2.6013845e-01
  3.3655694e-01
 -3.4393328e-01
 -2.4602407e-01
  1.8629667e-01
 -2.5622306e+00
  1.9187837e+00
  1.1613684e+00
  2.7884647e-01
 -4.8236620e-01
  1.2227589e+00
  1.0213912e+00
  5.0274336e-01
  1.3685479e+00
 -5.1325865e-02
 -2.0270116e+00
 -1.7474947e+00
 -1.0931558e-01
  6.5279907e-01
 -7.8557074e-01
 -1.9014168e-01
  3.0144528e-02
  7.7193689e-01
 -1.8891907e+00
 -3.2127833e-01
  5.0593209e-01
 -5.9607571e-01
 -3.6234844e-02
  1.9159381e-01
 -4.6812773e-01
 -3.6952725e-01
  6.7198150e-02
  1.2359399e-01
  6.8076676e-01
 -4.2252898e-01
 -6.3381016e-01
  1.6323711e+00
  2.8672998e+00
 -6.5403414e-01
  1.1384679e+00
  4.8987221e-02
 -5.4798579e-01
  1.6267385e-01
 -1.1332074e+00
 -4.6747264e-01
  9.2228174e-01
 -3.4363604e-01
 -6.0545522e-01
  7.6762599e-01
  9.2749381e-01
 -5.1957566e-01
 -9.2602062e-01
 -1.7689817e+00
 -9.9423265e-01
 -1.7712170e+00
 -1.4824988e+00
 -1.0943394e+00
 -4.7523862e-01
 -2.1095088e+00
 -1.7184480e-01
 -4.3309274e-01
 -1.5021181e+00
 -9.5312846e-01
 -1.7684026e+00
 -2.2240663e+00
 -8.7847406e-01
 -1.4226897e-01
 -1.3297312e+00
 -2.8163952e-01
 -7.1589375e-01
 -1.4678555e+00
 -1.1501155e+00
 -1.3634962e+00
 -1.3720652e+00
 -5.6115443e-01
 -3.6013916e-01
 -4.4913003e-01
 -5.1005727e-01
 -8.7132198e-01
 -5.3720546e-01
 -6.4255702e-01
 -5.8137524e-01
 -6.1397392e-01
 -5.1817000e-01
  3.2082877e-01
 -1.8387501e-01
 -3.9566466e-01
 -8.3505398e-01
  2.2305116e-01
  6.9502234e-01
  4.4874826e-01
  1.4485097e-01
  2.5517172e-01
 -7.8082883e-01
 -5.3494740e-01
  1.1500430e-01
  8.1923133e-01
 -9.5425546e-01
 -4.0159587e-02
 -6.2187177e-01
 -2.3577158e-01
  2.0079824e-01
 -5.8172214e-01
  5.3274918e-01
  3.7679493e-01
 -1.5454759e-01
  4.2721418e-01
  9.2876339e-01
  1.7980678e+00
  6.3404757e-01
 -1.3092389e-02
  4.7786627e-02
  7.8772187e-01
 -2.1065336e-01
 -7.2397774e-01
 -8.1673282e-01
  1.0340062e+00
 -4.3503454e-01
  5.3145319e-01
 -1.4368449e-01
 -3.5134050e-01
  3.9046162e-01
  1.1400328e+00
  2.2906005e-04
  1.2984165e+00
 -3.5836716e+00
  1.2771019e+00
  5.1395124e-01
 -1.9913421e+00
  7.3117310e-01
  1.8871008e-01
  5.5416900e-01
 -4.5321718e-01
 -3.2966769e-01
  6.5934390e-02
  2.0092718e-01
  1.1356473e+00
 -1.0100191e+00
  1.5918656e-01
 -1.0248508e+00
  3.4865373e-01
 -9.4001040e-02
 -1.3019874e+00
  6.9687229e-01
  1.3623459e+00
 -2.0254323e-01
 -1.3054225e+00
  1.3351244e+00
 -6.7846483e-01
 -1.5990233e+00
  3.5303421e-03
  4.6575609e-01
 -1.2153763e-01
  1.6193250e+00
 -1.2644047e+00
 -1.1485305e+00
 -3.2688910e-01
  4.2064840e-01
 -7.5825822e-01
 -1.8551834e+00
  3.0818680e-01
 -5.2731174e-01
  1.1063621e+00
 -1.8598127e+00
 -1.4020948e+00
 -2.9865141e+00
  5.1489729e-01
  4.6682078e-01
  2.6976603e-01
  1.2399724e+00
 -2.1560252e+00
 -5.1517987e-01
  6.3272482e-01
  1.1086236e+00
 -2.2492385e-01
  1.3844963e+00
 -1.0451317e+00
  1.8946680e+00
  1.2707394e+00
 -1.1835001e+00
  5.4500008e-01
 -1.3497825e+00
 -1.0499159e+00
 -1.4793442e+00
 -1.4311661e+00
 -6.6289806e-01
  1.7846518e+00
 -9.1229391e-01
 -2.9922905e+00
 -1.3359944e+00
 -6.6201800e-01
 -1.4660044e+00
 -2.1934972e+00
 -1.5699930e+00
  2.5009918e+00
  1.5085200e+00
 -1.7968473e+00
 -1.6537012e+00
  2.6645571e-01
  3.2144821e-01
  1.2499521e+00
  9.5384192e-01
 -2.6383972e+00
 -1.3269113e-01
 -7.4913526e-01
  1.4707488e-01
  5.9642589e-01
  2.8320730e-01
  2.1664557e-01
 -3.1496352e-01
 -1.0088624e+00
 -2.0673597e+00
 -3.2130311e+00
  1.2071036e+00
  6.0282022e-01
 -1.1913211e-01
 -1.1644592e+00
 -2.6541643e+00
 -4.3394563e-01
  1.4834960e+00
 -1.6481544e+00
 -2.4636867e+00
  1.0579052e+00
 -1.0592510e+00
 -1.1260445e+00
 -8.9307255e-01
 -2.0059605e+00
 -2.0546784e+00
  4.4459850e-01
 -1.0782162e+00
 -1.4317672e+00
  1.0431617e+00
 -1.8350793e+00
 -1.2336569e+00
 -7.9675585e-01
 -8.1024063e-01
 -7.2995776e-01
 -2.6206634e+00
 -1.6035625e+00
 -2.8944150e-01
  9.9794829e-01
 -1.1019486e+00
 -8.9207792e-01
 -8.3943039e-01
 -4.3530634e-01
  4.1872984e-01
 -4.3431953e-01
  9.3299270e-02
 -1.3620509e+00
 -1.3507447e+00
 -4.0659747e-01
  4.6812747e-02
  1.3948632e+00
  2.5361568e-01
  2.4588756e-01
 -9.0005356e-01
 -3.9486405e-01
 -3.8218498e-01
 -6.2132812e-01
 -3.4311262e-01
  6.9981110e-01
  3.3048314e-01
  7.9554772e-01
  1.1115909e-01
 -1.7419287e+00
 -4.4318113e-01
 -1.9074283e+00
  6.6205502e-01
  3.2977125e-01
  1.1566236e+00
 -1.0808645e+00
  3.2347825e-01
  1.2562193e+00
 -2.8768456e+00
 -2.8994629e+00
 -1.0255539e+00
  9.5969784e-01
 -1.1335316e+00
 -1.5446311e+00
 -1.1146522e+00
  1.3723606e+00
 -1.9186546e+00
  9.6716785e-01
  9.4147998e-01
  3.9551404e-01
 -4.5066676e-01
 -9.1375464e-01
  2.2708793e+00
 -4.1124025e-01
 -1.0813951e+00
 -1.5083967e+00
  7.3038077e-01
 -9.4679880e-01
  2.8003728e-01
  9.3675062e-02
  3.2429981e+00
 -5.7379371e-01
  5.4847538e-01
  1.2962644e+00
  1.2431521e+00
 -8.0725539e-01
 -2.5732241e+00
  1.2406329e+00
  5.8905369e-01
  1.1180203e+00
  2.9120572e+00
 -7.3326522e-01
  2.0214913e+00
  3.0843112e-01
 -2.9699892e-01
 -1.0184274e-01
  2.4213586e+00
 -5.9207208e-02
  1.4750905e+00
  1.1723111e+00
  1.3446035e+00
  6.9503081e-01
  5.4170090e-01
 -5.4885976e-02
  1.3193557e+00
  1.4339489e+00
  1.7714089e+00
  1.2326522e+00
 -4.4129997e-01
  2.4735525e+00
 -1.0532513e-01
  1.2659361e+00
  1.2287185e+00
  1.4130576e+00
 -9.6342105e-01
 -2.8108740e-01
  1.4179280e-01
 -1.4846505e+00
  2.5070503e+00
  1.0134573e+00
  2.1358444e-01
 -5.2499819e-01
 -9.9899048e-01
  1.0206379e+00
 -1.0628468e+00
 -4.0277985e-01
 -1.8231729e+00
 -1.9910632e-01
  4.4227603e-01
 -1.1358706e+00
 -3.1148502e-01
  3.3430693e-01
  2.6453432e-01
  3.2556903e-01
  8.4128994e-01
 -8.6819005e-01
  8.3673671e-02
 -2.7327974e+00
  9.1801280e-01
 -3.9569009e-02
 -4.9073362e-01
  1.9017579e-01
  1.0544255e+00
 -7.9670244e-01
  1.7304751e+00
  1.1552612e+00
  3.6905217e-01
  2.5854975e-01
  5.8878649e-02
  7.7126300e-01
  1.3428488e-01
  2.4350426e+00
  3.8298029e-02
 -2.6392624e-02
  2.2132823e+00
 -4.4431689e-01
 -4.9742573e-01
  9.1491455e-01
  1.4700156e+00
 -1.3076181e+00
 -1.9106671e+00
 -9.5073271e-01
 -3.0057335e+00
  3.0820892e+00
 -3.1738132e-01
 -2.7176937e-01
 -2.8073647e+00
  1.8136624e+00
 -6.5814090e-01
 -2.1491554e+00
  1.2300229e-01
 -1.4241462e+00
  1.1231575e+00
 -1.1827759e+00
 -1.6100968e-01
 -1.8419884e+00
 -2.1854897e+00
 -1.3770032e-01
 -9.1948980e-01
 -9.7912192e-02
  1.9789496e-01
  2.8264713e-01
 -2.6208529e+00
 -7.9829717e-01
 -1.3679709e+00
 -8.1975496e-01
  1.6109552e+00
  1.7270748e-02
  1.4208930e+00
  9.4922334e-02
  6.1546266e-01
 -3.7994781e-01
  1.2612470e+00
  7.0278656e-01
 -3.5025814e-01
 -7.5641358e-01
  2.9664826e+00
 -1.5498880e+00
  2.5958161e+00
  3.7864393e-01
  3.6427000e-01
  7.5426795e-02
  2.0683389e+00
 -4.9644738e-01
 -1.2141684e+00
  3.2097247e-01
 -2.0341861e+00
  5.7638252e-01
 -8.7504581e-02
 -2.2360947e+00
 -5.3720164e-01
 -2.1286662e+00
  5.9345763e-02
 -2.2361971e-01
 -8.0971435e-02
  1.0677785e+00
 -6.4904124e-01
 -1.7703376e+00
 -1.0785527e+00
  2.6140451e-01
 -9.0622091e-01
  1.3483623e-01
 -2.6281016e+00
  1.1081450e+00
  1.9922451e+00
  3.2056823e-01
  5.4446769e-01
  9.9721050e-01
 -1.8804501e-01
 -1.7265438e+00
 -7.1065730e-01
 -3.3617893e-01
  5.6933677e-01
  3.5507569e-01
  4.9803030e-01
 -1.4694120e+00
 -2.4950953e+00
 -1.3911903e+00
  1.7066475e+00
  5.2246124e-01
 -7.6456115e-02
 -1.1637971e+00
  5.6941301e-01
  3.0180898e-01
 -7.6371974e-01
  3.3062288e-01
  9.8790359e-01
 -1.5916265e+00
  1.8422109e+00
  1.0160719e+00
 -4.0326786e-01
  4.2644981e-02
  1.0786180e+00
 -1.3665465e+00
 -1.6895175e+00
  8.0425628e-02
  2.9478794e-01
  6.3875698e-02
  2.1894035e+00
  1.2025076e+00
 -8.4358444e-03
 -1.8892627e+00
 -9.4399095e-01
 -3.0628998e+00
  1.1710417e+00
  2.8138137e-01
 -1.5670093e+00
 -4.7012854e-01
 -1.9534087e-01
  4.1353145e-01
  1.4615322e+00
  1.3934537e+00
 -7.9867554e-01
  1.9176519e+00
 -5.1393467e-01
  6.8812579e-02
  4.8377177e-01
 -2.5050876e+00
 -8.4318000e-01
  6.9452882e-01
  6.3108695e-01
  2.5607494e-01
 -1.7398871e+00
 -6.5406412e-02
 -1.5590004e+00
 -5.4114431e-01
  2.6373562e-01
  1.5628368e-01
 -2.2135980e-01
 -5.4226446e-01
 -5.3448159e-01
  5.8262330e-01
  7.8727834e-02
 -3.8142240e-01
  1.8090489e+00
 -2.5105877e+00
  1.2954305e-01
  5.4428542e-01
 -8.5110414e-01
  2.0483720e+00
  1.2275496e+00
  1.2254924e+00
  2.2245114e+00
  2.0884490e+00
 -1.5088352e+00
  1.6013178e-01
  1.4412910e+00
  3.8594282e-01
 -7.5497389e-02
 -3.5636693e-01
  5.1478237e-01
 -4.4035956e-02
  5.2771900e-02
  3.6172748e-01
  2.4772246e-01
 -9.4549620e-01
  1.1785707e+00
  3.6933970e-01
  2.3739541e+00
 -8.6019033e-01
  1.0888182e+00
 -1.0108258e+00
  4.9749833e-01
 -1.0260873e+00
  1.9204859e-02
  7.6779550e-01
  9.3260133e-01
  8.5931581e-01
  4.0497726e-01
  1.1806798e+00
  1.5527366e-01
 -3.6593688e-01
 -1.5277237e+00
  6.6877502e-01
 -8.3862513e-01
 -6.5002835e-01
  1.0928129e-03
  5.1910460e-01
  1.4867763e-01
  2.8194851e-01
 -2.1751305e-02
 -5.4109830e-02
  5.4625726e-01
 -3.9139116e-01
 -4.2449158e-01
  4.8790294e-01
  8.8970804e-01
  8.1591302e-01
  5.7179582e-01
  6.1567616e-01
  6.0068262e-01
 -1.4604521e+00
 -5.5731487e-01
 -1.9999502e+00
  1.2465587e+00
 -3.2730430e-01
  1.4515938e-01
 -6.8337291e-01
  1.5498518e+00
  1.4087145e+00
 -1.0780717e+00
 -3.8158393e-01
  8.9838988e-01
  3.3236992e-01
  1.0102832e+00
  4.6620330e-01
  1.3060249e+00
  1.7968138e-01
 -7.4465078e-01
  1.7807727e+00
  5.6525213e-01
  4.8184577e-02
  1.5307497e+00
 -3.4703106e-01
  1.1748879e+00
 -9.2811716e-01
 -1.7861612e-02
 -1.4609966e-01
  1.2670918e+00
 -7.0552289e-01
 -5.2413827e-01
  8.8856883e-02
  1.6510092e+00
  4.7302312e-01
 -5.9962392e-01
 -4.2842641e-01
 -2.7470177e-02
 -1.7708635e+00
 -2.4450192e+00
 -1.6912141e+00
 -6.7051762e-01
 -1.3640074e+00
  9.5517117e-01
 -5.1694709e-01
  8.9562643e-01
  5.0673866e-01
  2.0124023e-01
 -2.8457588e-01
 -1.5393318e-01
 -1.3612438e+00
 -4.0996045e-01
 -1.7349571e-01
  1.2811091e+00
 -9.8387384e-01
 -1.0825768e+00
  4.4777477e-01
 -6.4541852e-01
 -2.1734622e+00
  4.9935585e-01
 -1.9161258e+00
 -5.8599651e-01
 -1.2336198e+00
 -1.0402578e+00
  1.8995883e+00
 -3.3716500e-01
  3.5183525e-01
 -4.5357671e-01
 -4.3941330e-02
  6.5802753e-01
  3.3523409e+00
 -1.3354290e+00
 -1.3526770e+00
 -1.7940460e-01
 -4.4812089e-01
  9.9132574e-01
 -2.0855012e+00
 -5.4624446e-02
 -1.6301410e+00
  1.0282892e+00
  7.1600193e-01
 -1.0678098e+00
 -6.5492254e-01
 -5.9033108e-01
 -1.8741742e-01
 -6.9473493e-01
  2.1566200e-01
  6.9083732e-01
  9.9768901e-01
 -1.0437671e+00
 -8.2082075e-01
 -1.5868808e-01
  9.2041355e-01
  5.3857470e-01
 -2.1161687e+00
  1.2432501e+00
  1.2424858e+00
  3.3940095e-01
 -1.3780652e-01
 -2.5355363e-01
  7.8424983e-02
  2.6310334e+00
 -6.7568499e-01
 -7.2062165e-01
  1.4836700e+00
  6.0303707e-02
  1.1670809e+00
  2.0079057e-01
  2.2538464e+00
 -2.1368175e+00
 -1.1203206e+00
 -6.2839806e-02
 -2.8444593e+00
 -1.7109929e+00
  8.0567849e-01
  6.7312032e-01
 -4.6918198e-01
 -1.6990916e-01
  5.6264436e-01
  3.2403593e+00
  9.5512688e-01
  2.1899340e+00
  6.3408631e-01
 -9.2698914e-01
  6.6898757e-01
 -1.9625282e+00
  5.5284804e-01
 -7.2947973e-01
  9.5474696e-01
 -9.5756721e-01
  2.1574199e-01
 -4.8622912e-01
 -1.2859731e+00
 -1.0408700e+00
 -1.3504004e+00
  1.0861993e+00
 -1.9464240e+00
  1.7522995e+00
  4.4633832e+00
 -1.3108264e+00
  5.0290626e-01
 -1.4149752e-01
 -3.7154716e-03
 -1.0791855e+00
 -2.3783495e+00
 -1.5071641e+00
  2.5795352e+00
  8.9677399e-01
 -8.9330685e-01
  4.2815065e-01
  2.6524508e-01
  5.3424597e-01
 -1.7097766e+00
 -3.7981164e-01
  8.3377302e-01
  1.8165678e+00
  8.4774446e-01
  1.3666094e-02
  3.3440101e-01
  2.0670607e+00
  6.2650144e-01
 -9.9574856e-02
  1.5768307e-03
 -2.1570055e-01
  1.4371906e-01
  7.1321851e-01
  1.7957343e-02
  7.1054614e-01
  2.9852099e+00
  1.0868438e+00
 -8.5561287e-01
  5.2381504e-01
  8.8032462e-02
  1.5797607e+00
  2.1678321e+00
  1.3077670e+00
 -1.3664464e+00
 -2.6375597e+00
  3.8474706e-01
 -2.9982796e+00
  9.4919956e-01
  7.3490649e-02
 -1.6673013e+00
 -1.7499278e-01
 -3.3823085e-01
 -6.5017350e-02
 -4.1763164e-02
 -3.7111768e-01
 -7.1119094e-01
 -7.3671764e-01
  8.4354365e-01
  6.8310004e-01
  5.3919846e-01
  1.9098450e-01
 -8.9607395e-02
 -1.4692035e-01
  7.0300984e-01
 -5.4714698e-01
  4.0656328e-01
 -8.4545922e-01
 -1.8467486e+00
  2.6614395e-01
  2.2458842e+00
 -1.2363402e+00
  8.2452178e-02
  1.4911377e-01
  1.5971731e+00
 -9.6500850e-01
 -9.7843015e-01
 -1.5007100e+00
  1.7001545e+00
  6.7206287e-01
 -4.3633407e-01
  1.9207444e+00
  5.2985400e-02
  5.7095867e-01
  4.8075140e-01
 -4.3441245e-01
 -8.4335595e-01
 -8.9539766e-01
  3.5439959e+00
  2.0093403e+00
 -1.1055561e+00
  7.1245156e-02
  1.1092567e+00
  1.4077917e+00
 -1.5108714e+00
  1.1475734e-01
 -1.6715682e+00
  2.2609303e+00
  1.2219954e+00
  3.4461915e-01
 -4.5277274e-01
  2.9794729e+00
 -7.0109779e-01
 -9.8556560e-01
 -9.1234207e-01
  1.7305692e+00
  2.1537592e+00
  2.2983909e+00
 -4.8178655e-01
 -2.3985443e+00
  2.5891910e+00
 -1.8486964e+00
  2.8921428e-01
  4.3702790e-01
 -4.4204879e-01
  6.1853159e-02
  3.8219488e-01
  1.4492433e-01
 -5.5445153e-01
  1.2972933e+00
 -1.2532067e+00
 -2.0647142e+00
  3.0626214e+00
 -2.2435384e+00
 -2.6590588e+00
  2.3710785e+00
 -4.2865318e-01
  1.5148453e+00
 -2.0128548e+00
 -2.6122501e+00
  3.0168772e-02
  1.1206422e+00
  8.4254336e-01
  3.8631618e-01
 -1.1642061e+00
 -4.9829027e-01
 -7.0844728e-01
 -1.0266616e+00
  2.9474148e-01
 -2.5086462e-01
 -2.3720922e+00
  2.0572174e+00
  6.0299188e-01
  1.0370089e+00
  1.1247196e+00
 -1.4754808e+00
 -1.6598117e-01
 -5.4102582e-01
 -9.2404032e-01
 -7.2176963e-01
 -2.1600432e+00
  1.9885854e+00
  1.3182909e+00
  1.0004833e-01
 -9.1141707e-01
 -2.5455976e-01
 -2.7340171e+00
 -8.1900768e-02
 -8.8807404e-01
  7.2839987e-01
 -5.5287653e-01
  8.2971460e-01
  2.4787033e-01
  4.4142246e-02
 -1.8901861e+00
  2.4759589e-01
 -1.9777611e+00
  2.8793569e+00
 -8.9785777e-02
  9.2737341e-01
 -7.5161457e-01
 -1.4442979e+00
  1.1482960e+00
  1.1540872e+00
  6.0117769e-01
  1.2162014e+00
  1.7056029e+00
 -6.3527668e-01
  2.0067105e+00
 -6.6778988e-01
 -1.5818224e+00
 -1.7307290e+00
  2.0242686e+00
  4.3046975e-01
 -2.5637692e-01
  1.5792524e+00
 -6.8965173e-01
  1.1930171e-01
  1.3345174e-01
 -1.4674690e-01
 -7.2015131e-01
  8.7175184e-01
  9.1205472e-01
 -1.8157846e+00
  9.6331424e-01
  1.8988004e-01
  1.7209653e+00
 -1.3054760e+00
 -1.9559929e-01
  6.6686237e-01
 -1.5282053e+00
  1.6200842e+00
 -8.7414277e-01
 -1.6668470e-01
 -5.8948797e-01
 -1.2216935e+00
  2.8089027e+00
 -1.4087425e+00
 -9.2109317e-01
  2.9697323e-01
  1.2047427e-01
  2.0465229e+00
  1.7206036e-01
  1.2364085e+00
  5.8705717e-01
  4.4211645e+00
  5.4073274e-01
  4.3288985e-01
  3.0083823e-01
  8.4191757e-01
  1.6915494e+00
 -3.9101723e-01
 -8.2256217e-03
 -1.1887820e+00
 -7.6935673e-01
 -2.1856345e-01
  2.4275686e-01
  2.7794766e-01
 -2.1878001e-01
  3.8620824e-01
  5.2955842e-01
  7.9612017e-01
  1.5863582e+00
  2.4484527e+00
 -3.4236012e+00
  2.8875193e-01
  4.9764082e-01
  1.3216068e+00
 -7.9468280e-01
 -2.5650203e-01
  1.4624993e+00
 -1.9729383e+00
 -1.0650885e+00
  1.3536471e+00
 -1.2362726e-01
 -1.1073617e+00
  1.6160090e+00
 -5.0470102e-01
 -6.2863290e-01
  1.5274189e-01
 -1.2694260e+00
  1.0578920e+00
  2.9658744e+00
  5.6200999e-01
 -1.2939541e+00
  1.1855502e-01
 -4.5194760e-01
 -4.9286030e-02
 -3.3622077e-01
 -1.2195426e+00
 -3.0968180e-01
  2.0692973e+00
  4.9097103e-01
 -1.1351409e+00
 -8.6214676e-02
  5.8018458e-01
 -2.8202340e-01
  3.0864367e-01
 -4.0610844e-01
 -2.2938123e-02
  3.1964419e+00
  3.9793703e-01
  5.2385283e-01
 -1.2603012e-01
  1.2884137e-01
  5.8893007e-01
 -2.2068681e-01
  3.8324683e-03
 -5.0424194e-01
  1.5140426e+00
 -6.1831749e-03
 -2.3921145e-01
 -1.6577846e-01
  2.7437095e-02
 -1.6193336e-01
 -5.8023059e-01
 -7.4669439e-01
  2.0298123e-01
 -1.0571932e+00
  8.5300088e-01
  7.4927412e-02
  1.1298708e+00
  4.6604767e-01
  1.3939442e-01
 -2.7038822e-01
  7.3832595e-01
 -6.1481297e-02
  1.6475848e+00
 -3.2054731e-01
  1.0727792e-01
 -4.2354500e-01
  2.4543272e-02
  2.3818493e+00
  2.4423370e+00
  1.1272435e+00
  1.4243996e+00
 -1.6515400e+00
 -7.3411661e-01
 -7.7171840e-02
 -2.6541200e+00
  1.0101141e+00
 -6.3336581e-01
 -1.1252893e+00
 -1.3740917e+00
 -1.7734324e+00
  1.5046501e+00
 -1.5341114e+00
  1.9202033e-01
 -1.8160101e+00
  1.0618447e+00
 -4.0640759e-01
  5.2738881e-01
  5.0026256e-01
 -9.0357697e-01
  1.8230927e+00
 -1.0845073e+00
  4.4921252e-01
  2.7850819e-01
  2.6680887e-01
  1.9647473e-02
  9.0844315e-01
  2.2235942e-01
 -7.1282405e-01
  2.5783923e-01
  5.6304628e-01
 -3.4403074e-01
 -1.1107416e+00
  2.1808824e-02
 -8.3577991e-01
 -2.1983161e+00
 -1.9787372e+00
  4.6227828e-01
 -1.6821082e+00
  1.3456489e+00
 -1.8162366e+00
  7.2942406e-01
  1.5881132e+00
  2.7173302e+00
 -1.0806808e+00
  1.2797065e+00
 -1.5174766e+00
  6.1492914e-01
 -1.4390826e-01
  1.2893707e+00
  1.3955325e+00
  4.3390054e-01
  6.8505543e-01
  6.6629916e-01
  1.8062081e+00
  9.8755717e-01
 -3.5290673e-01
  4.0283906e-01
  2.9430974e+00
  8.1190698e-02
 -4.3494618e-01
 -1.4479861e+00
  8.6884446e-02
  1.4262382e+00
 -1.9304799e+00
  1.1123306e+00
  1.8211025e+00
 -5.0477737e-01
 -2.7841361e-02
 -3.7280145e-01
  9.2295057e-01
  4.0368101e-01
  1.3418461e-01
  5.8883250e-01
  1.2535356e+00
  1.4381465e-01
 -1.4054339e+00
  2.2812719e+00
  2.9849878e-01
 -1.4183496e+00
 -4.1138092e-01
 -3.5386026e-02
 -1.6006879e+00
 -4.5655292e-01
  6.0136902e-01
  5.9447813e-01
  1.2034901e+00
  9.5378542e-01
 -1.4705616e+00
 -7.6096231e-01
  2.4992733e+00
  1.6445546e+00
  4.2054635e-01
  4.1775927e-01
 -3.6986154e-01
 -1.2400976e-01
 -7.5842249e-01
  3.2171541e-01
 -1.2307225e+00
  1.2372552e+00
  1.1024746e+00
 -1.1541468e+00
  1.0435662e+00
 -3.0750722e-01
 -2.2575431e+00
 -1.5475923e+00
 -8.0194938e-01
 -2.4251804e+00
 -1.9456605e+00
 -1.6300696e-01
 -8.7734205e-01
 -2.2523377e+00
 -9.2306805e-01
  1.0383144e-01
  6.2168670e-01
  1.3936515e+00
 -1.5203023e+00
  1.0721348e-01
  2.0331006e+00
 -8.4576160e-03
  1.3024127e+00
  5.4567611e-01
  1.9890466e+00
  1.7586045e+00
  2.4778948e+00
 -1.3661809e-01
 -2.4639294e+00
  1.3970568e+00
 -1.5764774e+00
  1.6011426e+00
  1.2319496e+00
  2.2123609e+00
 -2.6680371e-01
  3.4209184e-02
  1.8439858e+00
 -9.8522967e-01
 -9.6264964e-01
 -1.4072371e+00
  4.8082519e-01
  4.9618173e-01
 -7.9664879e-02
 -8.1228727e-01
 -2.1006203e+00
  2.2387171e+00
  4.2656314e-01
  7.5772738e-01
 -5.3043723e-01
  9.2768556e-01
 -1.7562979e+00
 -1.1630702e-01
 -4.4312319e-01
 -9.1487420e-01
  3.0597875e-01
 -6.6257954e-01
  1.1654483e-01
 -2.3071724e-01
  5.8046591e-01
 -8.8480318e-01
 -1.0134985e+00
  1.8173653e-01
 -1.5534689e+00
  2.6431578e-01
 -4.9617946e-02
 -1.0864152e+00
 -7.1089387e-01
 -1.8084309e+00
 -1.0723610e+00
  2.2969095e-01
 -9.4349164e-01
 -1.2369616e+00
 -1.4362649e+00
 -9.6359092e-01
  8.3529347e-01
  2.3235197e+00
 -3.2529983e-01
  1.9144783e+00
 -1.0842824e+00
 -8.5731298e-02
 -9.3796265e-01
 -4.4131109e-01
 -1.8416891e+00
 -1.1275811e+00
 -1.3148496e+00
  6.0640961e-01
  6.4650089e-01
 -1.7028643e+00
 -1.1711777e-01
  8.8025165e-01
 -2.5508133e-01
 -1.0630221e+00
 -5.3047931e-01
  5.4508215e-01
 -8.7883180e-01
 -7.4278402e-01
  3.6767966e-01
 -1.6469288e-01
 -9.3965834e-01
 -7.8311175e-02
 -1.3828235e+00
 -1.2407334e+00
 -7.0802975e-01
  2.8430298e-01
  1.0603257e+00
  1.6530486e+00
 -2.6428625e-01
 -2.9253602e-01
 -1.5046999e+00
 -1.9617084e+00
  1.5233938e+00
  1.8902993e+00
  5.3317469e-01
  1.4192106e-01
 -1.2587219e+00
 -1.5735002e+00
 -7.0468372e-01
  1.5943494e+00
 -4.0667748e-01
  1.3430812e+00
 -1.1951038e+00
 -2.4511491e-01
 -1.0105385e+00
  8.3547813e-01
  4.9371827e-01
  4.0914762e-01
  2.5813815e-01
  1.1257756e+00
 -1.6150820e+00
  1.0846717e+00
 -1.5258308e-01
 -3.5868547e+00
  8.4819388e-01
 -4.1142979e-01
  1.0377735e+00
 -6.2305373e-01
 -1.4648265e+00
 -8.4233421e-01
 -1.1455075e+00
 -7.3666847e-01
 -7.2979140e-01
 -1.7931566e+00
 -1.6783659e-01
 -2.7445624e-02
  2.7879829e+00
 -1.4178590e+00
 -1.3910056e+00
  1.8045639e-01
 -2.9286609e+00
 -2.2107875e-01
  9.3224949e-01
  1.5341773e+00
 -1.6889662e-01
  4.6991083e-01
  3.2619029e-01
 -1.1166344e+00
  2.7516618e+00
  4.4508868e-01
 -1.8719800e-01
  6.8240762e-01
  1.8295282e+00
  2.0392768e-01
  1.1806830e+00
  1.2908664e-01
  6.4387596e-01
 -5.3553611e-01
 -1.0912565e+00
  1.0196028e+00
  1.6682088e+00
  1.7254584e-01
  4.8525414e-01
 -3.6296543e-01
 -2.7752829e-01
  1.8222134e+00
  4.5420852e-01
 -5.2642846e-01
  3.5629216e-01
  6.2584740e-01
 -6.6489929e-01
 -4.2588064e-01
 -8.9600021e-01
  5.6262749e-01
  1.8914021e+00
 -3.4507197e-01
  4.8858270e-01
  7.2026622e-01
 -9.0691167e-01
 -1.9473681e+00
  1.8913689e+00
 -3.1166139e+00
 -1.3167882e+00
  1.0642052e+00
  1.2071886e+00
 -4.5882306e-01
  1.3284981e+00
  2.2668855e+00
  7.1790814e-02
 -6.5907443e-01
 -2.8795145e+00
 -2.2129853e+00
  1.1739849e+00
 -1.2604475e-01
  5.1325832e-02
  6.3043511e-01
  1.9588368e+00
 -1.8077822e-01
 -9.8248810e-01
 -1.0395142e+00
  5.9606904e-01
 -4.2332721e-01
  6.1441499e-01
 -1.1444250e+00
 -1.2228838e+00
 -9.0422022e-01
 -2.1593323e-01
  6.5959984e-01
  7.4154824e-01
 -2.1473397e-01
 -1.5575563e+00
  1.3008007e-01
  6.4783853e-01
 -7.0317703e-01
  7.9561484e-01
 -1.5993850e+00
  3.6645082e-01
 -1.2365108e+00
  1.1387144e+00
 -1.6905141e+00
  6.9437081e-01
  1.1054519e+00
 -1.2491120e+00
 -3.6778760e-01
  9.9160337e-01
  4.6951947e-01
 -1.0100358e+00
  7.8577822e-01
 -1.5553924e+00
 -1.3590801e+00
 -1.6489278e+00
 -4.6204457e-01
 -5.1468378e-01
 -4.7188455e-01
  4.3917567e-01
  9.3901998e-01
 -2.1125945e-01
 -6.4113766e-01
  9.9327803e-01
  8.4635264e-01
 -1.2745993e+00
 -9.0757743e-02
 -2.5222605e-01
 -3.2229573e-01
  1.5180897e+00
 -4.9638727e-01
 -6.6725403e-01
  1.5100195e+00
  1.4179602e+00
  7.0758599e-01
  7.7615070e-01
  1.7685714e+00
  1.4322554e+00
  1.0543336e+00
  1.6956646e+00
  1.0914619e+00
 -6.8699270e-01
  5.4313642e-01
  3.6156520e-01
 -2.3323882e+00
  1.4299775e+00
 -5.1760179e-01
 -1.0000754e-01
  1.7862338e-01
  4.2497233e-01
 -3.0008569e-01
  2.5325139e+00
 -2.3623397e+00
  1.3040853e+00
 -1.0758686e-02
 -3.1839173e+00
 -3.8892001e-01
 -1.3224776e+00
  2.7411392e+00
 -5.0576043e-01
  1.0997614e+00
 -2.2947143e-01
 -1.9452287e+00
  2.1025698e+00
 -1.6774370e-01
 -3.0069402e-01
  6.4138806e-01
  1.5790334e+00
  1.1069901e+00
  5.4093748e-01
 -8.0280222e-02
  2.3176288e-02
 -3.6989274e+00
  1.2740268e+00
 -1.7552513e+00
  1.7449279e+00
  2.1001950e-02
  2.3162930e-01
 -1.5165021e+00
  1.5006594e-01
  1.7209392e+00
  4.8724663e-01
  2.5695236e+00
  3.3356422e-01
  3.2394073e+00
  1.1799043e+00
 -1.9730546e+00
  3.9696574e-01
  2.0359814e+00
  2.3554888e-02
  7.6322567e-01
 -1.7862693e+00
 -1.0742680e-01
 -1.4675014e-01
 -9.5220703e-01
 -6.5065205e-01
  9.8631227e-01
 -1.6796583e-01
  7.0319003e-03
 -9.4944876e-01
 -3.0595739e+00
 -4.8885000e-01
  2.6440783e+00
 -1.5038987e+00
 -2.8562615e-02
 -1.3467989e+00
  8.2437056e-01
 -2.8821425e+00
  2.9096436e-02
 -2.7058098e+00
 -2.5606188e-01
  1.1361048e+00
  6.5012467e-01
 -1.3483018e+00
  1.6589322e+00
 -7.8957188e-01
  3.8968626e-01
 -5.5446142e-01
 -2.2873917e+00
 -1.4968785e+00
  3.2140309e-01
 -4.6074331e-01
 -5.4351622e-01
 -1.4768711e+00
 -1.2028341e+00
 -2.2821626e-01
  8.1218016e-01
  9.7666211e-02
 -6.5637660e-01
 -6.9020236e-01
  2.2627692e+00
 -1.3463124e+00
 -1.9147083e-01
  1.0381749e+00
 -1.3054146e+00
  2.1334567e+00
 -1.3847857e+00
 -1.1524409e+00
  5.3974843e-01
  1.3445082e+00
 -1.3695332e+00
 -3.5772720e-01
  1.7005690e+00
  2.6171336e+00
 -4.2094585e-01
  1.2986816e+00
 -6.4829820e-01
 -6.7050314e-01
  7.1916950e-01
  3.9239788e-01
 -9.1008174e-01
 -3.8414437e-01
 -1.3294986e-01
  1.2659934e+00
  1.4897332e-02
  2.0684364e-01
 -2.3528051e+00
 -8.3971715e-01
  1.1704230e-01
  5.5038869e-01
 -9.8133904e-01
  6.5630329e-01
  2.2190961e-01
 -1.5752559e+00
 -7.1869425e-02
 -8.8453257e-01
 -7.2588408e-01
 -1.1151218e-01
  1.0525479e+00
 -1.1874510e+00
  1.8401667e-01
 -5.4330558e-01
  8.1779128e-01
 -3.0842078e-01
 -3.2650840e-01
 -8.7448210e-01
  2.1748152e+00
 -3.3078548e-02
 -2.6902586e-01
 -1.3235805e+00
 -2.1435992e-01
 -1.5279019e+00
  6.9047141e-01
  1.4869316e+00
 -6.0700780e-01
  1.4501817e+00
  7.1978313e-01
 -5.1770443e-01
  1.0959949e+00
  4.3106019e-01
  5.4337066e-01
 -1.5821967e-01
 -2.0654430e+00
 -5.5445158e-01
  1.6387862e+00
 -9.0220618e-01
 -9.0704495e-01
 -9.3113399e-01
 -1.2242615e+00
  1.2296743e+00
 -8.1481379e-01
 -6.4307189e-01
 -1.3657595e-02
  5.3451216e-01
  8.1602108e-01
 -8.1735098e-01
 -9.2473483e-01
  2.1700673e-01
 -1.6059749e+00
  9.6385218e-02
 -1.9768565e+00
 -1.0483145e+00
  2.0905465e-01
  9.4746655e-01
  5.3982478e-02
  1.3291363e+00
  9.5302594e-01
  3.4285671e-01
 -1.6166761e+00
 -8.0774844e-01
 -2.0002642e+00
  4.1268551e-01
 -4.4273642e-01
  2.5419587e-01
 -6.8453056e-01
 -1.5364915e-01
  9.3269348e-01
  4.2898777e-01
  1.6186136e-01
  9.4025028e-01
 -4.3561831e-01
  1.2168015e-01
 -9.8863378e-02
 -3.0969599e-01
 -3.9881334e+00
  7.1163964e-01
  6.3625073e-01
  6.5728867e-01
 -2.6338232e-01
  2.4008303e+00
  3.8401663e-01
  1.0593598e+00
 -2.1530173e+00
  4.9791437e-01
  1.1739043e+00
  1.8033053e+00
  2.8975284e-01
  1.3346910e+00
 -5.1402867e-02
 -1.4542660e+00
  4.3038607e-01
  1.1408656e+00
 -3.4130554e+00
 -1.9432273e+00
 -9.2726105e-01
  3.1709793e-01
  1.2251832e+00
  6.5556169e-02
  7.9028457e-01
  1.8891902e-01
 -1.8884642e+00
  5.3338057e-01
 -2.9876242e+00
 -1.1858318e+00
  2.7437487e+00
 -1.6779342e+00
  7.3428822e-01
 -1.3057065e+00
 -1.0011061e+00
  1.2777997e+00
 -3.7673607e-01
 -9.9762380e-01
 -1.9614668e+00
  1.1984376e+00
 -9.7144848e-01
 -3.7097889e-01
 -6.9936168e-01
 -1.1026222e+00
 -6.7617632e-02
 -1.3737972e+00
 -5.0790167e-01
  3.3921835e-01
  1.2870049e+00
 -2.4664388e+00
 -1.0613879e+00
 -4.5022058e-01
 -4.2288446e-01
 -1.6912678e+00
 -2.2760491e+00
 -8.3956212e-01
 -9.3962675e-01
 -7.5143658e-02
  1.7951949e+00
 -6.5796161e-01
 -7.4179453e-01
  9.2084605e-01
  4.8528337e+00
  9.2430675e-01
 -3.2001224e-01
  1.0404404e+00
  1.0144900e+00
  5.7948673e-01
  6.1322536e-02
  5.1446903e-01
  2.8613410e+00
 -6.6887230e-01
 -1.9117148e-01
 -3.5002468e+00
 -5.4176414e-01
 -5.9289318e-01
  1.3423809e+00
  4.5252603e-01
 -3.5678425e-01
 -9.1031283e-01
 -1.1368198e+00
  9.4181560e-02
 -2.4744828e+00
  1.7946311e+00
  7.1084309e-01
 -6.7724663e-01
 -8.0247951e-01
 -1.5147524e+00
  2.7129708e-03
 -3.6938041e-01
 -2.1418231e+00
  2.8028277e-01
  1.6475111e-01
  1.0529367e+00
 -7.2532229e-02
 -1.5754068e+00
  7.3313110e-02
  3.7506044e+00
 -9.2382562e-01
 -2.6247532e+00
 -2.2893260e+00
  4.0946347e-01
 -1.0684056e+00
  6.0608655e-01
 -5.8354908e-01
  1.3154272e+00
  2.2520525e+00
 -6.9322062e-01
  2.4090476e-01
 -1.0119239e+00
 -9.0063399e-01
  7.9396290e-01
 -7.0558387e-01
 -2.5972962e-01
 -4.1281190e+00
  1.9963688e+00
  4.1835192e-01
 -4.2800394e-01
 -2.9894519e+00
 -2.1507807e+00
 -1.5264381e-01
 -1.3721323e+00
 -6.5518320e-01
 -2.3154054e+00
 -1.3373785e+00
 -1.8128357e+00
 -1.4889240e+00
 -2.5145414e+00
 -7.5271702e-01
 -5.0300133e-01
 -1.8880776e+00
 -1.2640446e+00
 -2.7698863e+00
 -7.5188893e-01
 -2.1981161e+00
 -1.7097738e+00
 -1.2259338e+00
 -7.0252740e-01
 -2.3488130e-01
 -1.1103261e+00
  7.4570304e-01
 -1.1880208e+00
 -3.4681207e-01
  1.6081068e-01
 -2.5334098e+00
 -9.2118740e-02
 -6.0612607e-01
 -3.8684124e-01
 -1.4854588e-01
  4.4464657e-01
  6.1613345e-01
 -8.8222146e-01
  7.8747827e-01
 -5.3558028e-01
  1.0466197e+00
  1.6139443e+00
  6.0699278e-01
  1.1215193e+00
  6.5551323e-01
 -8.5700288e-02
  7.8685123e-01
 -8.6157441e-01
  7.8100014e-01
  1.8959507e+00
  4.1550669e-01
  5.1508820e-01
 -5.7841444e-01
  1.5826344e+00
  6.5361448e-02
 -2.0949034e-02
  2.2200157e-01
  7.7961320e-01
  1.4460312e+00
  1.0817161e+00
  1.4320357e-01
 -5.9503627e-01
 -3.3008242e-01
  2.2316775e+00
  1.6781635e+00
  1.7790737e+00
  8.2207912e-01
  4.8234287e-01
 -1.9373046e+00
 -1.0157243e+00
  2.0643737e+00
  8.6233807e-01
  8.1107038e-01
  5.7418883e-01
  1.6880475e+00
  2.2251811e+00
  6.8152654e-01
  1.3759531e+00
  6.8927050e-01
  8.7068790e-01
 -3.9040038e-01
 -2.0683341e-01
  3.3594894e-01
  6.8932658e-01
  9.0645003e-01
 -9.8548961e-01
  1.0103037e+00
  3.7595388e-01
  2.0202945e-01
  5.2035885e+00
  1.1734194e+00
  8.6819905e-01
 -2.3420103e+00
  1.0192480e+00
 -2.8202111e-01
 -1.8505190e-01
 -1.2241260e+00
 -4.6580353e-01
 -2.1490271e+00
  1.5703670e+00
  3.7145597e-01
 -1.3359500e+00
 -6.4625335e-01
  2.4480630e-01
  1.7989028e+00
  9.2515266e-01
  2.0474198e-01
 -7.2884047e-01
 -2.3094625e+00
 -1.4020565e-01
 -1.5517576e-01
 -1.1818957e+00
  5.4377294e-01
 -3.1380702e-02
  3.1546959e-01
  9.9539781e-01
 -2.0758267e-01
 -3.4623572e-01
 -1.0231861e+00
 -3.3523794e-02
  1.5471692e-01
 -1.0293488e-01
  5.7994395e-01
 -8.8239241e-01
  9.2693061e-01
  1.1377238e+00
 -8.9748502e-02
 -5.2940530e-01
 -1.8622429e+00
 -1.4707685e+00
 -1.2046857e+00
 -1.0475069e+00
  5.9546095e-01
 -8.4331900e-01
 -7.6177102e-01
  6.5178460e-01
  1.6780343e+00
  1.4961152e+00
  4.9159050e-01
 -2.3133752e+00
  1.5776679e-01
 -9.4668113e-02
 -2.0863521e+00
  2.7474314e-01
 -1.7940614e-02
  1.5008243e+00
 -1.7453739e-01
  4.9887797e-01
 -8.7792665e-01
 -1.5432249e+00
 -7.3784920e-03
  7.1217972e-01
 -3.7068574e+00
  1.8741986e-01
  2.2770424e-01
  1.5167335e+00
 -5.3286415e-01
  5.5105400e-01
 -2.4871950e+00
 -8.0353439e-01
  2.9089901e+00
  5.7923955e-01
 -2.4655178e+00
  3.2517257e-01
  1.5243457e-01
 -9.9889094e-01
 -1.8923707e+00
 -3.1917224e+00
 -2.9720857e+00
 -9.9299169e-01
 -2.9316370e+00
 -2.0025103e+00
 -2.8880701e+00
  4.1042900e-01
 -1.8403392e+00
  4.6736336e-01
 -8.2705498e-01
 -2.5709507e+00
 -5.6314325e-01
 -1.0943224e+00
 -3.4602721e+00
 -3.1057072e+00
  1.8054715e+00
 -1.7646168e+00
 -2.4557969e-01
 -2.9768735e-02
 -5.5630612e-01
 -2.7739599e-01
  2.0958567e-01
 -5.1374698e-01
 -3.1280694e+00
  1.5024107e+00
 -1.3278503e+00
 -1.2308102e+00
  1.0449542e+00
 -5.5708665e-02
 -1.6520876e-01
 -1.0865976e+00
 -8.4920269e-01
 -3.8764918e-01
  2.0171492e+00
 -4.4421914e-01
  2.0301461e+00
  4.5373005e-01
 -1.3259132e+00
 -1.8890731e-01
  6.7613506e-01
  2.9237473e+00
  1.5748806e-01
 -2.2436640e+00
  1.3415197e+00
  1.1720942e+00
  3.1838533e-01
  6.5284991e-01
 -1.0991571e-02
  7.0620233e-01
 -9.5701903e-01
 -1.9938360e+00
  7.2853947e-01
 -1.3692333e-01
  2.7435881e-01
 -8.6383349e-01
 -1.2991422e+00
 -1.1668652e+00
  1.4290029e+00
  9.7605991e-01
 -6.0280025e-01
  3.0884594e-01
  2.6421235e+00
 -8.4493190e-01
 -3.8485944e-01
 -8.7693018e-01
 -1.1316421e+00
  1.1406358e-01
 -5.1457691e-01
  9.1719300e-02
  2.2757657e+00
 -1.5053116e+00
 -1.0615592e+00
 -8.8554519e-01
  1.0350535e+00
 -1.4029714e+00
 -7.9612255e-01
  1.1627810e+00
 -1.6064085e-01
 -2.1897643e+00
 -7.1430719e-01
  1.8638896e+00
  1.8469987e+00
 -2.6492788e-03
  2.0553467e+00
 -1.6320210e-02
  1.6779109e+00
  2.0740769e+00
  3.6033481e-02
  1.6634699e+00
  9.8201740e-01
  1.0127629e+00
  2.2722032e+00
  2.2319634e+00
 -8.2905906e-01
  2.4770527e+00
  8.9014405e-01
  2.0036356e-01
 -8.6819148e-01
  1.6782780e-01
  3.0457300e-01
  1.2693431e+00
  2.1809902e+00
  5.2036065e-01
  1.6600062e+00
 -2.5429606e-01
 -1.1592003e+00
  2.2023824e-01
  4.2290568e-01
  8.4592450e-01
 -5.4792267e-01
 -1.0943174e+00
 -3.0375716e-01
  1.3653561e+00
 -1.5002186e+00
  1.8147120e+00
  4.7836679e-01
  8.4433168e-01
 -9.2870289e-01
  1.6481098e+00
  1.2316908e+00
 -1.3033130e+00
 -4.2023912e-01
  1.4641877e+00
 -6.7646682e-01
 -1.9694911e+00
  6.1558503e-01
 -2.8222835e-02
 -3.9863330e-01
 -2.5357857e-01
 -6.1238045e-01
 -5.7214212e-01
  1.5585145e+00
  5.8756351e-01
 -1.2279183e+00
 -2.0437548e+00
 -7.1019882e-01
 -7.8609586e-01
  1.9042076e+00
 -1.4454435e+00
  1.7099280e+00
  3.7005737e+00
  2.9912131e+00
 -1.5950396e+00
  1.6611174e+00
  5.2324176e-01
  2.2611158e+00
  4.2700285e-01
  7.7104652e-01
 -5.5706978e-01
 -2.4894629e+00
  9.4705546e-01
 -9.0218300e-01
  2.2780834e-01
 -5.3764606e-01
  1.3760138e+00
 -4.5090875e-01
 -1.0331209e+00
 -4.3248990e-01
 -6.4500791e-01
 -1.8505063e+00
 -7.7456582e-01
  1.2711719e+00
  1.3012354e+00
  4.5479421e-02
  1.2777325e+00
 -8.2446575e-01
 -1.1682782e+00
 -8.4188664e-01
  9.5083512e-02
 -2.1578443e-01
 -1.8010849e+00
  1.5468643e+00
 -2.6324847e+00
 -5.2409250e-01
  1.6608403e+00
 -1.1769971e+00
  1.0758676e-01
  1.2189306e+00
  8.4016389e-01
  6.4346540e-01
  7.5655884e-01
  1.6725492e-03
 -1.1085626e+00
  2.2894257e-01
  5.8936363e-01
  2.0261862e+00
 -9.7284251e-01
 -1.9020551e+00
  1.3603524e+00
  7.7406782e-01
 -1.0510658e+00
  1.4973428e+00
 -6.0223806e-01
 -1.2237891e-02
 -2.8187445e-01
 -1.5306848e-01
 -2.3601535e-01
  2.8319545e+00
 -2.0478575e-01
  4.8279995e-01
  7.3502892e-01
 -3.8821489e-01
 -8.2149521e-02
 -3.2932904e+00
  1.5225409e+00
  6.0775083e-01
 -5.4811871e-01
 -6.6693097e-02
 -7.5663817e-01
  8.4617758e-01
  1.5904055e+00
  7.6489401e-01
 -1.0065151e+00
 -2.3867419e-01
  6.8457997e-01
 -8.1469953e-02
  7.5531560e-01
  2.9535463e-01
  8.2499456e-01
  1.3802583e+00
 -1.0064009e+00
 -1.4674107e+00
  8.8742770e-02
  6.9766933e-01
  1.1949786e+00
  7.0356613e-01
 -7.3168981e-01
  6.5284646e-01
  7.9738951e-01
 -1.4917636e+00
  1.1596933e-01
 -1.3024504e-01
  4.6261948e-01
 -4.5653462e-02
  4.9241224e-01
 -6.0135859e-01
  9.4894195e-01
  9.4287229e-01
 -2.4887465e-01
 -2.5995347e+00
  1.4966152e+00
 -1.8121759e+00
  4.4606498e-01
  3.8035259e+00
 -2.2432647e+00
  3.4716699e-01
  1.6955024e+00
  2.9853029e+00
  6.9971967e-01
  2.5143450e-01
  1.1696663e+00
 -4.5362696e-01
 -4.4150716e-01
  1.0376266e-01
 -1.0146863e+00
 -2.2928104e+00
 -9.2818528e-01
 -2.6614871e+00
 -2.1440154e-01
 -7.0454127e-01
  1.1715280e+00
  1.5922612e+00
 -1.0462557e+00
 -5.6494313e-01
  2.1717169e+00
  4.6531668e-01
 -8.9725882e-01
  6.5545893e-01
 -1.5098643e+00
  1.8676125e+00
  2.1438816e+00
 -5.8270985e-01
 -9.1840190e-01
  1.3182722e+00
  1.4679005e+00
  6.0673863e-01
  6.2038505e-01
  9.4126701e-01
  2.0744944e+00
  4.5717019e-01
 -5.5538118e-01
 -1.2690543e+00
 -7.4573857e-01
  1.1106061e+00
  1.3257734e-01
 -1.1445231e+00
 -5.5635017e-01
 -7.1997184e-01
 -2.9778108e-01
 -1.2857865e-01
  8.6371845e-01
 -1.3686455e+00
  1.1199237e+00
 -3.8223058e-01
  1.1724851e+00
  2.4198527e+00
  1.5733063e-03
  4.3132260e-01
  1.0416133e+00
  3.9836043e-01
 -1.1426296e-02
 -9.7904837e-01
  1.4905298e+00
 -1.0240860e+00
 -3.6437145e-01
 -1.4658217e+00
  5.4613286e-01
 -2.4564335e+00
 -4.3736368e-02
 -4.5773944e-01
 -3.0433372e-01
  4.0586069e-01
 -7.2457069e-01
 -1.0751464e+00
  8.5323262e-01
 -6.6508166e-02
 -2.0036161e-01
 -1.6307868e+00
 -6.3056976e-01
 -5.0619674e-01
 -1.2867956e+00
  7.5975108e-01
 -8.6356258e-01
 -6.8463844e-01
 -4.5904663e-01
  6.1143690e-01
 -1.8124620e+00
 -3.3585191e-01
 -6.0103059e-01
 -8.8349295e-01
 -1.5260915e+00
 -1.3634001e-01
 -3.2609528e-01
 -1.1754504e+00
  1.6436955e-01
 -1.7245032e+00
 -4.5766178e-01
  6.8860245e-01
 -1.3421189e+00
 -3.2675004e-01
  7.2121777e-02
 -1.1636752e+00
 -4.2898816e-01
  8.5908830e-01
 -3.0921822e+00
  8.3076662e-01
 -1.0857259e+00
 -1.1834488e+00
 -7.5496429e-01
  5.5866158e-01
 -2.1620862e+00
 -1.1123333e+00
  6.7278969e-01
 -2.5872114e-01
  1.8303337e-02
 -6.9560206e-01
  1.7768220e+00
 -4.1662067e-01
  2.9499644e-01
  9.7581846e-01
 -6.3601714e-01
 -1.6192919e-01
  1.4014614e-01
 -8.2867950e-01
  2.8410685e-01
 -6.4155203e-01
  3.3752754e+00
 -2.8763703e-01
  1.1962283e+00
 -2.8071418e-01
  1.0558448e+00
  8.6614311e-01
 -6.3081276e-01
  2.9317078e-01
  4.6931100e-01
  3.4941286e-01
 -1.1228324e-01
 -4.5204616e-01
 -1.4050494e+00
  3.0279217e+00
 -9.8824519e-01
 -2.7967897e-01
  8.3855486e-01
 -2.8479189e-01
 -1.0529896e+00
  4.7471422e-01
 -2.1910923e+00
 -1.9005835e+00
 -2.8336532e+00
  1.6980784e+00
 -5.1408094e-01
  1.7953848e+00
  1.5162165e+00
  4.9678605e-02
 -3.2134262e-01
 -7.9933876e-01
 -1.5268717e+00
 -4.2435834e-01
 -6.4400995e-01
  2.1355007e-02
 -7.6684368e-01
 -2.5324845e-01
 -1.1446680e-01
  1.0101517e+00
  4.9011570e-01
 -1.6329646e+00
  2.1164857e-01
 -2.1234212e+00
  1.1545346e-01
  6.7754281e-01
 -8.1707364e-01
 -1.1556059e+00
  2.3000382e-01
  5.6290138e-01
  1.3442582e+00
 -1.4500116e+00
 -1.1463026e+00
  1.0854197e-01
 -7.2356737e-01
  1.4234593e+00
  2.1836603e-01
  5.3637218e-01
 -1.5100093e-01
  1.0773608e-02
  2.0332046e+00
 -6.3200593e-01
 -5.6545258e-01
  6.2285030e-01
 -1.8729177e+00
 -2.7317131e+00
  1.3577323e-01
 -1.0107694e+00
 -1.8841909e+00
  3.5443521e+00
  6.6093916e-01
  2.2793672e+00
 -2.5555438e-01
  3.3507752e-01
  2.6168034e+00
  1.1971233e+00
 -7.9643446e-01
  5.4313004e-01
 -1.3671864e+00
  2.5119581e+00
  5.4889166e-01
 -1.4397935e+00
 -1.5295219e+00
  1.7176456e+00
  2.3648916e-01
  1.8751243e+00
  3.8512200e-01
 -3.7992675e+00
  1.2218409e+00
 -2.6373908e-01
 -8.5451317e-01
  7.6706570e-01
 -2.4812138e+00
 -6.3050531e-02
 -4.6795666e-01
  1.8358988e-01
 -8.7021303e-01
  2.5676721e-01
  3.4018901e-01
 -7.6959467e-01
 -2.0808432e+00
  1.0120946e+00
  5.2316701e-01
 -5.6389964e-01
  6.2243682e-01
  7.6137811e-01
 -3.6901185e-01
  1.1127710e+00
 -3.6519083e-01
  3.3936250e-01
  1.9584877e+00
 -2.4269736e-01
  3.9076462e-01
  8.4190977e-01
 -3.1656172e+00
  1.0341516e+00
  1.5150023e-01
  1.6999646e+00
 -1.1103119e+00
  1.9775962e+00
  1.4638279e-01
 -2.5944492e-01
  9.4924167e-02
  7.1342580e-02
 -4.6444371e-01
  2.1435189e+00
  8.4777421e-01
 -8.6022042e-02
 -9.3850821e-01
 -6.1967831e-02
  3.0479364e+00
  1.5462575e+00
 -2.6487312e-01
 -1.6596386e+00
  1.4973993e+00
  2.1260259e+00
  3.1304142e+00
 -7.9271126e-01
  1.6009307e-01
  1.8829358e+00
  7.7290162e-02
  1.5811669e+00
  1.7850714e+00
  8.6557621e-01
  2.6039994e+00
  8.4359080e-01
 -7.9108238e-01
  9.4892180e-01
  9.1928273e-01
 -1.8177201e-01
  3.2700309e-01
  1.7289624e+00
  1.3857886e+00
  1.4574931e+00
  1.1538005e+00
 -2.6975188e-01
  4.1015086e-01
  5.9747893e-02
  8.9540444e-03
 -1.5102787e-01
  1.3835776e+00
 -3.2000765e-01
 -4.2257562e-01
 -1.3551013e-01
  9.9120998e-01
 -1.0817354e+00
 -5.0275826e-01
 -1.7132670e-01
 -2.6120108e-01
 -9.7241096e-02
  3.6262963e-03
  6.4415234e-01
 -8.6510712e-01
  8.4221244e-01
  9.0164274e-01
 -1.9304005e+00
 -1.7859066e+00
 -1.5524356e+00
  9.8000300e-01
  1.4360893e+00
  1.4898175e+00
 -3.0709002e+00
 -6.1316812e-01
 -3.5908905e-01
 -4.3482953e-01
  1.3766673e+00
  3.2490948e-01
 -7.3066097e-01
  8.4310180e-01
 -3.0433843e-01
  1.4423711e+00
  2.8116059e+00
 -1.4736009e+00
  8.1299382e-01
 -1.2213174e+00
 -1.3678813e+00
  4.3212482e-01
 -1.6019133e-01
 -2.3255651e+00
  7.4598360e-01
  6.0717809e-01
 -2.7522081e-01
  4.8722008e-01
 -1.1420535e-01
  5.3121978e-01
  6.6037941e-01
  1.5038837e+00
  1.3723632e+00
  2.0356283e+00
 -5.4466408e-01
  1.5961504e+00
 -2.8340292e+00
  9.3884997e-02
  3.1872538e-01
 -1.0316595e-01
  9.8582560e-01
  1.9454980e+00
 -2.9895797e+00
 -5.2351165e-01
  1.9712293e+00
 -2.6883867e+00
 -1.1859791e+00
  3.0010653e+00
 -2.9290733e-01
  3.8749672e-02
  1.3378143e+00
  2.4138556e+00
 -1.1717463e+00
 -2.0437019e-01
 -5.7487392e-01
  2.0440743e+00
  2.3070392e-01
  3.7372991e-01
  6.2794483e-01
  4.2640650e-01
  9.1050752e-02
 -1.2168466e+00
  1.7203716e+00
  1.7538918e+00
 -2.1572244e+00
  1.9288038e+00
  1.4631653e+00
 -3.2733731e+00
 -8.3677971e-01
 -8.2223915e-02
 -6.7603517e-01
  7.9169798e-01
  9.8702222e-01
 -5.6947124e-01
  1.7449175e+00
 -3.2448682e-01
  3.6311054e-01
  1.3042246e+00
 -2.0408535e+00
  8.1681991e-01
  2.4635563e+00
 -4.2598644e-01
 -2.2009614e-01
 -1.0703730e-01
 -2.4011530e-01
  7.6508957e-01
 -8.3910123e-02
 -2.3779094e-01
  1.1768189e-01
 -4.2235196e-01
 -1.6940725e+00
 -3.8604772e+00
  1.8026053e+00
 -6.8076742e-01
 -1.9728434e+00
 -1.9110065e+00
 -2.1173634e-01
  7.6748270e-01
 -2.3434384e+00
 -1.2128031e+00
 -1.3659679e+00
 -3.0323353e-01
 -6.5048891e-01
 -1.3244534e+00
 -2.1733677e+00
 -2.3372214e+00
  1.4340183e+00
 -1.1858891e+00
 -5.7387590e-01
 -9.2419136e-01
 -7.3008507e-02
 -4.6725768e-01
 -3.9471409e-01
 -1.5977280e+00
 -2.3710673e+00
  2.2446221e-01
 -8.6969787e-01
 -7.6029414e-01
 -7.9440540e-01
 -4.5311290e-01
 -8.2995385e-01
 -9.9013954e-02
 -1.0222243e+00
 -1.5786417e+00
  5.6624961e-01
 -5.8824873e-01
 -4.5048347e-01
 -3.6376473e-01
 -4.1969573e-01
 -1.9392541e-01
 -2.7482256e-01
 -3.6606076e-01
 -1.5108672e-01
  1.0769483e+00
 -7.1421421e-01
 -1.7551228e-01
 -1.9452626e-01
 -1.7104952e-01
  6.9608331e-02
 -3.1603295e-01
 -9.6958660e-02
 -3.1987244e-01
  5.7052398e-01
 -4.3667999e-01
  2.6039201e-01
 -7.3107950e-02
 -3.8870651e-01
  2.9039934e-01
 -4.9308488e-01
 -4.0835488e-01
 -1.4823515e+00
  9.2371196e-01
 -2.3188293e-01
  2.0024423e-01
  2.8932452e-01
 -4.9759946e-03
  3.1090957e-01
 -1.1001325e-01
 -3.4323671e-01
  3.6601833e-01
 -1.3367993e-02
  3.4716833e-01
 -1.3915553e+00
  8.0980882e-02
 -8.3808798e-01
 -8.2148182e-01
 -2.9404933e-04
 -3.0182913e-02
  1.6885928e+00
  1.9246589e+00
 -1.4678640e+00
  1.0501310e+00
  9.2867863e-01
  1.4157621e+00
  9.1735698e-02
 -5.6196666e-01
 -3.7595209e-01
 -9.2941958e-01
 -2.0412929e-01
  1.3892228e-02
 -6.1240804e-01
  2.9575887e-01
 -1.8788450e+00
  3.1174140e+00
  4.4726040e-02
  3.8908571e-01
 -1.6612097e+00
 -3.7135318e-01
 -2.8210137e+00
 -1.8782406e+00
 -1.4406747e+00
 -1.7470495e+00
  1.2970884e+00
 -3.4157515e-01
  5.2060658e-01
 -4.0681645e-01
  5.4977294e-02
 -1.7547961e+00
  4.2189053e-01
  1.3550379e+00
 -1.4353132e+00
  1.6937882e+00
 -6.9985449e-01
 -1.9056520e+00
 -1.0855147e+00
  1.1238700e+00
 -1.4372953e+00
  2.0003877e+00
 -5.2391195e-01
 -1.6687044e+00
 -5.1778864e-02
 -3.3498418e+00
  1.3339022e-01
 -1.7737995e+00
  1.0890670e+00
 -2.3786658e-01
  5.9632510e-02
 -2.2883577e+00
  2.9935157e-01
 -3.4038430e-01
  1.4851829e-01
  4.9741560e-01
 -1.0109261e+00
  7.2916877e-01
  6.4086080e-02
  1.0429190e+00
 -9.8712140e-01
  1.3252541e+00
  3.4987912e+00
  1.0970844e+00
  7.3183703e-01
  6.8387592e-01
  9.9449080e-01
  9.0510435e-02
  6.7286026e-01
  7.7412479e-02
  7.8753531e-01
  4.8814481e-01
  4.9758142e-01
 -8.7319809e-01
  5.9189063e-01
  7.9562348e-01
 -9.7912085e-01
  1.3337432e+00
  1.1943892e-01
 -4.3712792e-01
  3.6860579e-01
  1.0261340e+00
  3.4016433e-01
 -1.6284176e+00
 -1.7880715e-01
  1.4369289e+00
  1.7879814e-01
  3.1244321e+00
 -4.1483674e+00
  1.6592430e+00
 -1.4490328e+00
  1.4478705e+00
  6.6823292e-01
  2.0340912e+00
  1.0461752e+00
 -8.8775098e-02
  1.1349038e+00
 -1.4350427e+00
  4.6743903e-01
  1.4814005e+00
  8.4998733e-01
  6.1587840e-01
  8.1252307e-01
  7.4760830e-01
  1.4415314e+00
  2.5510371e+00
  3.5765309e+00
  1.1844608e+00
 -1.1380409e+00
  9.2800498e-01
  2.9720619e+00
  1.1762688e-02
  1.1924093e+00
  3.7715986e-01
  1.2389098e+00
  2.3066559e+00
  9.8376560e-01
  1.5449134e+00
  4.9555999e-01
  1.5606354e+00
  3.1793115e-01
  2.0006914e+00
  5.8287334e-01
  2.1657512e-01
  1.8884243e+00
  3.3720183e-01
  9.3241298e-01
  1.1041210e+00
  1.2651072e+00
  4.6760848e-01
  6.4634991e-01
  5.6494778e-01
  3.4141144e-01
  2.9967847e-01
  1.4557850e-01
  7.3033237e-01
  4.1908857e-01
  5.1958793e-01
  1.2964095e-01
 -5.8566134e-02
 -9.5524102e-01
 -7.0925426e-01
 -2.0503940e-01
 -1.8890344e-01
 -1.7437773e+00
 -1.3398285e+00
 -1.7254533e+00
 -1.8116709e+00
  3.0688706e-01
 -4.1160846e-01
 -8.7164289e-01
  1.5805442e+00
  8.2123470e-01
 -1.8239421e-01
 -1.5565118e-01
 -2.8917506e-01
 -9.8553437e-01
  2.9527223e-01
 -1.4016315e+00
 -1.3246171e+00
  7.6327831e-02
  3.1647944e-01
 -6.5568382e-01
 -1.0078343e+00
  1.3491286e+00
  4.3757850e-01
 -1.1609634e-01
  9.5040649e-01
 -1.0793184e+00
  3.5164206e+00
 -1.4290569e+00
  4.5270079e-01
 -3.3435838e+00
  3.7110548e-02
 -1.1808114e+00
 -7.6422226e-01
  4.9279356e-01
  2.1759770e+00
  2.0772873e-01
 -6.1030984e-01
 -8.4209150e-01
 -5.9006745e-01
 -7.9396926e-02
 -1.1802301e+00
  1.3895307e+00
  1.5668967e-01
 -4.1328678e-01
 -1.6056218e+00
  1.1583151e+00
  9.2710602e-01
  7.4944890e-01
  1.7148556e+00
  8.8507855e-01
 -5.4317981e-01
  1.4969630e+00
 -1.1947181e+00
 -1.7707001e+00
  2.1882684e+00
  1.3277531e+00
 -2.2291713e+00
 -3.0424636e-02
 -1.9561195e+00
 -5.6707472e-01
 -2.2290161e-02
 -6.8880302e-01
 -2.1137207e+00
 -5.4705280e-01
 -8.8401914e-01
 -1.2315810e+00
 -4.9642823e-03
 -8.9400184e-01
  9.4852991e-02
  7.3723453e-01
  5.0149220e-01
 -1.0495849e+00
  4.7036796e+00
 -5.8795136e-01
 -1.4112570e+00
 -7.4079949e-01
 -3.9852259e-01
 -1.2550123e+00
 -3.5979763e-01
 -8.6807579e-01
  1.1902837e+00
 -9.1433662e-01
 -8.9144808e-01
 -1.7789914e-01
  5.4696167e-01
  1.5726855e+00
  2.1180394e-01
 -5.2568328e-02
  6.6929817e-01
 -2.2798166e+00
  3.3501722e-02
  9.3556696e-01
 -8.7450272e-01
  5.3989130e-01
 -5.1085192e-01
 -1.8373947e+00
  7.6374680e-01
 -1.2696546e+00
 -1.8707969e+00
 -1.2342576e+00
  1.3315352e+00
  2.5528035e-01
  1.6930490e+00
 -5.1911253e-01
  4.9430017e+00
 -1.1677164e+00
 -5.9746927e-01
  5.3783822e-01
  7.8741854e-01
 -7.6277983e-01
  7.2283077e-01
 -1.2425089e+00
 -1.2360588e+00
  8.2240129e-01
 -9.4069475e-01
 -1.6268159e+00
  4.1614658e-01
 -5.4831700e-03
  1.6180562e-02
  4.8877820e-01
 -2.3960619e+00
  5.3566530e-02
  3.7081450e-01
 -1.1118332e+00
  2.1579659e+00
 -1.0542682e+00
  9.0789825e-01
 -3.4702209e-01
 -9.0410012e-01
  1.0814797e+00
  1.3598725e+00
 -7.3270071e-01
 -1.0585561e+00
 -9.0582782e-01
 -1.7815753e+00
 -9.8420119e-01
 -1.9557523e+00
 -3.0333242e-01
 -3.6554470e+00
  7.4418133e-01
 -1.1461977e+00
  1.4587118e-01
  1.2372534e+00
  4.7571692e-01
 -1.3323258e+00
  5.8673060e-01
 -1.5789376e+00
 -1.4790072e+00
 -3.3704942e-01
 -5.4385608e-01
  4.0851420e-01
  2.7374917e-01
 -6.1845678e-01
  2.4695714e+00
 -2.4350319e+00
 -1.3754150e+00
  2.9927203e-01
 -2.1184325e+00
  5.2459377e-01
 -6.9232410e-01
 -1.1132926e+00
 -2.5984851e-01
  1.9849747e-01
  5.8584895e-02
 -1.2401819e+00
 -3.0384767e-01
  1.8525991e-01
  1.6705468e-01
  4.3201080e-01
 -4.5322725e-01
  2.9643447e+00
 -2.8209344e-01
  3.2565731e-01
  9.1179699e-01
 -2.9563487e-01
 -1.6347008e+00
 -3.2098800e-01
 -1.4584893e+00
 -3.3211493e-01
  1.4393326e+00
  9.0394270e-01
 -1.1691368e-01
 -4.5132792e-01
  1.2306229e+00
 -1.2283742e-01
 -1.0736583e+00
 -5.7584715e-01
 -1.0083257e+00
  4.2244475e-03
 -1.1560056e+00
 -1.1805456e+00
  2.3219674e+00
  2.4469054e+00
 -3.8255453e-02
  9.6113724e-01
 -4.5730323e-01
  6.3009627e-02
 -1.4072676e+00
  2.7265903e-01
  7.1085346e-01
 -1.3228911e+00
 -1.3761129e+00
  2.3198638e+00
  1.0000448e+00
  1.1147439e+00
  1.9983124e+00
  1.3431780e+00
 -1.7738024e+00
  7.5653017e-02
  1.2943062e+00
 -5.8385116e-01
  5.0188673e-01
 -3.7486607e-01
 -6.0519293e-02
 -3.0220063e+00
 -4.4577134e-01
 -3.4810541e+00
 -2.8655994e-01
 -4.4690692e-01
  9.2610598e-01
 -8.5067815e-01
 -2.8018785e-01
 -2.4200990e+00
 -3.9131919e-01
  2.5338817e+00
 -2.2429719e+00
  5.4456115e-01
 -1.0364416e+00
  3.4819180e-01
 -4.6024108e-01
 -1.3554995e+00
 -3.8534412e-01
  1.9889761e+00
  2.2460513e+00
 -2.7329214e+00
 -5.6816363e-01
 -3.6065893e+00
 -7.2733539e-01
 -5.7840735e-01
 -1.3221608e+00
 -5.9160244e-01
 -6.1329687e-01
  6.5687485e-02
 -3.1932288e-01
 -9.6414274e-01
  8.4653124e-02
 -1.7926674e+00
  1.2393508e+00
  6.8902206e-01
 -2.0335457e+00
 -1.8547589e+00
 -1.7400858e+00
 -7.7968910e-02
  1.5155729e+00
  1.4715608e+00
  8.8615710e-01
  5.3025270e-01
  2.2740273e+00
  1.8722415e+00
  9.9856639e-01
  3.0645669e+00
 -5.7386625e-01
 -1.4652774e+00
 -1.1001390e+00
 -1.1014184e+00
  1.8790077e+00
  1.5860389e-01
 -1.2684803e+00
 -2.2948570e+00
 -2.4281225e-01
  9.8070204e-01
  2.4341354e-01
  5.2180827e-02
  4.2210740e-01
 -1.6175491e-01
  4.9267000e-01
 -2.9706204e+00
 -2.4544549e+00
  3.4292779e+00
 -2.4211337e-01
  2.1425305e-01
 -2.8455486e+00
  1.5961193e+00
  1.1739839e+00
 -9.8732635e-02
 -5.7917053e-01
  3.6655253e-01
  6.1148548e-01
 -1.3368046e+00
  9.0816408e-01
  9.6208394e-01
  2.3341854e+00
 -2.3748667e+00
  1.7262684e+00
 -1.5127736e+00
 -2.0771383e-01
  9.1913712e-01
  2.7921011e+00
 -1.0212054e+00
 -8.7285382e-01
  2.4750810e+00
 -2.7267626e-01
  3.7027027e-02
  8.8434142e-01
 -1.1150695e+00
  3.3079362e-01
 -9.2713714e-01
  3.1568107e-01
  2.5248361e-01
  1.4909066e-01
  6.1866242e-01
 -2.0832868e-01
  6.5161461e-01
 -3.9384282e-01
 -4.9749130e-01
 -3.0226183e+00
  1.6013620e+00
  1.1721249e+00
 -4.7419983e-01
  4.4900686e-01
 -2.9384699e-01
 -6.1684036e-01
 -1.1285794e+00
 -8.1176776e-01
  1.7185571e+00
 -8.2472098e-01
 -2.1018195e+00
  1.8600961e+00
 -1.0960491e+00
  4.2085138e-01
  4.9457437e-01
 -3.8160600e-02
 -4.4682363e-01
  7.7989626e-01
  1.3075459e+00
 -9.7854602e-01
 -3.7113112e-01
  7.2566047e-02
 -3.7767062e-01
 -8.3543342e-01
 -1.9818668e+00
  6.4526522e-01
 -4.7680727e-01
  7.8084648e-01
 -2.0186819e-01
  1.1889317e+00
  9.0899847e-02
 -2.6335633e-01
  1.0674636e-01
  7.0263314e-01
  8.7530077e-01
 -1.9449089e+00
  7.2069645e-01
 -2.3201402e-02
  2.3706977e+00
  1.8467296e+00
 -1.4462157e+00
  2.7508450e-01
  2.0832253e+00
 -5.1652322e+00
  1.3501946e+00
 -1.2012441e+00
  2.3798406e+00
  1.8236488e+00
 -2.5318712e-01
 -2.7151368e+00
  2.1049666e+00
 -1.0932305e+00
 -2.3378878e+00
 -2.4023010e-01
 -6.9764465e-02
 -2.4674430e+00
  1.2757286e-02
  1.6731201e+00
 -1.2136587e+00
  9.7150940e-01
  2.1778982e+00
  1.0899156e+00
  1.8372321e+00
 -1.0723053e+00
  8.0116951e-01
  1.3641028e+00
 -5.7875431e-01
 -9.7622025e-01
 -5.0245583e-01
 -3.5895887e-01
  2.1907315e+00
 -1.2394550e+00
  1.3777242e+00
 -7.1864553e-02
 -2.3734374e+00
  1.3389745e+00
  8.4039086e-01
  1.1773231e+00
  1.0323912e+00
  6.9688237e-01
  3.9344192e-01
 -1.3520570e+00
 -1.0713618e-01
 -1.2189984e+00
  1.3897564e+00
 -9.9513799e-02
  7.8386790e-01
 -4.2786166e-01
  1.8487332e+00
  3.4465978e-01
  1.7459403e+00
 -1.5702095e+00
  2.0882834e-02
  6.2824672e-01
 -5.6655604e-01
 -1.7668666e+00
 -7.2169667e-01
 -7.3372185e-01
  1.2607776e+00
 -1.7352875e+00
  3.1116062e-01
  3.2712884e-02
  8.1197131e-01
  1.8896538e-01
  4.0854797e-01
  7.8808093e-01
  1.1562347e+00
  2.1541560e+00
 -1.0705469e+00
 -9.8635566e-01
  1.5063010e-01
  8.1393617e-01
 -7.9463613e-01
 -7.7327079e-01
  5.7437378e-01
 -9.5543605e-01
  5.8273846e-01
  4.6885985e-01
  7.5701982e-01
  2.9820085e-01
  1.0206342e+00
 -6.9649440e-01
 -3.2312781e-02
 -9.9075431e-01
  2.3349593e+00
  4.2400524e-01
 -9.4286203e-01
  1.6036952e+00
  1.4322277e+00
 -9.7400045e-01
 -4.0168810e-01
 -1.5428473e+00
 -6.2605071e-01
  2.7238414e-01
 -1.6366705e+00
  6.9916368e-01
 -3.7133837e-01
 -8.8579488e-01
  1.1614500e+00
  4.1917467e-01
  1.1310841e+00
 -2.0024204e+00
  2.0941896e+00
 -1.8714666e-01
 -3.8204804e-01
  8.5470825e-02
  7.1315205e-01
  1.4461299e+00
 -7.8580993e-01
  4.7148636e-01
 -2.0940390e+00
  1.9618244e+00
  8.9496589e-01
  2.3933056e-01
  5.0183784e-02
 -1.3244480e+00
 -1.2882155e+00
 -8.6471850e-01
  1.6976200e+00
 -2.3497376e+00
  1.2288891e+00
 -2.2496121e-01
  2.9281197e+00
 -8.0801323e-02
  2.9432075e+00
 -7.7157056e-01
  4.1915163e-01
  1.0046839e+00
 -1.4929235e+00
  8.1322396e-01
  1.9287778e-01
 -3.7052193e-01
 -7.2654098e-01
 -1.9955380e+00
 -3.1907558e-01
  2.7603894e-01
  5.3100789e-01
 -4.4494161e-01
  2.8731495e-01
 -1.0436527e+00
 -5.6350514e-02
 -1.1107281e+00
 -4.7407180e-01
  4.5060906e-01
  6.7881417e-01
 -1.4434452e-01
  9.3999833e-01
  2.4233174e-01
 -2.9713896e-01
  4.2601463e-01
 -7.5844032e-01
 -8.3341157e-01
 -8.2424521e-02
  5.4786378e-01
 -6.7155123e-01
 -5.3215569e-01
  4.5000556e-01
 -4.4510683e-01
  1.1546375e+00
 -1.2678851e+00
  2.0446997e+00
 -1.6500615e+00
  7.4204761e-01
 -1.1974138e+00
  1.2683032e+00
 -9.0474439e-01
  9.0897417e-01
  1.7486225e+00
 -1.2702894e+00
  2.9357961e-01
  2.8224878e+00
 -2.7125636e-01
  1.0037860e+00
 -7.4489224e-01
 -9.5581263e-01
  1.6956984e+00
  2.7174671e+00
  6.2321175e-02
  1.8437992e-01
  1.3284483e+00
  9.8543936e-01
 -1.0499471e+00
  1.0666994e+00
  1.8562728e-01
  1.7813133e-01
  9.6350664e-01
  1.7144741e+00
  3.9326506e+00
  4.5203054e-01
 -1.3724420e+00
  9.4924086e-01
 -1.5751837e+00
  8.6982381e-01
  1.5440246e-01
  1.8835928e+00
  1.8016690e+00
  2.6905389e+00
  1.6019249e+00
 -8.7438327e-01
 -2.5672586e+00
 -1.5739553e+00
  2.3810875e+00
  1.0117173e+00
 -1.2880291e+00
  1.5950663e-01
  4.4508672e+00
  3.0526333e+00
 -1.4883596e+00
 -3.0650749e+00
  4.5103207e-01
 -4.7473094e-01
 -2.5977403e-02
  9.8376071e-01
  6.6584677e-01
  2.8065321e-01
 -3.5631126e-03
 -2.2464361e+00
  3.9925149e-01
 -6.3259321e-01
 -5.7528442e-01
 -4.8403439e-01
 -4.9928620e-01
  1.1593934e+00
 -5.2525783e-01
  3.6365935e-01
  1.1884719e+00
 -2.3454918e-01
  1.9219193e+00
 -1.5004120e+00
 -3.3237541e-01
 -1.8353977e+00
 -1.6305633e+00
 -4.0854912e+00
 -5.1695800e+00
  1.5170543e+00
 -5.9959823e-01
  1.2236360e+00
 -2.4165301e+00
 -1.0571693e+00
  5.3642076e-01
  1.1535273e+00
  9.3334609e-01
 -2.5058839e+00
 -1.4954661e+00
  3.9414203e-01
  9.9529827e-01
  1.1699935e+00
 -6.0042518e-01
  9.0746045e-01
 -4.1360840e-01
  5.5217814e-02
  1.2202841e+00
  6.9926709e-01
  7.3417896e-01
 -1.2325715e-01
  1.0023736e+00
  3.6952111e-01
  1.2827402e+00
 -1.5265727e-02
 -2.0067075e-01
  6.1101818e-01
 -1.3451958e-01
  5.3718024e-01
  1.4191856e+00
  2.2697018e-01
 -4.8703486e-01
  1.9213910e-01
  2.5068436e+00
  8.7086034e-01
 -7.5633353e-01
  8.9415121e-01
 -1.2947997e+00
  2.6795441e-01
  1.4230014e+00
  2.1007188e-01
  5.9800774e-01
 -1.0338008e+00
  1.0317843e+00
  2.9312044e-01
  1.4697087e+00
  1.9848143e-01
  5.7905221e-01
  5.7156140e-01
  1.6976894e+00
 -3.0240487e-02
  6.9360453e-01
  3.6362579e-01
 -4.6507126e-01
  2.6783320e-01
 -3.1016240e-02
 -9.8795068e-01
  1.3666868e+00
  9.0038800e-01
 -1.6031765e+00
  6.2960632e-02
 -1.1692268e+00
 -2.2861271e+00
  1.0821152e-01
  1.8749785e+00
  3.0029517e-01
 -2.2170031e-01
  4.4522905e-01
  4.2477563e-01
 -9.4424658e-02
  2.0168044e-01
  2.0002453e-01
  1.0419369e-02
 -9.0573376e-01
  2.3817745e-01
 -7.8314833e-02
  1.6200149e-01
 -1.2747377e+00
  2.0186822e+00
  5.3258431e-01
 -2.6565537e+00
  1.0475594e+00
  2.3520885e+00
  1.1441363e+00
 -9.4837189e-01
  2.3486742e-01
 -4.1881099e-02
 -1.7313011e-02
  1.0622087e+00
 -1.6211191e+00
  4.6478990e-01
  7.3786640e-01
  1.3788000e+00
  1.1139544e+00
  1.0166019e+00
 -1.7526799e+00
  1.8697195e-01
  1.1314316e+00
 -5.2260089e-01
 -1.1536802e-01
 -2.5990957e-01
  3.7959036e-01
  2.1903813e+00
  5.5967820e-01
 -1.5166310e+00
 -2.6661199e-01
 -5.0770581e-01
 -1.2348305e+00
  7.2950298e-01
  1.5385743e+00
 -1.9624741e-01
  2.9644556e+00
 -2.4537987e-01
  8.1918061e-01
 -1.9693357e-01
 -3.1300011e-01
  8.0550659e-01
 -1.7839483e+00
  1.0293994e+00
  1.4196029e+00
 -4.6221015e-01
  1.2362446e+00
 -5.7969099e-01
  7.9458475e-02
  1.1252598e+00
  1.8594966e+00
  9.9412763e-01
 -6.8274921e-01
  2.5053069e-01
  5.0240552e-01
 -6.5849620e-01
 -7.8202844e-02
 -6.6527307e-01
 -1.5154173e+00
 -7.1696095e-02
  3.4397039e+00
 -1.6526280e-01
  1.2909029e-01
  1.2330322e+00
  2.8735951e-01
 -7.4170870e-01
 -1.4970427e+00
 -1.1036361e+00
 -4.9366677e-01
  1.1877153e-01
 -2.1048627e+00
  2.0213768e+00
  2.0235483e-01
 -1.6641753e+00
  4.1246510e-01
  1.8615291e+00
 -1.3594141e+00
 -4.2648215e-02
  9.7327042e-01
  4.0129681e+00
  1.4811047e+00
 -9.4155437e-01
  1.2237803e+00
  1.3219066e-01
  1.8854216e+00
 -5.5369958e-02
 -1.8232350e+00
  3.0929329e+00
  2.7192678e+00
  4.0740566e+00
  1.2400053e+00
  6.5366644e-01
 -2.3988268e+00
  2.1121364e+00
 -5.4338837e-01
 -1.5620836e+00
  2.3978813e+00
 -1.7131239e+00
 -3.3451977e+00
  2.2899513e+00
 -6.2123402e-03
  8.3225042e-01
  1.7295465e+00
  1.7583513e+00
 -6.0932940e-01
 -6.9100685e-02
 -2.1256077e+00
  1.2130705e+00
  3.1631167e+00
  1.4226265e+00
  4.1753769e-01
  2.9390037e+00
 -2.0577316e-01
 -4.3697032e-01
  8.5435581e-01
  1.0510296e+00
  3.1170267e-01
  1.0106122e+00
  8.1438730e-03
  2.4688661e-01
  5.1677990e-01
  1.3640708e+00
  1.4504156e+00
  2.7616577e+00
  1.2104044e+00
  3.3264881e-01
  1.5314715e+00
 -2.2522459e+00
  5.5016798e-01
  1.9209857e-01
  3.5275897e-01
  2.4916421e-01
 -1.2709012e+00
  9.3737656e-01
  9.2944175e-01
  7.8154474e-01
 -1.4783390e+00
  2.2170584e+00
 -2.2605970e+00
  7.1053630e-01
 -1.4375495e+00
  1.8320481e-01
  1.1361574e+00
 -1.1906545e-01
  3.2519314e+00
 -4.0250176e-01
  1.5376489e+00
  1.7431258e+00
  5.5017763e-01
 -1.8619101e-01
 -1.1543534e+00
 -5.8492339e-01
 -2.1037422e-01
 -9.0486085e-01
 -2.3889391e-01
  9.8481059e-01
  4.8240924e-01
  4.7114924e-01
 -9.1443503e-01
  7.7300274e-01
  2.4320397e+00
  1.0134991e+00
  6.2219870e-01
  3.8751287e+00
  1.6115156e+00
  2.9653358e+00
 -3.1225269e+00
 -4.7863033e-02
  1.3683554e+00
 -1.5902917e-01
  1.2868340e+00
  2.1357429e+00
 -2.1716569e-01
 -1.4944990e-01
 -4.6280317e-02
  8.7479889e-01
 -1.3370111e+00
 -1.0769973e+00
 -2.2423215e-01
  1.1446303e+00
  1.0712627e+00
 -2.0331912e+00
 -9.4134116e-01
 -3.0740309e+00
 -8.0042505e-01
  5.3876185e-01
  1.9303932e+00
  2.0288122e-01
 -3.7605412e+00
  1.5917526e+00
 -1.1912951e+00
  1.3131673e+00
 -4.4378927e-01
  5.1789069e-01
  3.4792021e-01
  2.1344340e+00
 -1.0007646e+00
  5.6222081e-01
  1.0463030e+00
 -8.3698189e-01
  1.2532483e+00
  2.0748542e-01
 -1.4663914e+00
 -1.3522457e+00
  4.2051443e-01
 -2.9565861e+00
  7.6991498e-02
 -6.7390585e-01
  2.6948038e-01
  4.3865848e-01
  6.8278170e-01
 -2.1419678e+00
 -1.3814913e+00
  8.1773436e-01
  7.3148137e-01
 -2.5744803e+00
  7.7537936e-01
  7.2303152e-01
  1.5082701e-01
  1.1422564e+00
  7.7625120e-01
  3.3818731e-01
  5.8141750e-01
  2.4886785e-01
 -1.7255098e-01
 -1.6556133e+00
  1.1658137e+00
 -4.2432782e-01
  1.4420952e+00
  3.8469877e-02
 -4.0655625e-01
  1.3605121e+00
  1.2854268e-01
  1.1645677e+00
  1.5314457e-01
 -2.0465587e-01
  1.1423942e+00
 -3.1799480e-01
 -1.6265780e+00
  2.1749200e-01
 -2.1221025e-01
  2.5970662e+00
  8.0019945e-01
  5.1750326e-01
  2.9170641e-01
 -3.2546628e-01
  1.0425994e+00
 -2.9620140e+00
 -1.3975422e+00
  1.9175357e+00
  7.7515417e-01
  1.1650851e+00
 -2.5996897e+00
 -6.7714378e-02
 -4.0165886e-01
 -1.4508829e+00
  1.1495865e-01
  2.5863245e-01
  3.3619410e-01
  6.8388408e-01
 -5.6451544e-02
  1.1290995e+00
  1.1302738e+00
  3.1317821e-01
 -2.3883240e+00
 -2.2060533e+00
 -1.9822875e-01
 -1.8128231e+00
  9.6076387e-01
 -1.7137508e+00
 -1.4465876e-01
  1.0619016e+00
 -8.4738648e-01
  2.4932504e-01
 -7.1905917e-01
  7.0931651e-02
 -3.8807189e-01
  5.9237289e-01
  6.8062955e-01
 -1.9902233e+00
 -1.8209371e-01
 -2.0452983e+00
  1.6352875e+00
  1.8095393e+00
  1.9563104e+00
 -1.3555210e+00
 -8.0099261e-01
 -6.1936092e-01
 -3.4866333e-01
  3.7615114e-01
  1.3396292e+00
  3.3868384e-03
 -4.8794115e-01
 -8.2524963e-02
  2.2606982e-02
 -9.1149056e-01
 -3.2961774e-01
 -1.5242095e-01
 -3.2860592e-01
 -7.0981020e-01
 -6.8015724e-01
 -1.8472242e+00
 -1.4984413e+00
  1.0341923e+00
  1.0598633e+00
 -5.9637153e-01
  1.2886068e+00
  9.4868705e-02
  4.4668677e-01
 -1.1115336e+00
 -1.2325568e+00
 -1.6298867e+00
 -6.8189108e-01
 -5.9386599e-01
 -6.1984217e-01
  6.3928902e-01
 -2.5058383e-01
  4.2709575e+00
  9.3749964e-01
 -1.4641862e+00
  7.6221573e-01
  1.1700321e+00
  1.6686542e+00
 -2.8451481e+00
 -1.0727063e+00
 -3.8896170e-01
 -6.1350554e-01
 -1.6757169e-01
 -1.2430118e+00
 -9.3277663e-01
  2.2687900e+00
  9.1737837e-01
 -1.6429271e+00
  2.7144728e+00
  6.0068703e-01
 -1.1894666e+00
  3.3759341e+00
  1.5893409e+00
  6.6086566e-01
 -8.4081340e-01
  8.2682532e-01
  7.0016098e-01
 -8.7792426e-01
 -1.1042942e+00
 -2.0530228e-01
 -8.9449340e-01
  9.0820944e-01
 -1.4570986e+00
  1.8093957e+00
 -1.9113775e+00
  1.2000041e+00
  9.2813501e-04
  1.4749550e+00
 -6.9876868e-01
  1.1712092e+00
  3.6128116e+00
 -1.1167237e+00
 -2.7022486e+00
 -1.8778937e+00
  6.3193661e-01
 -2.5341108e+00
 -5.6990850e-01
 -1.2437924e+00
  7.9685152e-01
 -1.1108845e+00
 -2.6550987e+00
  1.3643717e+00
  2.1692179e-01
 -1.3139857e+00
  4.0813050e-01
 -3.5740051e-01
 -2.6163330e+00
  4.0270072e-01
 -2.6416582e-01
 -2.6654452e-01
 -2.0062850e-01
 -3.1431389e-01
  3.3219678e+00
 -2.6957774e-01
  3.3082953e-01
 -1.8896438e-01
  2.8068092e-01
  6.2581830e-02
  1.0422266e-01
  3.4337450e-02
  7.4591988e-01
  1.9008006e-01
 -5.3226370e-02
  1.0432503e+00
 -3.9439800e-01
  2.8533068e-01
  1.1427700e-02
  9.0890676e-02
 -4.5347018e-03
 -9.8803565e-02
  4.5142088e-02
 -5.2874640e-02
 -4.0969875e-01
  8.9578164e-01
  2.9581800e-01
  2.2973999e-01
  2.5923201e-01
  9.5527828e-02
 -3.7648362e-01
  2.9563665e-04
  3.0305856e-01
 -3.7177408e-01
 -1.9213858e+00
  2.8478742e-01
 -8.3911020e-01
  3.6077797e-02
  7.1150810e-02
 -6.5325633e-02
 -2.1197399e-01
  1.3221289e-01
 -4.1471869e-01
  1.2517075e-01
 -1.1539930e+00
 -6.1871684e-01
 -1.5115654e-01
 -1.4799826e-01
 -1.8367404e-01
  4.7428635e-01
 -3.1625688e-01
 -2.2083690e+00
 -9.9479544e-01
 -6.8630159e-01
 -1.5112758e-01
  1.1367676e+00
  3.2899272e-01
  1.7060899e+00
  2.6157024e+00
 -2.1881588e+00
 -4.7128153e-01
 -1.2618519e+00
  4.8398522e-01
 -1.4367908e-01
 -6.0916108e-01
 -2.4530742e+00
  2.1508949e-01
  8.9652759e-01
  1.2214620e+00
 -1.3148843e-01
  9.0052915e-01
 -2.0904701e+00
 -8.1681937e-01
 -1.6073480e+00
 -2.2202873e+00
 -2.4020152e+00
 -1.2841520e+00
 -1.6319415e-01
 -2.0523038e+00
 -1.7068272e+00
 -1.1525881e+00
  1.1897942e+00
 -1.4002339e+00
  1.7901920e-01
 -1.6088693e+00
 -2.6689819e-01
 -8.8680720e-01
 -4.5165816e-01
 -4.0929797e-01
  4.5337445e-01
 -9.0767980e-01
 -1.7630516e+00
  2.3350375e-02
 -2.4132516e+00
  3.6184818e-01
 -1.4748356e+00
  1.7979521e+00
 -2.7798706e-01
 -6.2328294e-02
 -9.7388512e-01
 -6.4754957e-01
  1.3066852e+00
 -1.7524763e+00
  5.5183101e-01
 -2.4849800e-03
  1.4774822e+00
 -7.2807127e-01
 -1.2205251e-01
  5.0432485e-01
 -3.0179822e-01
  8.3608341e-01
 -1.4621812e+00
 -3.0496860e-02
  5.7396114e-01
  1.9283986e+00
  9.8435283e-01
  5.1938879e-01
  2.4395448e-01
  7.0748657e-01
  1.9391949e-01
  6.8646401e-01
  4.4377470e-01
  2.5026983e-01
 -5.6488186e-01
 -7.5315244e-02
 -1.4700614e-01
  4.1536552e-01
 -7.8470594e-01
  7.9978444e-02
 -3.9250007e-01
 -4.4886923e-01
  1.1122783e+00
  1.1389689e+00
  2.7417758e+00
  1.3059787e+00
 -2.2772431e-01
  6.3829452e-01
  3.2788137e-01
 -2.8617887e+00
 -1.3823338e+00
  2.0972419e+00
  1.8891066e+00
  1.8282543e+00
 -2.0076416e+00
 -1.4933561e+00
 -3.4264395e-01
  3.3722019e+00
  1.6461027e+00
  1.6357998e+00
 -1.2764776e+00
  2.5341775e+00
  5.8679957e-02
 -6.2060809e-01
 -1.8435614e+00
  1.1805563e+00
  6.1798906e-01
  2.4698455e+00
  1.7718000e+00
 -7.1300673e-01
 -8.0041206e-01
 -1.0179791e+00
  4.6385000e-03
 -2.2736549e-01
 -1.1382289e+00
  1.0760678e+00
  8.4457827e-01
 -1.9195168e+00
 -1.2343602e+00
 -2.0958207e+00
  2.0108547e+00
 -2.7130609e+00
 -2.1792228e+00
 -2.3529755e-01
 -7.2180420e-01
  5.6232029e-01
 -7.8914098e-02
 -1.8265536e+00
 -1.1143287e+00
 -2.9301143e-01
  1.9310937e+00
 -2.3806429e+00
  5.6846786e-01
 -1.5892450e+00
  1.9683567e+00
 -9.5208788e-01
 -1.0318134e+00
 -9.2826301e-01
  1.1416447e+00
  8.0574018e-01
  1.5076557e+00
  3.7300456e-02
  7.2492653e-01
 -7.0125347e-01
  3.2219657e-01
  2.6694303e+00
 -9.4529009e-01
  8.5360456e-01
  9.1786096e-03
  7.5266182e-01
  9.8442376e-01
 -7.5567907e-01
 -3.6518705e-01
 -4.1538578e-01
 -7.4606776e-01
 -2.1170933e+00
  6.4154345e-01
 -1.1321890e-01
 -2.6865976e-02
  2.0647553e-01
  1.9971800e+00
  6.9412112e-01
 -2.3998542e+00
 -1.2581171e+00
  2.1332252e+00
 -2.6268691e-01
  1.2600899e+00
 -4.8702497e+00
  2.3446660e+00
  1.0371350e-01
  2.0156856e-01
 -2.1272199e+00
  2.2126887e+00
 -1.2638692e+00
 -3.1952831e-01
  7.7571608e-02
  1.7025723e+00
 -3.5602584e+00
 -1.6748523e+00
 -5.2221376e-01
 -8.3193034e-01
 -1.0851622e+00
 -1.9275673e-02
 -2.1092734e+00
 -1.2117444e+00
 -3.2223182e+00
  6.3083637e-01
 -1.0989190e+00
  3.6787269e+00
  2.0399256e+00
  1.1023901e+00
 -1.2704260e+00
  5.1464467e+00
  1.1966701e+00
  1.2228777e+00
  1.6973687e+00
 -7.7228701e-01
  1.5339787e+00
 -6.4189178e-01
  1.0986843e+00
  9.7892843e-02
  1.0634634e-01
 -1.6190888e+00
 -1.0821931e+00
  1.4561101e+00
  1.8041946e+00
 -1.7611620e-01
 -5.3438914e-01
 -5.8699304e-01
 -1.3927557e+00
  2.9581828e+00
 -1.2992038e-01
 -1.4618325e+00
  8.6054403e-01
 -1.6943877e+00
  1.7062777e+00
 -1.6765055e-01
 -1.6738118e+00
 -4.0055236e-01
  2.2367041e+00
  1.2129889e+00
  1.7677803e+00
  8.1450272e-01
  2.6865223e-02
  1.6258296e+00
 -9.6751481e-02
 -7.1226990e-01
 -8.1198251e-01
 -6.0065722e-01
  1.0358711e-01
 -2.0296545e+00
  5.7998955e-01
 -3.8508022e-01
 -5.1328349e-01
 -8.7812239e-01
 -2.1750562e-01
  4.6692213e-01
  2.4104815e+00
 -6.7081815e-01
  2.1704395e+00
 -3.4616080e-01
  4.1698575e-01
 -1.5088282e+00
 -1.6045854e+00
  1.6032311e+00
  1.4223301e+00
  3.1395894e-01
 -6.2194325e-02
  2.9568217e+00
 -2.0609846e+00
 -1.4592823e+00
 -3.0824363e+00
 -2.2755523e+00
 -4.2644687e+00
  1.6008763e+00
  5.8759637e+00
 -2.3594514e-01
 -6.8741018e-01
 -4.2280558e-01
 -2.8583944e+00
  2.2076597e+00
 -8.8798505e-01
  9.2102402e-01
 -1.7657212e+00
  2.5016680e+00
  2.6353636e-01
 -1.8356121e+00
 -1.0054419e+00
 -1.7180700e+00
 -5.1817489e-01
  1.2569938e+00
  9.9276167e-01
  4.1871569e-01
  6.7311192e-01
  2.2205207e-01
 -3.1577733e-01
 -1.6629009e+00
 -2.5757282e+00
 -1.2173672e+00
 -3.3230159e-01
 -4.5037672e-01
  5.5765164e-01
 -2.0901604e+00
  7.6259714e-01
 -2.7664220e+00
 -3.9440846e-01
 -1.4616714e+00
 -1.4583308e+00
 -3.5950571e-01
 -7.3663229e-01
  7.1342373e-01
 -1.8664151e+00
  7.6651916e-02
 -2.1703229e+00
 -8.7556124e-01
  5.1983732e-01
 -1.7461349e-01
 -9.7086585e-01
 -1.5314685e-02
 -1.8047594e-01
 -1.3035104e+00
 -5.4175937e-01
  1.1489685e-02
 -1.8622461e-01
  7.7063876e-01
 -4.1649152e-02
 -1.0183150e+00
 -8.5979575e-01
 -3.1539264e-01
 -1.9715227e+00
  2.4348817e+00
 -7.7786934e-01
  6.1047673e-01
  1.6149472e+00
 -2.9514461e+00
 -6.7042172e-01
 -2.9170951e-01
 -1.7643374e+00
  8.4095299e-01
 -1.3133668e+00
  1.4666547e+00
 -1.5046575e+00
 -3.5293832e+00
 -6.0373765e-01
 -5.5956548e-01
 -2.4559434e-01
  3.0898407e-01
 -3.5674793e-01
 -7.6295161e-01
  2.0057154e-01
  3.0057389e-01
  1.3819347e-01
 -1.9501055e-03
  3.7756342e-01
 -2.4140193e+00
  4.4423267e-01
  2.3269722e+00
  1.7309791e-01
 -5.1312566e-01
 -3.1948030e-02
 -2.1465838e+00
 -2.0142889e+00
  4.0330023e-01
 -6.0064965e-01
 -1.8326244e+00
  1.1178237e+00
  1.1243705e-01
 -1.8384830e+00
 -1.1527340e+00
 -1.5502818e+00
 -5.9969664e-01
 -1.1834545e+00
 -1.0086557e+00
 -2.6020658e-01
 -1.4001414e+00
 -4.5823310e-02
 -1.3428552e+00
 -1.1008953e+00
 -4.0276182e-01
 -2.1704125e+00
 -5.8247632e-01
 -5.3688151e-01
 -4.6922562e-01
 -1.1024662e+00
 -3.7958694e-01
 -1.3804014e+00
 -9.4169092e-01
 -7.8297299e-01
 -1.4003935e+00
 -4.5407578e-01
 -8.7527126e-01
 -4.7705889e-01
 -9.9491781e-01
 -1.9209914e-01
 -1.1544368e+00
 -5.4803759e-01
 -8.7881869e-01
 -4.6634489e-01
 -3.3293056e-01
 -1.6351096e-01
  1.9002637e-01
 -3.9092058e-01
  7.9193031e-03
 -2.5003475e-01
 -2.2127135e-01
 -3.3939907e-01
 -2.2485648e-01
  1.3385618e-01
  7.7779144e-01
 -1.5426495e+00
  2.4395493e-01
  1.2363607e-01
  4.7628096e-01
 -4.6229085e-01
  7.6202029e-01
  5.4974294e-01
  7.8990765e-02
  2.2122823e-02
 -1.3854190e+00
 -6.1318070e-01
  1.6105853e-01
  1.8838511e+00
  4.3705907e-01
 -3.0522516e-01
 -1.4874297e+00
  2.6203835e-02
 -5.2435850e-03
  5.2502710e-02
  6.0551465e-01
  6.3677184e-02
 -2.5047314e-01
  1.0211182e-01
  1.0447803e-01
 -3.3846623e-01
 -1.3254194e+00
  1.2361233e+00
 -7.6273602e-01
  3.2657666e+00
 -2.2009823e+00
  1.6873066e-01
 -2.6299703e-01
 -1.4539675e-01
  1.6812047e+00
 -9.6098673e-01
  1.7796155e+00
 -1.4973266e+00
 -1.0505418e-01
  8.7868094e-01
  5.0737858e-01
  3.5016730e-01
 -1.2013444e+00
  1.1208723e+00
  7.0756942e-02
 -2.7971938e-01
 -1.9824011e+00
  4.3003273e-01
  1.6854416e-01
 -8.1547129e-01
 -8.3152764e-02
  5.3577423e-01
  1.0542864e+00
  4.7326249e-01
  4.4983870e-01
 -1.5429739e+00
 -2.1443208e-01
 -4.9567991e-01
  6.4731888e-02
  1.8114147e+00
  2.3339531e-01
  7.9917705e-01
 -2.6794183e-01
  4.9726665e-01
 -1.5075762e+00
  1.8708557e-01
 -1.3927691e-01
  4.7899067e-01
  1.3823520e+00
  2.9114047e-01
  3.4776583e-01
  4.2843305e-02
 -2.8886870e-01
 -3.4592974e-01
  3.8301221e-01
 -8.9098819e-02
 -5.8375430e-01
 -1.4392692e-01
  3.0551055e-02
  2.4650124e-01
  1.3388522e+00
 -4.9167511e-01
  1.3572879e-01
  2.7285177e-01
 -3.0629176e-01
 -1.7936616e+00
  1.9094267e-01
 -8.5476452e-01
 -3.6375618e-01
 -2.7874932e-01
 -1.3271910e-01
  3.9238366e-01
  4.8848820e-01
  4.1903225e-01
 -1.0227399e+00
 -1.1435551e-01
 -2.1447557e-01
 -2.3618889e-01
 -2.5647318e-02
  1.5917519e+00
 -1.0193551e+00
  9.7477520e-01
  5.2126455e-01
 -2.4411376e+00
  1.6748273e+00
  5.4236740e-01
 -6.4834577e-01
 -1.2288171e+00
 -1.4662236e+00
  1.3844414e+00
 -7.5009799e-01
 -4.5234919e-01
  1.4449703e+00
  4.0563222e-02
 -3.5951883e-01
  8.6865133e-01
 -2.2935901e+00
 -1.6799676e-01
  1.4283847e+00
 -1.8972939e-01
  7.3677450e-01
  1.2821420e-02
 -1.2030112e+00
 -3.1590910e+00
 -5.4917032e-01
 -9.3188924e-01
  3.3149377e-01
  2.5788122e-01
  1.8427432e-01
  6.9761112e-02
  1.4128985e+00
  6.2390935e-01
  1.4186094e+00
 -8.7829113e-01
 -9.8844564e-01
  3.9315569e-01
 -2.9487458e-01
 -1.6219673e+00
  1.1666124e+00
 -3.5174483e-01
 -3.6921456e-01
  1.1644359e+00
 -8.6837329e-02
 -2.3710907e+00
  5.4409450e-01
  6.6946340e-01
  8.9558136e-01
 -2.1802487e-03
 -5.2208853e-01
 -8.7002128e-01
  5.7581311e-01
  2.3538131e-01
  1.2236191e+00
  8.8389564e-01
  2.9876050e-01
  3.1041589e+00
 -3.9468214e-02
  1.4103092e+00
 -2.1991745e-01
 -1.6747259e-01
  4.8129898e-01
 -1.6944356e+00
  1.1940225e+00
  1.2768636e+00
  2.8270319e-01
  7.2047144e-01
  5.2596349e-01
  1.8143065e-01
  6.4903706e-01
 -9.5978814e-01
 -4.5694885e-01
  1.3624995e+00
 -6.6311702e-02
  1.5587095e+00
 -2.3256071e+00
 -7.8786719e-01
 -2.2130070e+00
  2.6103737e+00
 -1.8503311e-01
  2.3353064e+00
 -1.5189689e+00
 -1.8123753e+00
  2.0509655e+00
  6.0440648e-01
  8.4032023e-01
  6.6728599e-02
 -9.3121332e-01
 -3.1675130e-01
  2.3152204e+00
  1.5718856e+00
  6.0336000e-01
  1.2340628e+00
 -3.0296725e-01
  3.1614120e+00
 -5.1186061e-01
 -1.5360304e+00
  2.5442439e-01
 -1.3211735e-01
  1.5303026e+00
  2.8134164e-01
 -1.7061809e-01
  8.5475165e-01
  3.5549281e+00
  1.4039940e+00
  1.7368333e+00
  2.1777955e-01
  1.6035048e+00
  1.3690587e+00
 -1.8381380e-01
  6.5161097e-01
  1.9143529e-01
  1.3820865e+00
 -4.5587793e-01
  2.2132885e+00
  1.2717521e+00
  3.5849398e-01
  1.7700219e+00
 -1.2572188e+00
  1.1667780e+00
  2.4949992e+00
  2.8259287e+00
  1.0364767e+00
  1.0019865e+00
  2.2420454e+00
  1.3487787e+00
  7.6997709e-03
  2.0220129e+00
  1.2795421e+00
 -8.3028011e-02
 -2.2244227e-01
  6.5509003e-01
 -8.2747298e-01
 -2.2872420e-01
  8.0777276e-01
  4.6181914e-01
 -9.6508704e-02
 -8.7486960e-02
  6.3811696e-01
  1.1196235e+00
 -8.2307953e-01
  1.3040588e+00
  1.4877641e-01
 -2.2054594e+00
  9.8067492e-01
  1.1704075e-01
  2.5184008e-01
  1.6223196e+00
 -8.7173533e-01
 -5.7085329e-01
 -1.4490528e+00
 -2.0671043e+00
 -4.5150234e-03
  5.0610101e-01
 -1.7000080e+00
 -6.8822747e-01
 -1.8695648e-01
 -7.7286977e-01
  9.7475670e-02
  1.3963917e+00
  1.4293818e+00
 -5.7688463e-01
 -5.8216709e-01
 -9.3528205e-01
 -1.2442825e+00
  1.4533045e+00
 -9.9516344e-01
 -2.9728514e-01
 -4.3257239e-01
  1.5958484e-01
  5.3035152e-01
 -2.6812968e+00
  7.5367785e-01
 -1.9953148e+00
  1.3673681e+00
 -2.4438949e+00
 -1.3138236e+00
 -2.1834884e+00
 -1.3933654e+00
  6.1567854e-02
 -2.2468131e+00
  3.7562833e+00
  9.2993897e-01
 -2.1578441e+00
  1.3357811e+00
 -1.0711231e+00
  1.0781835e+00
 -2.8506885e+00
 -1.7578202e-01
 -6.0238328e-02
  1.3017217e+00
 -5.1456936e-02
 -1.6592718e+00
  3.3409923e-01
 -4.2248759e+00
 -9.1161233e-01
 -4.1886762e-01
 -8.8090765e-01
 -7.1868199e-01
 -6.4435911e-01
 -6.3853776e-01
 -6.8970150e-01
 -1.2930584e-01
 -1.1538103e+00
  7.0903438e-01
  3.5661945e-01
 -2.2081374e-01
  1.6415840e-01
 -3.0064752e+00
 -8.0241001e-01
  9.8218359e-02
  4.1123301e-01
 -1.2875131e-01
  7.7542049e-01
 -1.3501871e+00
  4.4495177e-01
 -5.2098215e-01
 -9.6131140e-01
  2.1018881e-01
 -7.0990719e-02
 -1.0194138e+00
  6.0176790e-01
  4.7321993e-01
 -8.9031726e-01
  5.9441525e-01
 -8.8125497e-01
 -6.8606086e-02
  2.6238126e-01
  4.0334398e-01
  4.5080185e-01
  1.7866789e+00
  1.3863462e-01
  1.4013547e-01
  7.9179955e-01
  1.7368725e-01
  1.8345293e-01
  1.3582681e+00
 -4.2497385e-01
 -1.6776124e-01
  6.0887837e-01
  4.7259358e-01
 -6.2350756e-01
  2.2522848e+00
 -4.9636710e-02
  3.0842406e-01
  2.5652096e+00
 -1.5903846e+00
 -2.0071777e-02
 -6.8554735e-01
 -1.0299464e+00
 -1.6210568e+00
  4.8898998e-01
  1.6738520e+00
  1.2439175e+00
 -2.1235500e-01
 -2.7916222e+00
 -1.4186070e+00
 -6.5171105e-01
  1.2411536e-02
  7.6218230e-01
  3.1895683e+00
  4.5129412e-01
 -5.3315109e-01
  2.1620417e+00
  6.1893612e-01
  3.6165828e-01
  2.0740621e+00
 -1.7823914e+00
 -1.2303716e+00
  1.9573197e+00
  1.8174889e-02
  4.6026880e-01
 -9.5432323e-01
  4.0174887e-01
  2.1932770e-01
  9.6506125e-01
  7.8401113e-01
 -4.3102732e-01
  1.4630495e-01
  1.7696659e-01
 -2.0249149e-01
 -1.3330121e-01
 -4.3477780e-01
 -3.9846584e-01
 -5.4165237e-02
  1.3122576e+00
  3.8664177e-01
 -6.0930967e-01
  3.8684171e-01
  2.1649711e+00
 -2.3211127e-02
 -3.1499448e-01
 -5.5826020e-01
  5.5424732e-01
  3.4242725e-01
 -1.9792441e+00
  2.9741529e-01
  5.3323895e-01
 -1.0906415e+00
  4.1284490e-01
 -3.2418811e-01
  3.2555082e-01
 -7.5448215e-01
  2.1136265e-01
 -1.3857681e+00
  1.0659175e+00
  2.4891980e-01
  7.6478308e-01
  9.5268369e-01
  1.0872943e+00
  8.7149197e-01
 -2.5550923e+00
  2.1974911e-01
 -6.9813266e-02
  2.8264994e-04
 -8.4509209e-02
 -8.0599076e-01
 -8.0991805e-01
 -1.4787523e+00
 -9.4580883e-01
 -8.0749625e-01
 -4.6583536e-01
 -3.1324956e+00
  6.0018802e-01
 -5.9361064e-01
 -6.2310958e-01
  6.6476059e-01
 -3.8124263e-01
  5.2620822e-01
  1.4505184e-01
  4.7994387e-01
  5.7810122e-01
 -7.3499799e-01
 -1.5057662e+00
  1.4334265e+00
  2.8470185e+00
  6.6984373e-01
 -2.2610471e-01
 -7.6395565e-01
  9.2983115e-01
  5.1285267e-01
 -6.3036335e-01
  6.2562614e-03
  5.6432718e-01
 -5.3247476e-01
  1.1855541e+00
  5.1308835e-01
 -2.0868855e+00
 -1.2484335e+00
  1.7034818e+00
  9.0076321e-01
 -3.9619601e-01
 -3.0964949e+00
 -2.1386533e+00
  5.0756204e-01
  1.5849585e-02
  1.9755378e-02
  1.2500556e+00
  2.5480518e+00
  6.1343795e-01
 -2.2011335e+00
 -6.9408488e-01
 -1.8617845e+00
  1.0820973e+00
 -9.8851711e-01
  8.7785012e-01
  1.1988593e+00
 -1.2832066e+00
  3.2587186e-02
 -1.0140753e+00
  6.6320306e-01
 -4.5754951e-01
  9.1633326e-01
  1.4977458e+00
 -1.3742442e-01
  1.6781305e-01
 -6.0343409e-01
  1.0740962e+00
 -3.5392931e-01
 -6.4567065e-01
 -2.5067866e-01
  6.1938334e-01
 -4.3696064e-01
  5.6052744e-01
  3.2401666e-02
  7.6819462e-01
  1.8807802e-01
  5.8700395e-01
 -3.3894095e+00
  8.3857782e-02
  1.5644743e+00
  1.0020280e+00
  2.3704135e+00
  1.6451689e+00
 -1.6754393e-02
 -9.7428942e-01
  5.9981811e-01
 -9.4751048e-01
  1.6756288e+00
  4.2866707e-01
 -1.1233540e+00
 -6.8414636e-02
 -8.8163513e-01
 -7.4302000e-01
 -3.4561956e-01
  1.1080984e+00
 -3.2234445e-01
 -1.2629594e-01
  2.0303074e-01
 -1.1006643e+00
 -9.3067670e-01
  6.4556755e-02
  2.8027651e-01
  2.6984468e+00
 -1.1961266e+00
 -1.2397945e-01
 -3.3672646e-01
 -8.0593310e-02
  8.3924884e-01
  1.9349805e+00
 -9.7053862e-01
 -2.1181317e-01
 -1.1418407e+00
 -2.5752115e+00
  1.2209413e+00
  2.2190487e+00
 -1.5956254e+00
  3.0507455e+00
 -1.4865105e-01
 -3.1236622e-01
  4.9044788e-01
 -1.5112201e+00
  4.8826650e-01
  1.0586529e+00
  8.1614542e-01
  6.1080796e-01
 -2.5814533e+00
 -2.2663362e-01
  7.8892612e-01
  4.7219083e-01
  1.6080271e+00
 -3.5824258e+00
  1.0475453e+00
  2.5909674e-01
  1.9815670e+00
  9.7891510e-01
 -3.2349968e-01
 -4.9543834e-01
 -3.3569825e-01
  6.6380960e-01
 -7.9435450e-01
 -2.2760262e+00
  3.6882746e-01
 -8.4247792e-01
  1.4999286e+00
  9.9247700e-01
 -4.0637901e-01
 -1.3904417e+00
 -1.6190071e+00
 -6.2171274e-01
  2.7311099e-01
  6.4968783e-01
 -2.6743984e-01
  7.8447956e-01
 -8.4923124e-01
  3.0172005e-01
 -1.1278315e+00
  1.2459775e+00
 -7.0417047e-01
  9.7873396e-01
 -1.1966419e+00
 -1.2723606e+00
 -7.5125289e-01
 -7.0418663e-02
  5.7140166e-01
  9.2141747e-01
 -1.5549856e-01
  5.9111929e-01
  6.9205225e-01
 -4.5166093e-01
 -1.3810986e+00
  9.7059041e-01
  1.7462718e+00
 -3.9933330e-01
  2.2346604e-01
 -3.8947809e-02
  1.4568536e+00
  5.2027303e-01
 -2.0239081e+00
  1.7521743e+00
 -8.3351630e-01
 -7.4171185e-01
  1.8215951e+00
  3.9854130e-01
  3.8375598e-01
 -3.2760162e+00
 -4.0596581e-01
 -1.5896176e+00
 -9.7048199e-03
 -6.9227183e-01
 -1.5323585e+00
 -8.6416461e-02
  5.1821880e-02
  7.5477505e-01
 -3.8710647e+00
  1.7907406e-01
  2.6296183e-01
 -1.1324252e+00
  1.5719379e+00
  8.4904939e-01
 -7.4384713e-01
 -1.1398254e-01
  3.5384232e-01
  1.2444315e+00
  7.2831285e-01
  2.8320265e+00
 -2.4727724e-01
 -9.6065456e-01
 -1.0088695e+00
 -2.7553159e-01
  1.5969702e+00
  3.8881760e-02
  1.9180448e+00
 -4.1522282e-01
  1.2053061e+00
 -8.5912085e-01
 -1.1433526e+00
  1.3258828e+00
 -1.1071752e+00
  1.8014439e+00
 -1.3025221e+00
  5.3355503e-01
  2.7647083e+00
  8.9048463e-01
  7.1075368e-01
  1.6823546e+00
  1.1396775e+00
 -3.3319092e-01
  1.6518363e+00
 -7.0262355e-01
 -4.8632793e-02
  7.9811364e-01
 -2.6549381e-01
  5.5052882e-01
  5.7924002e-01
 -1.7091950e+00
  1.3760626e+00
  8.0560875e-01
  2.5757691e-01
  1.0582565e+00
  8.0494678e-01
  2.3289208e+00
 -4.3232995e-01
  9.0101844e-01
  1.7935063e-01
 -2.6368719e-01
 -5.3610748e-01
 -1.4396793e+00
 -1.4739329e-01
  2.9144990e-01
 -1.3189127e+00
  9.1533321e-01
 -4.7139257e-01
  7.8844436e-04
  2.5928569e-01
 -1.3139805e+00
  2.2501895e+00
  1.5964397e+00
  1.5181417e+00
 -3.5325210e+00
  1.4501691e+00
  1.9837008e+00
 -1.3815094e+00
 -5.2575183e-01
 -6.3371611e-01
  1.0011775e-01
 -1.6949873e+00
 -7.2265363e-01
 -5.7731646e-01
 -5.8021086e-01
  3.7126261e-01
  2.9395023e-01
  1.7777888e+00
 -2.1643319e+00
  3.9948249e-01
  6.1861825e-01
 -5.0999016e-02
  3.5131556e-01
  2.0629730e+00
 -8.7585831e-01
  9.7375500e-01
 -1.3535895e+00
  6.1547112e-01
  1.0227883e+00
  6.5817766e-02
  2.7851868e-01
  1.0223958e-01
 -2.3113538e-01
 -5.1859498e-01
 -6.5326482e-01
 -1.4318993e+00
  1.6008352e+00
 -1.4066567e+00
 -6.5570182e-01
  6.3655257e-02
  1.1880028e+00
 -1.1951044e+00
 -1.7918931e-01
  3.9435533e-01
 -2.6151011e+00
  5.9225261e-01
  2.1906257e+00
 -2.2152557e+00
 -1.0429521e+00
  8.0916798e-01
 -2.1811607e+00
  2.4009740e-01
  8.2834721e-02
  4.9743852e-01
 -2.5018089e+00
  2.5312856e-01
 -2.1755435e+00
 -8.0987591e-01
  5.6662315e-01
  7.0794380e-01
 -4.0092182e-01
 -1.5594796e+00
 -1.5469478e+00
 -1.1695982e+00
  6.7046618e-01
 -1.4014605e-01
 -1.0081109e+00
  4.7629607e-01
  2.5301677e-01
 -3.1018797e-01
 -2.1667888e+00
  7.1712464e-02
  1.5417956e-02
 -4.1236576e-01
 -5.9350145e-01
 -6.8288702e-01
  1.4778377e+00
  1.3714347e+00
  9.0156054e-01
 -9.6680328e-02
  1.3282304e+00
 -1.2595305e+00
  1.1502326e-02
  8.7564582e-01
  1.0090582e+00
 -3.8577697e+00
  9.8107904e-01
  8.3373231e-01
 -1.5977131e+00
  4.1449890e-01
  1.8141649e+00
  1.5742531e+00
  1.2911220e+00
  1.4456130e+00
 -1.4639502e+00
 -7.7870482e-01
 -8.7945558e-02
 -4.0881824e-01
  2.1328123e-01
 -3.1679471e+00
 -1.9239526e+00
 -1.1759198e+00
 -1.5228621e+00
 -5.8905077e-01
  5.5888242e-01
  5.3910232e-01
  1.4182545e+00
 -2.1300080e-01
  4.1473150e-01
  8.0233389e-01
 -2.0518842e+00
  1.8534341e+00
  1.5690302e+00
  7.2711039e-01
 -5.2142978e-01
  1.2466651e+00
  4.6942961e-01
 -6.3563459e-02
 -1.4840962e-01
  1.0079135e+00
 -8.9814937e-01
  3.0534860e-01
 -3.1533369e-01
  7.8267908e-01
 -4.5028996e-01
  1.0602359e+00
 -1.1070483e+00
 -6.2114036e-01
 -3.5068926e-01
 -2.6896879e-01
  4.1546762e-01
 -1.1512194e+00
  1.0450031e+00
  1.4825584e-01
  8.4636557e-01
 -6.0047436e-01
  6.7965478e-01
 -7.7558559e-01
 -2.1251063e+00
  4.3624133e-01
 -3.7988696e-01
  6.6160047e-01
 -1.0829619e+00
 -8.4237474e-01
 -7.0015389e-01
  7.4135917e-01
 -4.6226183e-01
 -5.3324634e-01
 -2.0239139e+00
 -1.6205886e-01
  1.4069438e+00
  7.4914205e-01
  7.8877145e-01
 -4.5149249e-01
  1.1583526e-01
  1.5873101e-01
  1.5118812e+00
  7.8355366e-01
 -5.6010598e-01
 -8.6243850e-01
 -1.0661825e+00
 -7.9107410e-01
  2.7226930e+00
 -9.7140050e-01
 -6.1526173e-01
 -2.5728643e-01
 -8.9343172e-01
  2.8028374e+00
 -2.4741511e+00
 -1.2592740e-01
 -2.3908840e-01
 -5.0471222e-01
  1.8792592e+00
 -2.4666485e-01
 -5.9037501e-01
 -3.9001545e-01
 -1.7519019e+00
 -2.3355052e+00
  9.0190011e-01
  6.7638850e-01
 -1.3420211e+00
  1.6872215e+00
  1.4929360e+00
  2.2996783e+00
 -9.1988581e-01
 -2.9099469e+00
 -9.7105004e-02
  6.3513213e-01
 -1.9616294e+00
 -6.7457056e-01
 -1.7314050e+00
  1.3893945e+00
  1.1195737e+00
  1.2042593e+00
 -9.6043956e-01
 -3.2159570e-01
 -5.0342590e-02
  1.6421726e+00
 -8.5911602e-01
 -5.0261629e-01
 -9.4630979e-02
 -1.0152441e+00
  5.6681629e-02
 -1.9109410e+00
 -5.4803061e-01
  8.7369335e-01
  1.6769135e-01
 -3.0380535e-01
  5.7230139e-01
  7.5922288e-02
  4.9913826e+00
  4.1342816e-01
 -1.7956907e+00
  7.8422201e-01
 -2.6984414e-01
 -1.7460053e+00
 -1.0256666e+00
 -1.2622838e+00
 -5.6536585e-01
  4.2343852e-01
  2.4423204e-01
 -1.4163761e-01
  2.7023237e+00
 -1.5180600e-01
 -1.3538735e+00
  7.0078599e-01
 -4.3603572e-01
 -4.5026579e-01
 -8.9983708e-01
 -2.8737348e-01
 -1.2304285e+00
 -9.2924720e-01
  2.4793527e+00
 -1.5192361e+00
  1.8556168e+00
 -9.7932541e-01
  6.5115064e-01
 -8.6691701e-01
 -1.2619840e+00
  1.0499580e+00
 -9.3450822e-02
 -5.4410410e-01
 -3.7533665e-01
 -1.6123449e+00
  9.3778104e-01
  6.5563202e-01
  1.2232242e+00
 -7.2177064e-01
  4.3013051e-01
 -2.2672831e-01
  7.0650876e-01
  2.5782645e-01
 -8.7318486e-01
 -2.1953413e-01
 -2.2094610e+00
 -1.0002956e+00
  1.2321069e+00
 -4.2773610e-01
 -4.6246740e-01
 -3.5326654e-01
 -2.2336148e-01
  7.9165077e-01
  1.2170637e-01
  1.0176196e+00
 -2.5542245e+00
  4.1356862e-01
  1.2921003e+00
  7.8158444e-01
  3.1030867e+00
 -2.0578301e+00
  2.8092873e+00
  1.7918572e-01
  1.6105223e+00
 -2.1316216e+00
  2.8848410e-01
 -1.0578206e-01
 -9.4991255e-01
  9.6643096e-01
 -1.7708706e+00
 -1.8623064e-01
  5.2884907e-01
  1.8611957e-01
 -5.3462195e-01
  8.8027108e-01
  7.9657251e-01
 -5.9766340e-01
 -2.9830864e-01
 -7.1189171e-01
  5.3876793e-01
  1.0765433e+00
  1.3312016e+00
  1.3924713e+00
 -1.4081570e+00
  2.6579702e-01
 -7.6158112e-01
  1.3961942e+00
  1.4241415e+00
  1.2598951e-01
  8.1190860e-01
  9.2424887e-01
 -1.5743110e+00
  2.4525682e-02
  9.8058514e-02
  1.8142089e+00
 -4.2796361e-01
  2.1125793e-01
  8.3243489e-01
 -2.3371992e+00
  2.3715510e+00
 -7.4746567e-01
 -6.2054127e-02
 -1.2765998e+00
  4.0366206e-01
 -6.3260978e-01
 -4.1256940e-01
 -1.7069759e+00
 -3.6785710e-01
 -7.1103674e-01
  8.3310741e-01
 -1.5499981e-01
 -2.8181127e-01
 -2.6779547e-01
  1.4838386e+00
  1.6519855e+00
 -2.8193429e-01
  1.5768338e+00
  1.3095669e+00
  1.1911911e+00
 -2.5998318e+00
  1.1757767e+00
 -9.2214704e-01
 -8.5565197e-01
 -1.0259228e+00
 -1.3298175e-01
  3.0002540e-03
  2.7001946e+00
 -4.1213834e-01
 -8.8436492e-02
 -1.6612446e-01
  8.1903327e-01
 -7.4183142e-01
  3.8282365e-01
  1.2426353e-01
 -1.1616832e+00
 -6.5500218e-01
 -3.6690869e+00
 -3.9958662e-01
  6.0059500e-01
  1.0680416e+00
  6.2994802e-01
 -1.8169403e+00
 -1.7912601e-01
 -2.8035817e-01
  7.3326468e-01
 -6.0580027e-01
  3.6979406e+00
 -1.6880329e+00
  6.1159372e-01
 -1.7334409e+00
 -4.2833962e-02
  1.6183878e-01
  1.0399463e+00
  1.1318733e+00
  2.3269842e+00
  2.1659143e+00
  3.1034273e-01
  1.8585445e-02
 -1.6749014e-01
  6.5943086e-01
 -4.4413205e-02
  1.6603508e+00
  1.0391736e+00
  1.0572821e+00
  1.3556955e+00
 -2.8622407e-01
 -1.1129718e+00
  2.8371906e-01
  6.8548489e-01
 -6.9268876e-01
  8.3596283e-01
 -9.9433380e-01
  5.3102062e-03
  7.9011017e-01
  5.4281050e-01
  1.8664798e-02
  1.6117001e+00
 -1.7267847e+00
 -2.5300395e-01
 -8.1565732e-01
 -1.3541193e+00
  1.1625950e-01
 -7.9174501e-01
  2.7056360e+00
  9.5112509e-01
 -8.9627725e-01
 -2.4189637e+00
 -3.4544387e+00
  1.2122062e+00
 -1.1958497e+00
 -1.8952944e+00
  1.5280079e+00
 -2.0749080e+00
 -3.6853781e-01
 -3.7220162e-01
 -7.3808151e-01
  2.2431772e+00
 -1.4231335e+00
 -1.0621973e+00
  1.6261482e+00
  5.5133742e-01
  1.7966586e-01
 -4.6236882e-01
  2.4774756e-01
 -8.1004870e-01
  8.5375234e-02
  9.2820597e-01
  1.6984245e+00
  3.5954583e-01
 -2.3148034e-02
  1.1192722e+00
  1.1528946e+00
 -2.7346668e+00
  2.1577384e+00
  1.7167661e+00
  7.0534629e-01
 -1.7289171e+00
 -3.1007448e-01
  7.1804374e-01
  1.3878436e-01
  2.7739480e-01
 -1.5401597e+00
  3.5571539e-01
  4.3585515e-01
 -1.4313253e+00
  9.0912443e-01
 -4.6894488e-01
  1.5041049e+00
  7.7750474e-01
 -2.9341342e+00
  1.7248622e+00
 -1.2873799e+00
  1.4131361e+00
  2.5857735e-01
  6.5832901e-01
 -3.7245286e-01
  1.2654157e+00
  1.9582367e+00
  1.5705506e+00
 -1.0954545e-01
 -1.1447821e+00
  2.2999549e+00
  2.1721578e+00
 -1.0593040e+00
  3.4438426e+00
  8.1795233e-01
 -2.6457486e+00
  1.4381766e+00
 -2.2667203e+00
 -2.4659854e-01
  1.3337278e+00
  7.4574584e-01
 -1.8683197e-01
  1.2876183e+00
  3.3137301e-01
 -9.2238132e-03
 -5.2357697e-01
  7.9282516e-01
  2.3057096e-01
  2.2913930e+00
  1.6396594e+00
 -7.6245731e-01
 -9.4086319e-02
  1.0087708e+00
  2.1889520e+00
  7.0796502e-01
 -2.8412071e-01
 -4.3660294e-02
 -6.2724388e-01
  5.3008175e-01
  1.0471694e+00
 -8.3391970e-01
 -7.8066391e-01
  1.7463512e+00
 -4.3709284e-01
  1.8871130e+00
  1.8736444e+00
 -2.4413230e+00
  1.6891373e+00
  7.6710045e-01
  1.5478888e-01
 -2.7942812e+00
 -1.3746050e-01
  3.7563545e-01
  2.4640164e+00
  2.8405955e+00
  2.6769063e-01
  5.2293229e-01
  4.1182783e-01
  7.6869917e-01
 -8.7975132e-01
 -6.4753467e-01
  2.4781355e-01
 -1.6743325e+00
  1.4278714e-02
 -1.4300882e+00
 -2.4155164e-01
 -2.1578526e-01
 -2.0729504e+00
  6.9579172e-01
  5.4882920e-01
  5.6587267e-01
  1.3395710e+00
  5.0582343e-01
  7.0115674e-01
 -9.9817522e-02
 -5.4855424e-01
  1.3768151e+00
  1.2438037e+00
  2.3878127e-01
 -1.4193696e+00
 -2.1355982e-01
 -6.7182648e-01
 -2.4717567e+00
 -1.2775766e+00
  7.4892128e-01
  2.6279134e-01
 -5.2709216e-01
 -1.1857868e+00
  1.4311467e+00
  3.4390558e-02
  8.0397755e-01
  4.1365269e-01
 -1.6265438e-01
  1.7908009e+00
 -3.4477396e-03
 -1.6254885e+00
 -1.4204538e+00
  2.7964598e-01
  7.0873469e-01
  1.1274093e+00
  8.1383251e-02
 -2.6820188e+00
  6.2921351e-01
  6.4671797e-01
  4.8672955e-02
 -9.2743188e-02
 -2.4580133e-01
  1.1319348e-01
 -9.1625458e-01
 -2.2397332e+00
  1.6779972e+00
  1.8083688e+00
 -7.7464598e-01
  6.9386268e-01
 -6.7819840e-01
  1.3471653e+00
 -4.6074286e-01
  1.5967705e+00
  1.4079056e+00
  6.7345500e-01
  6.2423748e-01
 -7.7492070e-01
  3.6748257e-01
 -1.6663975e+00
 -1.9219788e+00
  3.2745868e-01
  2.8146890e-01
  9.1798522e-02
  6.2644917e-01
 -1.8334376e-02
 -1.6733806e-01
  1.4780915e-01
  1.5906741e-01
 -1.5663148e-01
 -1.6835466e-01
  4.0798411e-02
 -3.4159559e-01
 -6.9581980e-01
 -1.3568558e+00
  2.4752629e+00
  1.3545507e+00
  2.1020360e+00
 -1.3331633e+00
  9.4548702e-01
 -1.4568181e+00
  3.2757568e+00
 -2.7879155e-01
 -2.7376672e-02
  3.3824692e+00
 -9.4259858e-01
  1.1148075e-01
 -2.3955817e+00
 -4.0655056e-01
  7.9067099e-01
 -2.6397438e+00
  1.6558955e+00
 -2.0899127e+00
  5.2777357e+00
 -9.2209762e-01
  3.4718707e-01
  3.4926140e-01
 -2.8211501e-01
  1.1905040e+00
 -1.6954099e+00
 -2.0832293e-01
 -5.7492471e-01
  5.2010503e+00
 -4.1139868e-01
  3.3220586e-01
 -1.0941292e+00
  1.1656510e+00
  1.2031606e+00
 -1.0852408e+00
 -8.4966248e-01
  5.0825253e-02
  5.4614320e+00
  3.4555289e-01
 -1.5523177e-02
  5.4334939e-01
  6.4697528e-01
  1.2593459e-01
 -6.7114979e-02
  7.5861208e-02
  5.1429939e-01
  3.1905181e+00
  1.9766326e-01
 -5.1442970e-02
 -2.8345591e-01
  6.9886431e-02
 -4.2264745e-01
  2.4402541e-01
 -1.1900886e+00
 -5.6929761e-01
 -6.6346896e-01
  3.4999457e-01
 -5.8273143e-01
 -2.6695213e-01
 -2.0279417e+00
 -1.5979687e+00
  1.4161840e-02
  3.8614047e-01
 -1.1222141e-01
  1.5596619e+00
 -6.6326725e-01
 -6.6591561e-01
  4.8578194e-01
  1.0521336e-01
 -3.0360767e-01
 -1.7828656e+00
  1.0583037e+00
 -4.9104133e-01
 -2.0743759e+00
  2.7778554e-01
 -3.1048398e+00
  1.3516921e+00
  7.9112619e-01
  1.0814098e-01
  4.4679481e-01
  1.0379251e+00
 -7.0613879e-01
  9.2940904e-02
  2.4561868e+00
 -2.4726869e-01
 -2.6626649e+00
  3.0247527e-01
  3.0510449e-01
 -8.6647820e-01
  7.5407153e-01
 -3.1621912e-01
 -1.3428916e+00
 -2.4522810e+00
  2.3357239e+00
  4.2788190e-01
  3.0499926e+00
 -1.4461744e+00
 -9.5586103e-01
 -1.6721091e+00
  9.1850430e-01
 -4.3826923e-01
 -1.4575635e+00
  1.6779433e+00
  4.1245973e-01
  1.1163223e+00
  1.8369519e+00
 -1.4079462e-01
  1.5347296e+00
  2.5336346e-01
 -1.9183776e-01
 -2.6794806e-01
  3.1881091e-01
  2.0310830e-01
  1.4782591e-01
  1.2605324e+00
  8.1757829e-02
  2.3833141e+00
  1.7326833e-01
 -8.2291983e-02
  1.2352095e+00
 -1.2905973e-01
  1.6419139e+00
 -1.3023427e+00
  1.2960439e+00
  6.4613247e-01
  1.4652065e+00
  1.5685917e+00
  2.6285547e-01
  4.4655901e-01
 -4.3999782e-01
  6.3317679e-03
  1.1138355e+00
 -4.2945907e-01
 -9.1484839e-01
 -2.6177353e-01
 -2.0113144e+00
 -1.6264898e+00
  4.8232567e-01
  1.4054267e+00
  1.4209468e+00
  3.0189496e-02
 -4.5245212e-01
  1.2789310e+00
  1.5025550e-01
  4.7234070e-01
 -3.8149300e-01
  1.6269560e+00
  1.7757347e+00
  1.2099078e+00
 -6.3414365e-01
 -1.3475206e+00
 -2.9137889e-01
 -1.9461657e-01
  6.1165851e-01
  4.7168177e-01
  9.0057808e-01
  4.4677043e-01
  6.8593246e-01
 -1.4227848e+00
  4.7519642e-01
 -6.6241330e-01
 -8.7303609e-01
 -3.9680263e-01
  1.0419593e+00
 -6.0978186e-01
  2.6013474e+00
  1.0033545e+00
 -1.2568325e+00
  4.7001389e-01
  9.9064368e-01
 -1.4782708e+00
 -1.3923381e-01
 -1.9026335e-02
 -2.6083517e-01
 -7.0121950e-01
  1.0332435e+00
 -3.8075697e+00
  3.4306235e+00
 -8.9946993e-02
 -5.6824648e-01
 -6.8362975e-01
 -9.0943784e-02
 -2.3601649e+00
 -3.1011471e-01
  1.5113349e+00
 -3.1474237e-03
  7.4989927e-01
  3.4891765e+00
  9.7190130e-01
 -8.5070066e-02
 -6.7895848e-01
 -1.4023311e+00
 -8.8818118e-02
  1.2909059e-01
  1.3216868e-01
  1.1854992e+00
  6.3483620e-01
  1.1113584e+00
  5.3761375e-01
  7.7804375e-01
  5.4349172e-01
  1.5319124e+00
  3.4072605e-01
 -4.3925473e-01
  3.1585522e+00
 -1.4656619e+00
  3.8723058e-01
 -1.0852457e+00
 -1.4467061e+00
 -2.8508478e-01
  1.3142056e+00
  8.3128768e-01
 -1.1310267e-01
  1.8557938e+00
 -2.0181370e-01
  2.4946163e+00
 -1.1990879e-01
 -3.1866484e+00
  1.6845359e-01
  1.4038600e+00
  1.5687995e+00
 -1.7632912e-01
  7.4603629e-01
 -2.1217272e+00
  1.3083735e+00
  1.5191901e-01
 -1.5846699e+00
 -7.2187436e-01
 -9.1768956e-01
 -3.8071537e-01
 -2.8098328e+00
  2.8044212e+00
  5.0821704e-01
 -1.9560100e+00
 -2.5046545e-01
  2.9177508e-01
 -2.2362761e+00
  5.8018100e-02
  2.6335711e+00
  9.7419661e-01
 -4.8125505e+00
  1.9333224e-01
 -1.1605699e+00
  3.4257057e-01
 -4.5462072e-01
  7.0599741e-01
  1.4793523e-01
  5.9854287e-01
 -5.3098494e-01
 -7.1594959e-01
 -5.8450460e-01
 -1.3159494e+00
  8.8345653e-01
 -5.8510190e-01
  5.5295223e-01
  1.8483976e+00
  4.3598983e-01
  2.4042239e+00
 -5.9727353e-01
  5.8831543e-01
 -4.2891699e-01
 -1.9468620e+00
 -1.3975704e+00
  9.4118917e-01
 -1.2306170e+00
 -6.9102246e-01
 -9.4681478e-01
 -1.3272204e+00
 -4.6899125e-02
 -7.9757178e-01
  1.6956791e+00
  1.0268241e+00
  1.0692790e+00
 -3.2949853e+00
 -7.4835098e-01
  1.7345334e+00
 -1.8628709e+00
 -4.6745372e-01
 -4.3745029e-01
 -1.5221825e+00
  1.3612882e+00
 -7.8258950e-01
  1.4393446e+00
 -2.7535969e-01
  4.9259115e-02
 -2.0945647e-01
 -9.3434364e-01
  8.9317805e-01
  1.1945349e+00
  4.0689662e-01
 -8.0325967e-01
 -3.5651270e-01
  8.4430242e-01
  2.7731487e-01
 -2.9137743e-01
 -2.7752894e-01
 -3.8653713e-01
  3.1040237e+00
 -7.6750106e-01
  1.4466722e-01
 -3.8587400e-01
 -4.1461989e-01
 -2.7905853e+00
 -4.7565702e-01
 -6.2636018e-01
 -1.5111345e+00
 -1.6688744e+00
 -5.0168008e-01
 -8.0659062e-01
  1.7887765e+00
  2.3960447e-01
  1.0977082e-01
 -1.3756424e-01
  1.6107811e-01
  5.0445044e-01
 -1.9611572e+00
  2.4738157e+00
 -7.3384917e-01
  1.9212409e+00
  5.2838826e-01
 -6.6111273e-01
 -5.5928826e-01
  2.5324814e+00
  1.7557704e+00
 -8.8934273e-01
  2.0704137e-02
  6.3697159e-01
 -5.8174372e-01
 -5.6589738e-02
  4.8448500e-01
  1.4256427e-01
 -3.6422338e+00
 -2.6364872e+00
 -9.1636336e-01
 -4.0396675e-01
  2.5444880e+00
  1.4232701e+00
  5.9309530e-01
  2.0513361e+00
  2.2455850e-01
  5.0302279e-01
  5.1154900e-01
  1.5509247e+00
  2.3358044e-01
  1.3277686e+00
 -3.1044106e+00
  1.1130573e+00
 -9.3820620e-01
  8.5794771e-01
  1.2868135e+00
 -2.6134408e-01
 -6.2277877e-01
 -1.9135232e+00
  3.9793047e-01
 -1.2452643e+00
 -1.0030215e+00
  5.5977739e-02
  7.8880650e-01
 -2.9241316e+00
 -2.4965084e+00
  3.9819127e-01
  2.8748786e-01
 -2.4044739e-01
 -8.7521419e-02
 -5.7296622e-01
  1.2166568e+00
 -8.8550895e-01
  3.1088507e-01
  4.3447784e-01
  2.3172128e-01
  6.8972987e-01
  6.8468142e-01
 -1.0361634e+00
  1.8148195e+00
 -1.3638369e+00
 -9.5226038e-01
  8.5947394e-01
  4.3993908e-01
 -1.9239179e+00
  7.8136778e-01
 -8.4393281e-01
  3.4986395e-01
  1.0651643e+00
  1.9311451e+00
 -1.0480577e+00
 -2.4908159e+00
 -3.7956917e-01
 -6.9244492e-01
  1.6817436e+00
  2.2003441e+00
 -5.0657827e-01
  1.6413594e+00
 -7.4240226e-01
 -6.3548692e-02
 -4.1956308e-01
  9.3613714e-01
  6.1791688e-01
 -7.4033640e-02
 -1.9964746e+00
  2.9396635e-02
  3.1687686e-01
  2.5273557e+00
 -4.0891552e-01
  1.5517659e+00
  1.1227452e+00
  2.9427562e+00
  2.4641440e+00
 -2.4448091e-01
 -2.6491375e+00
 -1.4029795e+00
  1.7880672e+00
  5.3801334e-01
 -9.9869394e-01
 -3.2926688e-01
 -4.0932889e+00
 -6.4185435e-01
 -4.7360654e+00
  5.9822112e-01
  1.1263611e+00
 -3.2480535e-01
  1.7712069e-01
  5.1343256e-01
  2.1893682e+00
  1.5766315e+00
 -3.1896567e+00
 -2.5428634e+00
  1.1085209e-01
  1.6028945e+00
 -1.7335348e+00
 -1.3122528e+00
  3.4647573e-02
  1.7683560e+00
 -8.0996221e-01
 -4.9200702e-01
  3.7503663e-01
 -3.6159086e-01
  1.4087791e+00
 -1.0231472e+00
  1.1591582e+00
  5.3379864e-02
  6.5804517e-01
 -1.1452496e+00
 -8.0865604e-01
  2.7434137e-01
  2.7422869e-01
 -3.6759275e-01
 -3.0243283e-02
  1.0732937e+00
 -6.0070288e-01
  9.5407969e-01
 -2.2419701e+00
 -1.5498664e+00
  7.8132743e-01
  2.2589283e-02
 -4.3426552e-01
  7.2407055e-01
  1.3741479e+00
  1.7422321e-01
 -9.2346156e-01
  9.5582448e-02
  1.4421369e-01
 -1.6024972e+00
  1.5795022e+00
 -4.3427506e-01
 -1.4549154e+00
  1.2840557e+00
 -2.6101379e+00
  7.6761931e-01
  3.1240661e+00
 -1.3771147e+00
 -9.2111760e-01
  1.5851567e+00
  8.2992190e-01
 -3.5188804e+00
  7.8751254e-01
 -9.3976490e-02
 -2.7039833e-02
 -1.0193630e+00
 -1.2523612e+00
  9.9840915e-01
 -1.8419021e+00
  9.5080256e-01
  6.8113548e-01
 -5.7176905e+00
 -1.0216957e-02
 -1.2430151e+00
 -1.7249888e+00
 -4.2302677e-01
 -6.4805984e-01
 -7.6940405e-01
 -7.1990091e-01
  1.2434615e+00
 -9.3401235e-01
 -7.6014704e-01
  3.8387046e+00
  1.4417729e+00
 -9.2941678e-01
  7.2106791e-01
 -6.7205834e-01
 -6.8992931e-01
  3.8327307e-01
 -1.7174846e-01
 -9.5861055e-02
  8.8452679e-01
  4.9407214e-01
  9.9417132e-01
 -5.0719488e-01
  4.1864273e-01
  1.2203043e+00
  2.7415815e-01
  8.1170005e-01
 -2.5417168e+00
  1.1547314e+00
  5.5009782e-01
 -1.1768564e+00
  1.4951481e+00
  7.9606247e-01
 -1.1269005e-01
  3.7419257e-01
  7.2450924e-01
 -4.4503734e-01
 -6.2981284e-01
 -1.6609944e-01
 -1.6465802e+00
 -1.6457689e+00
 -8.1802011e-01
  1.9131687e-01
  9.4256473e-01
 -8.4143084e-01
  1.5171221e+00
  4.2654547e-01
  9.0461612e-01
 -1.5916867e+00
 -2.0379038e+00
  3.8925537e-01
  6.1154044e-01
 -1.3993466e+00
 -9.9141604e-01
  1.6081805e+00
 -3.9486057e-01
  5.9019875e-02
 -1.2733051e+00
 -1.0292670e+00
 -6.2297523e-01
  4.5537046e-01
 -3.1269634e-01
  7.8187126e-01
  1.7826189e-01
 -1.5166373e-02
 -5.0869298e-01
  1.2100292e+00
 -2.2994330e+00
  3.0654365e-01
 -1.5325197e+00
  4.9828961e-01
  7.5742543e-01
 -1.0061570e+00
 -2.6142757e+00
 -2.3804499e-01
  9.9195516e-01
 -1.5847317e+00
 -1.0792925e+00
 -1.3015043e+00
  3.7809338e-02
  1.8295093e+00
  1.2166739e+00
  2.1540465e+00
  3.5125402e-01
 -1.2661896e+00
  8.7172669e-01
  4.0108871e-01
  1.1936538e+00
 -4.7996151e-01
  7.7576262e-01
  2.2758460e-01
 -4.6248928e-02
  2.4106507e+00
 -1.0863125e+00
 -1.6793957e+00
  1.5073950e+00
  8.8603801e-01
 -7.2673064e-01
 -1.5165056e-01
  4.4778532e-01
 -4.5546168e-01
 -1.9929887e+00
  5.2027100e-01
 -1.7973243e+00
 -1.5350013e+00
  1.0673887e+00
  1.8784930e+00
 -6.8208963e-01
 -8.0322281e-02
  7.8459811e-01
  9.7150612e-01
  1.6284289e+00
  1.9169151e+00
  2.6313977e+00
 -7.0982027e-01
 -4.0123060e-01
 -5.7418996e-01
  5.0265956e-01
  1.7026905e+00
  2.0045061e-02
  4.3150383e-01
  2.5810254e+00
 -5.2503586e-01
  1.4604410e+00
  2.2105379e-01
 -1.6066452e+00
 -1.2938139e-01
  9.9752456e-01
  6.8850338e-01
  2.2287595e-01
  5.0195980e-01
  1.7590797e+00
 -1.0897522e+00
  2.9395957e-02
 -1.6796507e+00
  2.1107614e+00
 -1.9125351e+00
 -4.4143540e-01
  7.0973247e-01
  4.2425385e-01
 -3.9242107e-01
 -1.1320829e+00
 -1.0783989e+00
  4.8181400e-01
 -1.6369579e+00
  1.5197550e+00
 -1.8429861e+00
  1.2410821e+00
 -1.1819003e+00
  9.4702266e-02
  2.1101363e+00
 -3.4044397e-01
  1.8520713e+00
  8.0626559e-01
 -1.3113271e+00
 -5.6864381e-01
  7.6261116e-03
 -1.5415041e+00
  5.0399023e-01
  3.7826553e-01
 -3.5645419e-01
  4.8078354e-02
  1.2087842e+00
 -1.2305656e-02
  7.1233315e-03
  5.0658274e-01
 -1.3074955e+00
  2.9665434e-01
 -2.5147514e+00
  1.0910651e-01
 -9.4329065e-01
 -3.8549966e-01
  1.4582505e+00
 -3.5077546e+00
 -2.0456233e+00
 -2.1278608e-01
 -2.8760130e+00
  8.0292541e-01
 -8.9632732e-01
 -1.2173992e+00
 -2.0974135e+00
 -1.3344693e+00
  2.1058390e+00
 -1.1993036e-01
 -3.2255542e-02
 -1.1682558e+00
  7.8729260e-01
 -5.5661196e-01
  7.8334546e-01
 -3.4496393e+00
 -3.5736591e-01
  7.3532587e-01
  2.6658361e+00
 -5.9119171e-01
 -7.5125849e-01
 -1.4746580e-01
 -2.2061319e+00
  4.1392398e-01
 -1.0986320e+00
 -8.7990284e-01
  1.4789047e+00
 -1.8238820e+00
 -7.5741678e-01
  2.4135375e-01
  1.4387810e-01
 -3.5394365e-01
  3.9285690e-01
  2.6982147e-01
 -2.3642045e-01
  4.2374510e-01
 -1.9800471e-01
 -4.9646652e-01
  7.2368795e-01
 -9.5260710e-01
  1.7069094e-01
  5.0393212e-01
  1.0019095e+00
  9.6742131e-02
  1.7546716e+00
  1.4770607e+00
 -1.1268950e+00
  2.6119673e-01
  2.0056221e+00
  3.7860608e-01
 -3.9107519e-01
 -8.6725086e-01
 -1.9514354e-01
 -8.8962622e-02
  1.7919002e+00
 -2.0289600e-01
 -6.3143671e-01
  9.1766906e-01
  7.7961601e-02
  1.3736352e-01
 -2.7640685e-01
 -7.6091141e-01
 -7.8781193e-01
  1.9074525e-01
 -5.7015401e-01
 -3.8361529e-01
 -4.5650873e-01
 -1.0211299e-01
  1.3613857e-02
 -1.6350365e+00
 -1.0010258e+00
  5.0843894e-01
  1.6077480e+00
  1.8877945e+00
 -5.6835455e-01
  1.3769847e-01
  2.0013197e-01
 -2.4272861e+00
 -1.8892186e+00
  2.3656608e-01
 -1.1092651e+00
 -1.4142175e-01
 -1.2866369e+00
 -7.2548889e-02
 -8.6721614e-02
  1.6638433e+00
 -2.3840386e-01
 -5.6751132e-02
  4.5092455e-01
 -9.5312899e-01
  3.9874117e+00
  7.2854169e-02
  1.2150870e-01
  3.4375846e-01
 -5.9466422e-02
  6.0370511e-01
 -1.2641200e+00
  9.9625254e-01
 -2.0430415e+00
  3.4345770e+00
 -1.0893215e+00
 -3.7645674e-01
  1.2442776e-01
 -2.5203638e+00
  2.2437129e+00
  1.3818657e+00
  1.8609833e+00
  7.9273146e-01
 -8.5152581e-02
 -1.4701607e+00
  6.4512473e-01
 -6.7460388e-01
 -6.9952935e-01
 -5.5769265e-01
 -1.1190766e+00
  1.1646042e-01
 -1.0810634e+00
  2.6425061e+00
  6.6900557e-01
 -1.4577308e+00
 -7.8003305e-01
  1.8996768e+00
  2.1909006e-01
 -8.2629907e-01
 -7.7743816e-01
 -5.9934646e-01
 -1.0033976e+00
 -1.9219339e+00
 -3.3663449e-01
  9.7415936e-01
 -5.3726429e-01
 -1.4225173e+00
  2.6690024e-01
  8.7758899e-01
 -4.6564694e-02
 -7.3998846e-02
 -9.7619653e-01
 -3.9739028e-01
  6.7011517e-01
 -1.2579812e-01
  4.3195358e-01
 -9.7581431e-02
  3.9286742e-01
  5.9843004e-01
  1.1386323e+00
 -6.9252062e-01
  1.0517967e+00
 -1.7402531e-01
 -1.2701024e+00
 -2.1386012e-02
 -6.3316226e-01
  5.6244177e-01
  2.7519252e+00
  2.9273179e+00
 -5.1067991e+00
  2.5598831e-02
  2.8337798e-01
  2.0723698e+00
  1.1854777e-01
  6.0870212e-01
 -4.2271295e-01
 -1.3199959e+00
  1.2691079e+00
 -4.9401057e-01
 -1.5978211e+00
  6.1059904e-01
 -3.2595864e-01
  1.0260540e+00
  1.2931337e+00
 -1.2304592e-02
  2.5627036e+00
  4.7571370e-01
  1.5867851e+00
 -1.9227482e-01
  1.9191461e+00
  1.5151557e+00
  1.0563239e+00
  9.1670805e-01
  1.1492264e-01
  1.2515565e+00
  2.1738824e-01
  2.2903330e+00
 -6.0589515e-02
  5.1632416e-01
  1.3448365e+00
 -4.0886821e-03
  1.2099239e+00
  5.8646816e-01
  6.7485660e-02
  4.9409926e-01
  1.5054123e+00
  1.7272545e-01
  5.4581833e-01
  5.1010084e-01
 -8.2999879e-01
  1.1789964e+00
  4.0650073e-01
  2.5032046e-01
  4.3208060e-01
  2.3893650e-01
  2.0449995e-01
  3.7962452e-01
  1.8260871e-01
 -1.6421133e-01
  4.5509344e-01
 -1.0735214e-01
 -5.6922339e-02
  5.8141571e-02
  6.3762164e-01
  8.2873642e-01
  6.0596716e-01
  3.4312736e-02
 -1.0434126e+00
  3.5721512e+00
 -5.1037347e-01
 -4.9950102e-01
 -1.2071525e-01
 -5.3830087e-01
 -6.5001123e-02
  1.3436389e+00
 -1.5815653e+00
  7.7209449e-01
  1.4952016e-01
 -8.2920653e-01
 -1.2842391e+00
 -7.1191216e-01
  1.1271542e+00
 -2.3865993e+00
  4.7282660e-01
  5.1541811e-01
 -7.2538555e-01
 -1.5446029e+00
 -3.6163360e-01
  2.1801263e-01
  4.4644508e-01
  5.3343040e-01
 -3.5279810e-01
 -2.4234569e+00
  1.2672243e+00
  1.6403574e+00
  1.3662140e+00
  8.7157875e-01
  2.8088706e+00
 -9.5136648e-01
 -3.3641009e+00
 -2.5787692e+00
  5.7250328e-02
 -2.2759624e-01
  2.6102407e+00
  1.9976294e+00
  1.6882250e+00
  3.9517027e-01
 -1.2011504e-01
 -1.4443804e+00
 -1.6845744e-02
  1.2878114e+00
 -1.7101641e+00
 -5.6112409e-01
 -9.9095207e-01
 -7.9643153e-02
 -3.0728391e-01
  1.2069900e-01
 -1.1111783e+00
  1.8550819e-01
 -4.9507987e-01
  1.0632388e-01
  1.1877401e+00
 -8.7188673e-01
  1.2449254e-01
 -3.8872883e-01
 -5.5858785e-01
 -8.4774041e-01
 -1.4484282e+00
 -8.3536786e-01
 -6.9663739e-01
  1.5289743e+00
  2.8346689e+00
 -3.9146516e-01
 -5.7450867e-01
  5.7162589e-01
 -5.6085742e-01
  1.0255498e+00
  1.0203530e-01
 -1.2705053e+00
  8.2523489e-01
  1.8219481e+00
  2.3813722e+00
 -1.3544208e+00
  2.8376582e+00
  1.6526836e+00
 -6.6162926e-01
 -8.6948033e-03
 -5.5366576e-01
 -4.1826218e-01
  1.8153526e-01
 -7.5173333e-02
 -2.1400185e-01
  3.7439428e-02
 -1.0114855e+00
 -3.3918495e+00
 -3.8902280e-01
 -1.5231891e+00
  1.2958765e+00
  3.3909139e-01
 -5.2816755e-01
 -1.3079331e+00
 -5.2270669e-01
  2.7849684e+00
 -2.3745236e+00
  4.7660750e-01
 -8.5642380e-01
  1.2388430e+00
 -1.1107914e+00
 -5.9957027e-01
  1.0249634e+00
  1.6676047e+00
 -9.1877319e-02
 -1.3387812e+00
  7.8761739e-01
  1.5939070e+00
  3.6063268e+00
 -6.2965709e-01
  3.1548169e+00
  1.5477949e+00
 -4.5072597e-01
  4.2313333e+00
 -1.3768901e+00
 -7.0081007e-01
  2.1711576e+00
 -3.1938086e+00
  5.1080745e-01
  8.5240829e-01
 -1.4008874e+00
 -1.4724902e+00
 -9.1822672e-01
 -4.9043456e-01
  9.1733098e-01
  4.9069422e-01
  2.8842578e+00
  1.7905195e+00
  5.9835500e-01
  3.1625123e+00
 -3.0856621e+00
 -1.6415915e+00
 -1.6469398e-01
  5.2063179e-01
 -7.9803723e-01
  1.5235662e-01
  9.1634613e-01
 -8.2526678e-01
  5.5565590e-01
 -7.3149079e-01
 -5.4279167e-02
  3.6860052e-02
  1.1594068e+00
  4.8800305e-02
 -1.0152671e+00
 -6.4269745e-01
  1.1233853e+00
 -5.7730776e-01
 -5.8529413e-01
 -1.2611017e+00
 -9.5089823e-01
  8.2544035e-01
  6.7338622e-01
 -4.8077021e-02
  2.5663203e-01
  3.2999033e-01
 -2.9370496e-01
  5.2204657e-01
 -2.3392940e+00
  3.0325240e-01
 -1.7372483e+00
 -1.3878604e+00
  1.4083561e+00
  7.5911069e-01
  1.1453251e+00
 -1.1341763e+00
 -2.8310996e-01
  3.3172886e+00
 -8.0300474e-01
  1.8597468e+00
  9.1722481e-02
  8.8101703e-01
 -1.1260621e-01
  1.4448091e+00
  1.1529140e+00
 -5.4854804e-01
  9.8794335e-01
 -1.4339428e+00
  2.3650310e+00
 -9.8572975e-01
 -5.0549078e-01
  5.7822925e-01
  1.2845595e+00
  1.2921038e+00
  2.9180565e-01
 -2.7539816e-01
 -6.0254532e-01
  2.6078966e-01
 -2.3463558e-01
  4.6761206e-01
 -6.2316978e-01
  6.1371899e-01
 -4.7435870e+00
  8.9547443e-01
 -1.2178329e+00
  1.6687213e+00
 -8.0488777e-01
 -2.1930125e+00
 -1.3683995e+00
 -1.0186930e+00
  2.5772765e-01
 -1.5830078e+00
  4.2003712e-01
  1.6254961e+00
 -1.0606761e-01
 -1.1594026e+00
 -3.4945960e+00
  1.2423376e+00
 -2.6079977e-01
  1.3054801e+00
  9.6908915e-01
  7.9242879e-01
 -3.5157019e-01
  1.4966464e+00
 -9.2625344e-01
  1.1213495e-01
 -3.5463706e-01
 -1.6962464e+00
  2.7842924e-01
 -2.0264825e-01
  2.0032363e-01
 -1.8940023e+00
  1.0792346e+00
 -4.0772591e-02
  8.1457006e-04
 -5.1910144e-01
 -4.3512794e-01
 -8.9766860e-01
 -1.9530535e-01
  9.6827048e-01
  8.6027764e-02
  1.9313134e-01
 -8.8524950e-01
 -9.3068577e-02
  1.1812252e+00
 -1.3835731e+00
  1.2553185e+00
 -1.9875448e+00
 -6.5183711e-01
 -8.7125540e-01
  1.9908500e-01
  2.7616711e+00
  2.4229288e+00
  1.2756084e+00
  1.9673818e+00
 -3.0622464e-01
  2.9657525e-01
  5.3006279e-01
  1.3595392e+00
  1.5104632e-01
 -9.2673999e-01
 -7.9106522e-01
 -3.5598496e-01
  6.8455093e-02
  6.0703166e-02
  4.4398531e-01
  1.1074051e-01
 -2.8885664e-02
  3.8569796e-01
  2.3874838e+00
  3.0185411e+00
 -8.8540204e-02
  5.9110164e-03
  1.0279137e-01
  1.7854207e+00
  5.6599039e-01
  1.4127246e+00
 -1.9399172e+00
 -2.0412097e+00
 -1.7483850e+00
 -2.2275901e-01
 -1.8045649e-01
  1.5803417e+00
 -6.2982422e-01
  1.8493503e+00
  8.5972637e-01
  1.4248596e-02
 -1.0767372e-01
 -1.0666150e+00
  6.9551939e-01
  1.8342494e+00
 -2.8997662e+00
  1.4427426e+00
  9.4139665e-01
 -6.5113109e-01
 -1.6889418e+00
 -1.0504405e+00
 -1.0190429e-01
  5.4029423e-01
  1.2091361e+00
 -5.4049277e-01
 -6.6573292e-01
 -6.2666285e-01
 -1.2939879e+00
 -1.3105096e+00
 -2.5789433e+00
  3.7283421e-01
  9.4840699e-01
  1.6747253e+00
 -1.2265382e+00
 -1.1225669e+00
 -4.3375206e-01
 -1.4461883e+00
 -1.4896497e+00
  9.4187087e-01
  1.3281492e+00
  3.3743602e-01
 -2.3693287e+00
  9.2031884e-01
 -1.1292310e+00
  4.3525288e-01
 -1.1160460e+00
 -1.6449102e+00
  2.8963953e-01
  4.5824015e-01
  2.0468426e-01
 -8.5916752e-01
 -6.5493655e-01
  1.3509510e-01
 -3.4686267e-01
  2.9734194e-01
 -1.5041572e+00
 -1.3846904e+00
 -1.7078657e+00
 -9.9650615e-01
 -4.0035704e-01
 -1.6494716e+00
 -1.8841898e+00
  7.4913645e-01
 -8.3379245e-01
 -3.9518452e-01
  5.4824376e-01
  1.6515515e+00
  5.7412416e-01
 -1.7064628e-01
  1.3806834e+00
  5.9591740e-01
 -1.9397049e+00
 -1.7280734e+00
 -1.7382092e+00
  7.9595935e-01
  3.3611465e-01
  1.3367386e-01
 -3.8414901e-01
  1.2324823e+00
 -4.8217314e-01
  1.8193915e+00
  1.9146922e+00
  1.2534956e+00
 -1.3410245e+00
  1.5192842e+00
 -5.4095894e-01
  1.2335074e+00
  1.8111919e+00
 -8.7338293e-01
 -2.1890455e-01
 -8.0416131e-01
  2.1957018e+00
  1.3828074e+00
 -7.0508659e-01
 -1.0505660e-02
 -6.5723491e-01
  2.4210315e+00
 -4.0560260e-01
 -7.7185291e-01
 -8.4457004e-01
  4.8945394e-01
 -2.0602368e-01
  2.7942286e+00
 -1.7897186e-01
 -9.0962565e-01
  1.0877877e+00
  6.1046249e-01
  8.2732975e-02
 -3.8767034e-01
  1.8545754e+00
 -1.0849543e+00
  6.7476934e-01
 -1.2709255e+00
  2.6965070e-01
  2.3992126e+00
 -7.9904544e-01
 -2.1358672e-01
  2.9479948e-01
  2.2994563e-01
 -1.2869802e+00
  7.4890614e-01
  4.6496454e-01
 -4.5980862e-01
  1.1493995e+00
  5.0319409e-01
  4.3867025e-01
  1.0286415e-02
 -1.0770299e+00
 -8.7033582e-01
  1.9360346e-01
  3.1159374e-01
 -1.0284959e+00
  8.6372644e-01
 -8.7077087e-01
 -3.0958736e+00
 -6.6441745e-01
  1.4126444e+00
 -9.5677334e-01
  4.2294711e-02
  2.9946318e+00
  7.7415729e-01
  1.7029546e-01
  1.1486084e+00
 -1.0254483e-01
  2.4560475e+00
  1.7723973e+00
 -1.2839729e+00
  8.1718004e-01
  6.1608148e-01
  3.0967426e+00
 -2.4602333e-01
  3.3343041e-01
  9.8438665e-02
 -3.6438835e-01
  1.1168945e+00
 -5.8392216e-02
 -6.1775774e-01
 -2.5647845e+00
  1.1189412e+00
 -2.7814734e+00
 -7.6787323e-01
 -7.3069513e-01
 -1.6208570e+00
 -9.4745994e-01
  1.0372345e+00
  7.6716311e-02
 -6.3621837e-01
  1.7980291e+00
 -2.1584125e+00
  1.6598592e+00
 -6.0119301e-01
  1.5077462e+00
 -6.8682648e-02
 -1.8623960e+00
 -7.2740115e-02
  1.5730187e+00
 -2.3342945e-01
 -1.6780075e+00
 -2.3145902e-01
  1.3977472e+00
  5.6557345e-01
 -1.0249634e+00
  2.0666075e+00
 -1.1691844e+00
  7.2300786e-01
  3.6648470e-01
 -1.2380950e+00
  5.1766998e-01
  1.9481677e+00
  8.9265418e-04
 -1.3824583e+00
  1.9047276e+00
  2.8411682e+00
  4.2772552e-01
 -7.6842445e-01
 -8.2287192e-01
 -2.0656362e+00
  2.4505694e-01
 -5.9775275e-01
  9.6389365e-01
  5.1273382e-01
  3.2189259e-01
  1.9399180e+00
  1.4147952e+00
  2.3752458e-01
  8.5355204e-01
  1.4773692e+00
 -2.7501466e+00
  6.5655798e-01
 -6.7573124e-01
  8.1055164e-01
  1.3705958e-01
  1.5037953e+00
 -2.0905654e-01
  2.0131404e+00
 -1.1228335e+00
  2.8404207e+00
  3.6123851e-01
  2.1314518e-01
 -2.3355726e-02
 -5.1392645e-01
 -1.0882102e+00
  1.2508624e+00
  6.1743277e-01
  1.0927683e+00
 -2.9815500e+00
  1.5473559e+00
  1.6091179e+00
 -4.7158563e-01
 -1.3313974e+00
  3.2387257e-01
 -1.9292918e+00
  2.1188664e+00
  1.7014302e+00
 -9.4536208e-02
 -8.6626416e-01
  1.6425983e+00
 -9.4345844e-01
  1.7174288e+00
 -1.8582973e+00
 -1.6293771e+00
  1.1147554e+00
 -1.2902784e+00
 -4.1166392e-01
  8.3165687e-01
  1.0701823e+00
 -1.5994600e+00
  3.9932358e-01
  5.2318484e-01
  4.7743875e-01
 -3.4151044e+00
 -2.9111904e-01
 -2.5197284e+00
 -1.2704732e+00
  6.1660296e-01
  4.5127926e+00
 -1.4612694e-01
 -7.1232593e-01
 -1.5114131e+00
  1.6054929e+00
 -2.0295970e+00
  8.0441594e-01
 -3.1215909e+00
 -5.9395784e-01
  1.2470944e+00
  1.7867045e+00
  1.2783569e+00
 -1.3119360e+00
  6.3920796e-01
  5.6026661e-01
  8.3719403e-01
 -1.2760623e+00
 -8.5822451e-01
  9.8727554e-01
  1.7902617e+00
  2.6241031e+00
 -1.7018979e+00
  1.7526925e+00
  9.4203138e-01
  1.5291140e+00
 -2.2747533e+00
 -2.1130104e+00
  9.1824424e-01
  1.1472716e+00
  2.9374856e-01
 -1.4156379e+00
  1.0288875e+00
  8.2446951e-01
  9.2830443e-01
 -1.4048260e+00
 -7.5874305e-01
  1.0987498e+00
 -8.8557565e-01
  6.1483788e-01
 -1.8120537e+00
  1.6213955e+00
 -1.3400412e-01
 -1.1706589e+00
 -2.5622079e+00
  1.0870261e+00
 -7.6704937e-01
  6.1043855e-02
  3.0088263e+00
 -8.2289994e-01
 -1.2458404e+00
  7.4640721e-02
 -3.1648517e-01
  6.4158821e-01
  4.1077396e-01
 -1.0825018e-01
  4.4134009e-01
 -8.3275191e-02
  5.8360606e-01
 -9.6610284e-01
 -1.9345130e+00
  1.3849074e+00
 -1.1427927e+00
  2.1572428e+00
  1.2077874e+00
 -1.2982955e+00
  3.2403903e+00
 -4.6342215e-01
 -1.5712772e-01
  1.2524116e+00
 -1.4272928e+00
 -7.7652907e-01
 -7.7608502e-01
 -2.8571045e-01
  1.3084404e+00
  1.8835347e+00
 -1.6480463e+00
  2.1952837e+00
 -3.9445277e-02
  2.0389414e+00
  7.6067340e-01
  1.9566262e+00
  5.2269090e-02
 -2.8543314e-01
 -3.7131858e-01
 -9.2552555e-01
  2.1155391e+00
 -6.4755070e-01
  5.1044017e-01
 -8.7625116e-01
 -2.4336917e+00
  1.1189944e+00
  3.6466196e+00
 -6.2830830e-01
  1.9246244e+00
  1.4071385e+00
 -1.1234906e+00
  4.3241599e-01
  5.3842318e-01
 -3.5271149e+00
  1.0193115e-01
  9.7326088e-01
 -7.8124553e-02
  1.0236356e+00
 -1.8199479e-02
  5.6010568e-01
  1.7350335e+00
 -9.8859227e-01
 -8.2846773e-01
  1.3855247e+00
 -4.9453840e-01
  1.0106773e+00
  5.3359252e-01
  1.3173269e+00
  9.9375859e-02
  7.9093032e-02
  2.2905332e-01
  3.2180551e-01
  1.7171201e-01
  2.0901062e+00
  7.8838211e-01
  7.8115219e-01
  2.4479883e+00
  1.6810384e+00
  1.6731657e+00
  5.9561330e-01
 -1.0431982e+00
  1.6828146e+00
  6.1089838e-01
 -1.6919088e+00
 -2.3313329e-01
 -1.5788976e+00
 -1.0282469e+00
  6.9611382e-01
  7.5749362e-01
 -2.6222798e-01
  2.6669860e-01
 -1.4951569e+00
  1.0727661e+00
  4.3992403e-01
 -1.5765569e+00
  3.6690551e-01
 -2.7167513e+00
 -2.0799298e-02
  1.0578866e+00
  9.3918276e-01
  4.8527241e-01
 -7.2339013e-02
 -2.8084993e-01
 -3.1175776e+00
 -2.9528129e+00
 -1.8330438e+00
 -4.1546124e-01
 -2.4273663e+00
 -4.6103355e-01
  2.3624947e-02
  2.4163911e-01
  1.4301277e+00
  4.6492580e-01
  1.6690289e+00
 -1.9838979e+00
 -1.2717663e+00
  1.4686199e+00
  3.3889892e+00
  1.6511195e+00
 -1.4856471e-01
 -5.8883238e-01
  3.4270921e-01
  4.4005015e-01
  9.8269813e-02
 -1.7383370e-01
 -3.3855122e-01
  8.2263625e-01
 -1.4602014e+00
  3.7841856e-02
  3.2062826e+00
  7.8392881e-01
 -2.6644218e-01
  1.7284136e-02
 -1.2040903e-01
  2.5658062e+00
  7.9447323e-01
  9.1983759e-01
  2.2775824e+00
  1.7466779e+00
 -2.0167248e+00
  4.4195302e-02
  1.2530521e+00
  8.4438898e-02
 -2.9836431e+00
 -6.4695853e-01
  1.4046576e+00
  1.0020540e+00
 -7.1753240e-01
  1.5923970e+00
  3.1946683e+00
  1.4236969e+00
  2.3423021e-01
 -9.1424972e-01
  9.9859118e-01
 -1.8129201e+00
  5.6925777e-02
  3.8688171e+00
  1.0983815e-02
  8.1926113e-01
  4.3385601e-01
 -1.5069481e+00
  5.4042852e-01
  1.3830552e+00
  1.5970554e+00
  4.5393458e-01
  5.2999276e-01
  1.7941035e+00
 -9.0050563e-02
 -2.8158188e+00
 -4.0742106e+00
  1.0898255e+00
 -9.8437846e-01
  8.5222676e-02
 -1.5894715e+00
  4.6080416e-01
 -2.5002438e-01
 -1.2652090e+00
  1.1585392e+00
 -8.3785087e-01
 -1.1936786e+00
  1.4441632e+00
  1.0785639e+00
  1.2655173e-02
 -8.2877213e-01
 -1.6413519e+00
  2.6885674e+00
  3.9611915e-01
  2.1822219e+00
  9.5988828e-01
  1.5950934e+00
  2.5134943e+00
  7.8587681e-01
 -1.0774223e+00
  7.5174168e-02
 -6.8882507e-01
 -3.3863709e+00
 -3.2658753e+00
 -1.5868348e+00
  8.5087973e-01
  2.6447105e+00
 -3.8955271e+00
  3.1553044e+00
 -1.5823585e+00
 -6.1077915e-02
 -2.3393543e+00
  8.0197674e-01
 -4.0685982e-01
 -4.6304119e-01
  1.2936938e+00
  1.3092166e-01
  4.6098939e-01
  9.3134314e-01
  4.6906927e-01
 -1.7779932e+00
 -2.0905426e-01
  3.1477526e-02
  1.2035911e+00
 -3.3569345e-01
 -8.4717560e-01
 -1.2852642e-01
  8.0012351e-01
  3.3071932e-01
 -3.2316363e-01
  7.3029447e-01
  8.6274952e-02
 -1.8402824e+00
  5.0779617e-01
 -3.3978096e-01
 -3.3775163e-01
  4.1376311e-01
 -2.1273001e-01
 -7.1361661e-02
 -5.1874120e-02
 -2.3854065e-01
  5.9459559e-03
 -3.2596299e-01
  6.6897750e-01
  9.3398988e-01
  9.4425726e-01
  4.8934145e+00
 -1.5881860e-01
 -3.0481372e-02
 -2.6252538e-01
  7.1030343e-01
  2.5260726e-01
  2.7938256e-01
  3.5173017e-01
 -1.2841511e-01
  1.0220641e+00
 -4.0514451e-01
 -1.4127576e-01
  1.2634240e+00
 -9.7400868e-01
  1.0504227e+00
 -7.8053063e-01
 -2.1605422e+00
  8.0542430e-02
  1.1832327e+00
 -1.8975967e+00
  9.8589325e-01
 -5.2894306e-01
  3.5516658e-01
  7.8202069e-01
 -1.0331421e+00
  8.6798370e-01
  1.5160847e-02
 -9.1507941e-01
 -4.6898323e-01
  7.1505360e-02
  3.6664888e-01
  2.6143566e-01
 -1.2194309e+00
  4.0905672e-01
 -1.7267661e-01
  1.8188504e+00
  3.6151940e-01
  2.5608282e+00
 -1.0400987e+00
 -9.2043704e-01
 -1.0520235e+00
  1.0005023e+00
 -6.9472156e-02
 -3.5264868e-01
  6.2389906e-02
 -8.7748533e-01
  1.8210282e+00
 -2.2239540e+00
  6.7742938e-01
  7.7232188e-01
  1.3213677e+00
 -7.5302923e-01
  9.5120102e-01
 -1.3449763e+00
 -7.8758931e-01
  2.3559871e-01
 -9.1524047e-01
  3.5638347e-01
  2.5036328e+00
 -1.3617355e+00
 -3.5755597e-02
 -1.4799638e+00
 -4.4177942e-02
  1.3251339e+00
  2.2411766e+00
  4.9210358e-01
 -1.1425401e+00
  1.6738328e+00
 -1.0855052e+00
  3.6373928e-02
  7.3687059e-01
  1.9283354e+00
  5.2872038e-01
  6.9392592e-01
 -3.5592192e-01
  3.1083557e-01
 -1.3643086e-01
 -3.9834696e-01
  1.7814434e+00
 -9.9343354e-01
  3.0009384e+00
 -1.2590955e+00
 -5.2874386e-01
 -6.0648096e-01
  1.3717508e+00
 -1.0219812e+00
  2.4854977e+00
 -7.5021692e-02
 -1.4321786e+00
  1.1160935e+00
 -1.3868364e+00
 -4.0653163e-01
 -4.2404002e-01
  3.6994892e-01
  8.5671490e-01
 -4.0749478e-01
 -9.5757410e-02
 -4.2626327e-03
  9.2938751e-01
  8.0098087e-01
  1.9038375e-02
 -1.8654011e-01
  1.9218422e-01
 -2.4433687e+00
  1.0632001e+00
 -7.5552887e-01
 -3.6528602e+00
  1.2083161e+00
  1.2905332e-02
  1.8166142e+00
  2.3598478e+00
  1.2958460e+00
  7.3437768e-01
 -1.7323887e-01
 -1.4442663e-01
  1.1564261e-01
  9.1123378e-01
 -5.6821251e-01
  2.0377638e+00
  7.9184234e-01
  8.7638259e-01
  1.8040701e+00
 -1.0501266e+00
 -1.5167598e+00
 -5.0402403e-01
 -1.1820849e-01
 -2.2068369e-01
  3.4480035e-01
  5.7934850e-01
 -1.2449838e+00
  7.5510502e-01
  3.2937858e-01
 -1.1916256e+00
  8.6430930e-02
  4.7354320e-01
  2.7202854e-01
 -1.3869224e+00
  9.5121956e-01
  9.2735046e-01
  1.3659526e-01
 -1.0653296e+00
  1.4067669e+00
  4.7362536e-01
  3.6060610e-01
 -2.8272932e+00
 -1.6073971e+00
  2.4333028e-01
  1.4943984e+00
 -6.6520292e-01
 -3.7008002e-01
  1.3083587e-02
 -6.4366348e-02
 -1.6485733e-01
  1.7715777e+00
 -2.3187460e-01
  3.5788569e-01
 -4.0398774e-01
 -6.2527901e-01
  1.2767847e-01
 -1.1748575e+00
  3.2622018e+00
  2.2827278e-01
  5.5928159e-01
 -7.0491248e-01
 -1.9525212e+00
  7.8308672e-01
 -7.5346220e-01
  2.0493138e+00
 -1.1804088e-01
 -1.6438569e-01
  1.3708222e+00
 -1.3607513e+00
 -7.7313823e-01
 -1.4428390e+00
  1.5856986e+00
  5.6731653e-01
  8.5229880e-01
 -4.8265460e-01
  2.3289425e+00
 -3.8709906e-01
  3.2661624e-02
  1.6200162e+00
 -1.4034696e+00
  2.2136724e+00
 -1.8702101e+00
  1.9767665e+00
 -1.4609471e-01
  4.0323594e-01
  3.7557106e-02
  2.6840743e-01
 -6.6915315e-01
 -1.0006907e-02
  3.7811933e+00
 -1.1164747e+00
 -4.7104415e-01
 -7.7181923e-01
  1.8235551e+00
  3.0078435e+00
  3.7191799e-01
 -1.1778208e+00
  7.3311871e-01
 -5.1740691e-02
  1.7887324e+00
 -1.3849903e+00
  9.4201428e-01
 -1.0402070e+00
  2.7254221e-01
  1.8496285e-01
 -5.0616074e-01
  5.9230137e-01
  1.3956456e-01
 -7.4088985e-01
  4.4956690e-01
 -8.4874481e-01
  1.7654426e-01
  1.7179765e+00
 -1.5105053e+00
 -2.0067859e+00
  1.0615894e+00
 -4.6941763e-01
  6.4755034e-01
 -1.4997373e+00
  8.6022085e-01
  5.6975198e-01
  1.4857559e+00
  8.7097323e-01
  1.3703316e+00
 -4.5211378e-01
 -4.2133534e-01
 -2.9177787e+00
  2.0101833e-01
  6.4771324e-01
 -1.1411046e+00
 -5.8891249e-01
  3.7942523e-01
  4.1852319e-01
 -7.7225459e-01
  2.9566555e+00
  2.1654862e-01
 -1.4928275e+00
  2.2284334e+00
  5.3382313e-01
 -6.8532938e-01
 -7.6249552e-01
  1.7352933e+00
  9.1062474e-01
 -1.1381669e+00
  6.5537900e-01
 -2.2131255e+00
 -3.4594202e+00
  9.3042618e-01
  5.8752757e-01
 -5.7000607e-01
 -1.5885199e+00
  9.6851087e-01
 -9.3991625e-01
 -1.0337499e+00
  1.6869711e+00
 -1.1387851e+00
 -3.5146606e-01
 -2.6996171e-01
  2.3271930e+00
 -8.5047013e-01
 -6.8547732e-01
 -1.2166737e+00
 -3.3050865e-01
  1.5402081e+00
  1.9529239e+00
 -5.0844651e-01
  1.6481119e+00
  4.9945828e-01
  9.3681008e-01
 -9.1468489e-01
  2.2217990e-01
  2.0997202e+00
  1.3726844e+00
  6.7203677e-01
  6.0462010e-01
 -3.3013613e+00
 -3.1801090e-01
  1.7188132e-01
  1.5730197e+00
 -1.4629025e+00
  7.2947556e-01
  1.8939683e+00
 -7.2634494e-01
  2.4262378e-01
  8.8546801e-01
  2.6389897e+00
 -8.9670128e-01
  2.8414550e+00
 -5.4819423e-01
 -4.3210477e-01
  1.4830277e+00
 -1.8437536e+00
  1.2044312e+00
 -6.2134141e-01
  1.5450881e+00
  5.9145588e-01
  2.4384491e+00
 -1.9194765e+00
 -6.6588092e-01
  4.4273108e-02
 -1.3697945e+00
 -4.0423003e-01
 -1.0035472e+00
  1.6243650e+00
  8.5548484e-01
  7.1983643e-02
 -3.8323444e-01
 -6.8901259e-01
 -9.0281898e-01
  6.7534733e-01
 -6.0539621e-01
 -7.1987635e-01
  8.4840894e-01
 -3.6691260e-01
  2.7917075e-01
 -1.7004753e+00
  1.3868963e+00
 -6.7791581e-01
  1.2969046e+00
  2.4847989e+00
 -1.4109915e+00
  9.2220896e-01
 -1.4671965e+00
 -1.3636501e+00
  4.0862265e-01
 -1.2387111e+00
 -2.0004327e+00
  4.1333425e-01
  2.6849812e-01
 -1.6996304e+00
  1.6590384e+00
 -1.1221534e+00
  1.2160840e+00
 -9.8686600e-01
 -1.0669785e+00
  1.0284367e+00
 -7.5628899e-02
 -8.6797148e-01
 -1.1735898e-01
 -4.1184768e-01
 -4.6501383e-01
 -1.3741896e+00
  4.1538611e-01
  1.0359932e-01
 -2.5614738e-01
 -1.3606252e-01
  3.4873167e-01
 -1.0192554e+00
  1.1170957e+00
 -9.3167424e-01
 -1.3229284e+00
  6.2194413e-01
 -4.8384547e-01
 -2.1853518e+00
 -7.1714860e-01
  1.9270556e-01
 -2.7840264e+00
 -6.9562823e-01
 -1.5903081e+00
 -1.2140708e-01
  1.3857336e+00
 -8.7634015e-01
 -5.3223306e-01
 -1.2525986e+00
 -8.2590503e-01
 -1.9521041e-01
 -1.3263565e+00
 -1.9276088e-02
 -2.2876627e+00
  2.9305986e-01
 -4.4428957e-01
 -2.1837022e+00
 -1.1683351e+00
 -1.6205473e+00
 -2.3248187e-01
  6.2788665e-01
 -7.0395833e-01
 -8.3056194e-01
 -9.3832916e-01
 -4.4617793e-01
 -8.7404019e-01
 -6.3482583e-01
 -1.0011096e+00
 -1.2634596e-01
  1.5917701e+00
 -3.0752608e-01
 -6.2536508e-01
 -2.6272014e-01
 -1.7356192e+00
  1.0064827e-01
 -1.0150044e+00
 -1.0859637e+00
 -6.1722886e-02
 -3.9768893e-01
  1.0358553e-01
  1.1070117e-01
 -8.6664677e-02
 -9.7268993e-01
  2.5516836e-02
 -7.6609576e-01
  2.0363419e+00
  8.1300437e-01
  4.7953248e-01
 -7.2698289e-01
 -1.5166975e+00
  2.2785184e+00
 -1.8659869e+00
 -2.4698637e-01
  4.6172240e-01
  5.3146416e-01
 -7.0470607e-01
 -5.3738249e-03
  7.2018778e-01
  3.1381011e-01
 -7.4522549e-01
  1.8128218e-01
  6.0736328e-01
 -2.3068772e-01
  1.2272171e+00
  8.9629167e-01
  5.1890427e-01
 -2.2731161e+00
  1.7583847e+00
 -1.8254324e+00
  8.3994067e-01
 -8.0962175e-01
  2.8697503e+00
 -4.9927950e-01
 -1.1787768e-01
 -4.2663019e-02
 -1.2471259e+00
 -1.2549373e+00
  1.3088925e+00
  1.9990807e+00
 -1.4189781e+00
  2.2245150e+00
 -1.6491537e-01
  7.9520780e-01
 -6.6593456e-01
  9.7963667e-01
 -2.4771814e+00
  9.5921648e-01
  9.0535784e-01
 -1.7790059e+00
 -3.3197150e+00
  4.4802746e-01
  1.2804211e+00
  4.2065578e+00
  6.0935599e-01
 -1.9171356e+00
 -1.0957878e-01
  1.2915286e-01
  3.1285734e+00
 -8.8772720e-01
  6.4233816e-01
 -5.7101625e-01
  1.8835456e+00
  9.8024035e-01
 -1.0253322e+00
 -9.3400502e-01
 -8.6147964e-01
  2.2704385e-01
 -3.9280701e-01
  1.4041871e+00
 -1.4025562e+00
  1.5911077e-01
  3.2659423e-01
 -2.0501807e+00
  1.0515090e+00
  1.0124459e+00
  5.0908703e-01
 -2.7188802e-01
  2.8804329e-01
  1.0432128e-02
 -8.4854908e-02
  4.1796136e-01
 -1.2359324e+00
  1.9322522e-01
  1.6659580e+00
 -9.3667489e-01
  1.1873726e+00
  1.1108143e+00
 -8.2870603e-01
  4.4255340e-01
 -8.0026662e-01
 -3.5236257e-01
 -7.0911199e-01
 -1.9025295e+00
 -1.6236643e+00
  5.6874657e-01
 -2.0261068e+00
  7.6842177e-01
 -7.8258164e-02
 -7.2316730e-01
  1.6781032e+00
  1.0468054e+00
 -1.6616287e+00
  5.3467572e-01
 -3.9381871e-01
 -7.9543993e-02
 -2.5660660e+00
 -7.4597353e-01
 -8.6555457e-01
 -4.0599605e-01
  2.0076303e+00
 -1.2161236e+00
  1.3374393e+00
  6.6787243e-02
 -1.6100720e+00
  9.7559518e-01
  1.2543969e+00
  1.4381992e+00
  5.4173356e-01
  6.1289233e-01
 -6.2371433e-01
 -6.5198773e-01
  1.9086161e+00
  7.2573745e-01
 -1.8277111e+00
 -1.5099190e+00
  1.3270023e-01
  5.5137124e-02
  5.1891662e-02
 -1.5221674e+00
  8.9660007e-01
  5.1389372e-01
 -9.9661136e-01
  5.0942367e-01
  2.0475535e-01
 -1.5346121e+00
  1.5346031e-01
  2.6261568e+00
 -5.8655721e-01
 -1.4063690e+00
  1.2032267e+00
 -5.9675932e-01
 -2.6537833e-01
 -9.9059647e-01
 -1.1136998e+00
  1.3192482e+00
 -3.4920245e-01
 -1.2762522e+00
 -7.1728610e-02
  7.9453003e-01
  7.3780882e-01
  1.6061571e-01
 -7.4978393e-01
 -1.3007135e+00
  1.1668967e+00
 -1.3006480e-01
  6.7358160e-01
 -9.6743077e-01
  2.0102766e+00
  8.7218946e-01
  1.4283781e+00
 -1.9034530e+00
 -1.1294512e+00
 -4.5712981e-01
  4.3716893e-01
  1.1524894e+00
  6.3687712e-01
  1.1222275e+00
 -2.4860766e-02
  2.0184808e+00
  3.3732262e-01
  1.6718288e-01
 -2.8021967e-01
 -8.0396730e-01
 -1.8963183e+00
  8.2544434e-01
 -4.6201310e-01
  1.9029222e+00
  1.6227803e+00
  8.8213462e-01
  8.1483197e-01
  1.7527336e+00
 -2.3004994e+00
 -8.9550400e-01
 -2.9286191e-01
  1.3665888e+00
 -4.1996825e-02
  1.7935240e+00
  1.4668510e+00
  4.5560417e-01
  1.2650995e+00
 -1.0661565e+00
 -2.0100361e-01
 -1.8374765e-01
  2.8451318e-01
 -1.0499433e-01
 -4.7471058e-01
 -2.0607486e-01
  1.1911075e+00
 -3.8088152e-01
  2.4463718e-01
  1.0056691e+00
  1.7383105e+00
 -5.0433540e-01
  1.8172044e+00
 -3.0453447e-01
 -9.0550679e-01
  2.1383476e+00
 -4.0904930e-01
 -1.4334205e+00
 -1.1454691e+00
 -3.3522413e+00
 -7.8414226e-01
 -1.8406152e+00
  1.5554252e+00
  1.4998281e+00
 -2.1240330e+00
  7.3107523e-01
  1.7836197e-01
 -2.2265166e-01
  3.1971433e+00
 -1.2347655e+00
 -6.2795293e-01
 -1.1138290e+00
 -1.4503088e+00
 -1.7597544e-01
 -3.3693978e-01
  1.0189896e+00
 -6.4777744e-01
  1.6306493e+00
  7.2140217e-01
 -2.0997412e+00
  5.1116594e-04
  3.0308428e-01
  3.2421824e-01
 -1.7801236e+00
  6.7760020e-01
  6.6516507e-01
  9.4939882e-01
 -1.5347144e-01
 -1.4878657e+00
  1.0679953e+00
 -6.6812807e-03
 -9.8505966e-02
 -3.0919178e+00
  9.8636234e-01
  9.2887288e-01
 -1.2665813e-01
 -4.3380153e-01
 -7.7090770e-02
 -2.6260114e+00
  3.2819290e+00
 -5.4328042e-01
 -7.1409762e-01
  1.5432756e+00
 -1.9110031e+00
 -9.8214531e-01
 -4.4749904e-01
  6.5269522e-02
 -1.4591016e+00
  4.5337510e-01
  2.4445114e+00
  9.9377111e-02
 -1.5547113e+00
 -5.6444091e-01
 -1.0489564e+00
  1.7144216e+00
 -2.5406447e-01
 -2.8519890e+00
  2.2720032e+00
  2.7052667e+00
 -9.8610425e-01
 -3.7768480e-01
  2.3172505e+00
  4.7943969e+00
  1.9824420e+00
 -7.6093793e-01
  1.1956995e+00
 -9.5839423e-01
 -2.1801398e+00
 -8.2474196e-01
 -1.1495321e+00
 -1.3871740e+00
  1.5647269e+00
  1.1057435e+00
 -6.6390991e-01
  3.6274242e-01
  2.0903139e+00
  1.9267576e+00
  1.1730499e+00
  2.4443400e+00
  4.5741126e-01
  3.9665771e-01
 -1.0307493e+00
  1.7174338e+00
 -7.5360817e-01
 -3.0926788e-01
  1.5429980e+00
 -2.1978984e+00
 -1.5405668e+00
 -4.0160969e-01
 -4.3519002e-01
  1.0920823e+00
  2.0261385e+00
 -2.4879367e+00
  7.0781654e-01
 -7.1086591e-01
 -1.4120311e+00
 -7.1176398e-01
 -3.1166654e+00
 -2.6268122e-01
 -7.3004648e-02
  2.0889206e+00
  1.1063787e+00
  2.4760873e+00
 -2.0307417e+00
 -9.6896917e-01
 -1.8516895e+00
  9.2624426e-01
 -1.1667693e-01
  1.3565934e+00
  1.9707168e+00
  1.4315962e+00
 -1.4446646e+00
 -1.2776138e+00
  9.2058897e-01
 -3.8263097e-01
  7.2970152e-01
 -2.2483401e+00
 -9.7922146e-01
 -1.8700702e-01
  9.9130237e-01
 -2.7702183e-01
  1.2077932e+00
  2.4591429e+00
  1.7984709e+00
 -5.7299095e-01
 -5.2061647e-01
  4.0990859e-01
  4.1042593e-01
  1.0660902e+00
  1.4336302e+00
  1.0073012e-01
 -2.8565738e-02
  1.9273256e+00
 -7.1267331e-01
  8.7363072e-02
 -1.4463123e+00
 -3.2029514e+00
 -2.7407653e+00
 -8.3845985e-01
 -1.0999620e-01
 -1.7120989e-01
 -8.4702563e-01
  1.2362173e-01
  1.6851244e+00
 -2.8700202e+00
  2.9827490e+00
 -2.4286312e-01
 -2.8102219e+00
  5.9141576e-01
  1.0106021e-01
 -3.8674531e+00
 -2.2610812e+00
  7.3126227e-01
  1.3108420e+00
  1.6994669e+00
  2.1870050e+00
  7.0946419e-01
 -4.7000367e-02
 -1.0557337e+00
 -1.0259609e+00
 -3.4991500e-01
 -3.2470043e+00
  1.7772423e+00
 -2.5431683e+00
 -1.5895792e+00
 -7.8434974e-01
  6.4113247e-01
 -8.5281312e-01
  5.0864194e-02
  2.1169531e-01
  1.9922737e+00
 -4.2935610e-01
  3.6753234e-01
  2.6007762e+00
  2.3868766e+00
 -3.3049133e-01
 -1.1467086e+00
  2.4451144e+00
  1.3809341e-01
  1.3769909e+00
 -6.6362673e-01
 -1.6427766e+00
  7.5761342e-01
  5.4414076e-01
  4.6237531e-01
 -7.9599805e-02
 -6.0876334e-01
  9.2298917e-02
 -1.4542241e+00
  1.7609720e+00
  2.5353119e+00
  1.1546704e+00
 -1.3382505e-01
  2.6536635e-01
 -7.4094731e-01
  1.5381477e+00
  2.0576088e-01
 -2.2413872e-01
 -1.7821009e-01
 -1.3679321e-01
 -2.0670468e-01
 -4.9763516e-01
  2.0944813e-01
 -1.4469351e-01
 -1.7172916e-01
  5.0976336e-01
  1.9477552e-01
  2.5428519e-01
  1.6161294e-01
 -1.9685965e-02
 -1.5702610e-01
  3.0592483e-01
  3.7955504e-02
 -1.6836501e+00
 -5.4789317e-01
  5.4237384e-02
 -7.3374122e-01
  2.2072680e-01
  8.7109268e-02
 -2.6055184e-01
  1.1975937e-01
  1.8515091e-01
 -5.9282862e-02
  3.7242889e-01
  6.5064952e-02
 -2.1224603e-01
  3.6900190e-01
 -1.3173656e-01
  3.3345363e-01
  1.4232369e-01
  1.6313069e-01
 -5.1839221e-01
 -1.4175913e-01
  7.3536403e-02
 -1.1434055e-01
  6.6185713e-02
 -6.7334694e-01
 -9.6241963e-01
  1.0353674e+00
 -6.2746376e-02
  1.3666980e+00
 -9.3596458e-01
  8.6853057e-02
 -3.8420233e-01
 -3.0413964e-01
  1.1686349e+00
 -1.6518798e+00
 -2.8727582e+00
 -2.1032553e+00
  3.0484498e+00
 -1.1235774e+00
 -4.6372104e-01
  5.7387394e-01
 -1.2962520e+00
 -1.5995803e-01
  1.3036070e+00
 -2.7655897e+00
  2.4804755e-01
  1.0956069e+00
 -2.3178594e+00
  3.2247708e+00
  1.4035007e+00
 -5.5317771e-01
  9.1752994e-01
  6.1362737e-01
  9.2330188e-01
  2.1831955e-01
 -1.1121521e-01
  9.5389462e-01
 -1.4748228e+00
 -2.1653447e+00
 -1.0793726e+00
  4.9556282e-01
  9.1950130e-01
  7.5180508e-02
 -7.9523355e-01
 -1.2919225e+00
 -4.2229226e-01
  3.4650126e+00
  3.1519325e+00
  2.6149628e-01
  1.6853207e-01
  1.2757224e+00
  1.0242748e+00
  3.9582393e-01
  2.5772765e-01
  7.1855068e-01
  2.1191416e+00
  6.2529993e-01
 -4.4106632e-02
  1.3058759e+00
  7.8193200e-01
 -1.9049782e+00
  3.1322420e-01
  6.3205618e-01
 -7.8649062e-01
 -2.0441303e+00
  1.8620944e+00
  3.6875606e-01
 -2.1917668e-01
  3.1710434e-01
  1.7147831e+00
 -1.6058624e+00
 -8.6344242e-01
  6.5746665e-01
  3.1501579e+00
 -1.2940425e-01
 -1.6326884e+00
 -2.5097492e-01
  1.8222446e+00
  1.5602578e+00
  2.3772211e+00
 -1.9504682e+00
 -1.2095567e+00
  2.4590948e+00
 -1.8426031e+00
 -6.9461352e-01
 -6.8877620e-01
  4.5041227e+00
 -1.1489016e+00
 -2.2122033e+00
  1.2916911e+00
 -3.1159945e+00
 -7.2892678e-01
 -9.4042361e-01
  4.2061663e+00
 -1.6360089e+00
  2.6248791e+00
 -8.5611701e-01
  4.9811740e+00
  7.1130455e-01
 -3.0252771e+00
  8.0370313e-01
  1.5639677e+00
  1.3724335e-03
  2.7012231e+00
  1.3941132e+00
 -8.0524570e-01
  1.1959449e-01
 -1.6351736e+00
 -1.6806451e+00
 -1.7687790e+00
 -1.8662612e+00
 -2.2738132e+00
 -1.4134390e+00
  3.0513802e+00
  5.2573889e-01
  1.7023293e+00
  2.7279851e-01
  8.9757597e-01
  9.0786952e-01
 -1.2145598e-01
 -2.3607752e+00
 -1.9876796e-01
  4.8318064e-01
  1.4887260e+00
 -9.7083133e-01
  1.1986473e+00
  2.0236685e+00
  6.5554100e-01
  2.7646399e-01
 -4.1074891e+00
  8.5968214e-01
  1.3708696e+00
 -4.0282902e-01
 -1.6244290e-02
 -2.3629053e+00
  3.2969306e+00
  3.6924049e-01
  2.1331563e+00
  3.2974820e+00
  1.8301740e+00
 -3.0806881e-01
  1.3819880e+00
  9.7077823e-01
  3.5106081e-01
 -1.2339036e+00
  3.8359714e+00
 -3.9911416e-01
 -2.5245185e+00
  1.7476270e+00
 -3.1148429e+00
 -1.8053479e+00
 -1.9243617e-01
 -3.8298595e-01
  1.7094553e-02
  1.6059730e+00
  5.6435883e-01
 -4.0458560e+00
  1.6509881e+00
  1.6456933e+00
 -1.2543921e-01
 -6.1078453e-01
  1.0471079e+00
  1.4758907e-01
  1.7770311e+00
  7.2090521e-02
  1.4275250e+00
 -1.1125394e+00
  4.9738288e-01
 -9.4166559e-01
 -1.4871180e+00
 -1.3802154e+00
  7.5429714e-01
 -5.8095410e-02
  2.7735648e+00
 -1.8096456e-01
 -3.9130911e-01
  9.8043334e-01
  4.6323824e-01
  2.1347361e+00
 -1.3511319e+00
  3.6458462e-01
  5.2707136e-01
 -6.1373132e-01
  6.2542118e-02
  1.4640495e+00
 -1.2665144e+00
  1.0716571e+00
 -2.3758583e+00
  3.7943842e+00
  3.0243506e+00
  1.4200845e+00
 -2.4837103e-01
  3.0793384e-01
  1.9423082e+00
  2.3628342e+00
 -7.3718384e-02
  4.9654996e-01
  2.8645339e+00
 -3.9688587e+00
  1.5944786e+00
 -1.0483044e+00
 -3.2375729e-01
 -2.2758088e+00
  2.2859957e+00
 -1.3146751e+00
  3.5009003e-01
  2.0307271e+00
  3.5268130e+00
 -2.9629769e+00
  2.9135387e+00
 -7.0306289e-01
  6.5766764e-01
 -1.2640039e+00
  7.9224706e-02
  1.8940351e+00
  7.6963419e-01
  6.5486687e-01
  2.0527896e-01
 -5.2676815e-01
 -1.4189115e+00
  3.5408404e-01
 -2.0342684e+00
 -3.6942610e-01
  5.7320583e-01
  2.6561630e+00
  1.4423083e+00
  7.2972554e-01
  1.7304530e+00
 -4.2221195e-01
 -8.6247194e-01
 -1.2630173e+00
 -4.4084939e-01
 -7.4617845e-01
  6.1984617e-01
  2.3999045e+00
 -6.2552714e-01
 -6.3053310e-01
 -2.3851759e+00
 -2.3806131e+00
  5.3600526e-01
 -1.2879697e+00
 -1.2091897e+00
 -9.3703085e-01
 -2.4950137e+00
  9.0663105e-01
  1.2157029e+00
 -9.9342716e-01
 -4.0851345e+00
  2.3723092e+00
  2.3817298e+00
 -3.6839017e-01
  3.0429162e-02
  1.9736348e+00
 -2.2674053e+00
 -1.1161493e-01
 -1.2513453e+00
 -1.8176812e+00
  6.4954257e-01
  4.8191813e-01
  2.0420970e-02
  1.2112505e+00
  2.6396830e-02
 -2.0406950e-01
  3.8030224e+00
 -2.9901772e+00
 -3.5157889e-02
  4.6167955e+00
 -1.6706336e+00
  9.2004550e-01
  1.0764103e+00
  3.8272476e-01
  1.0291680e+00
  3.1589601e+00
  2.7292869e+00
 -1.8156053e+00
  8.0981857e-01
 -6.2753540e-01
 -1.0797794e+00
  2.7564400e-01
  1.5570512e+00
  9.0974134e-01
 -1.7344359e-01
 -1.6861138e+00
 -2.6405361e-01
  1.9372880e+00
  1.0565653e+00
  2.6186891e+00
 -1.6732109e-01
 -2.6966068e-01
  3.9927755e-02
 -1.2375596e+00
 -2.1891060e+00
 -3.6065929e+00
  1.4295781e+00
  1.2816846e+00
 -7.2620851e-01
  9.8020375e-01
 -2.0956466e+00
 -7.3323822e-01
  1.2888269e-02
  6.0365689e-01
 -4.1635910e-01
  3.6943874e+00
  9.0789551e-01
  2.0197961e+00
 -1.2739975e+00
  5.7269526e-01
  2.3401556e+00
 -2.0121226e+00
  8.0118006e-01
 -2.1822340e+00
 -6.9925010e-01
 -1.3232354e+00
 -2.1167813e-01
  1.3409868e+00
 -3.7286615e-01
  1.4846942e+00
 -4.1148460e-01
 -4.6232888e-01
 -9.0612561e-01
  1.6070396e+00
 -1.5656484e+00
 -9.9741173e-01
 -2.7566695e+00
  1.4846998e+00
  3.8859520e+00
 -6.5123188e-01
  3.4203684e+00
  1.1788442e+00
 -2.4722373e+00
  6.3557899e-01
 -7.2643161e-01
 -1.8190426e+00
  3.9265999e-01
 -2.0312846e+00
  1.4625329e+00
  2.1812806e+00
 -1.8490274e+00
  1.5402408e+00
 -3.2812494e-01
  8.6534214e-01
 -1.1088324e-02
 -3.3845860e-01
 -5.1160949e-01
 -1.0292201e+00
  1.4200871e+00
 -1.0808841e-01
  1.5540365e+00
 -5.5547911e-01
  3.3249788e+00
  3.7396833e-01
 -4.0962258e-01
  7.7119815e-01
 -3.4985902e+00
  7.5817436e-01
  1.1428058e+00
 -2.9544570e+00
  4.3078980e+00
 -1.8708928e+00
  1.6789275e+00
 -6.6393024e-01
  3.9459178e-01
  3.4470255e+00
 -2.0463855e+00
 -1.1168797e+00
 -4.0007424e-01
 -8.5116369e-01
 -1.7210289e+00
  4.7963670e-01
 -9.1342181e-01
  1.3354074e+00
 -1.3067539e+00
  3.1970346e-01
 -3.5262740e-01
 -6.6939878e-01
 -7.0813626e-02
 -2.8389769e+00
 -2.9475358e-01
  9.6943033e-01
  1.6471831e+00
  7.2498852e-01
 -5.6768799e-01
  7.7335888e-01
 -7.9036027e-01
 -1.4868501e+00
  4.6280906e-01
  2.9517596e+00
 -1.6088650e+00
  3.0662730e+00
  9.3158531e-01
  9.3498933e-01
  1.1496040e+00
 -7.9423183e-01
 -3.2774291e+00
  2.3779569e+00
  8.0657101e-01
  3.1881466e+00
 -9.2090952e-01
 -2.6861462e-01
  2.0137098e+00
  1.0448018e+00
  1.0836226e-01
 -1.8533709e+00
  3.0691782e-01
 -8.3311993e-01
  1.6057801e-01
  4.5780763e-01
  2.3474247e+00
 -2.6429102e-01
 -3.1207707e-02
 -1.0834784e-01
  1.0764203e+00
  2.2059831e-01
  1.4738560e+00
 -1.8767294e-02
 -6.1131263e-01
  8.2236779e-01
 -1.7418200e-01
  3.0321701e+00
 -1.8886384e+00
 -1.9596727e-01
  3.3848031e+00
 -1.9144877e+00
  2.3156752e-01
  2.5440581e+00
  2.3992129e-01
 -2.6159227e+00
  5.4739523e-01
 -3.9592266e-01
 -1.1047920e+00
  1.7548919e+00
  4.8362651e-01
  1.2430310e-01
  1.7762961e+00
  1.0580329e+00
 -7.9217309e-01
  1.9706106e+00
  7.8169554e-01
  1.2541185e-01
  1.3978226e+00
  6.9954878e-01
 -3.3442777e-01
  3.4436543e+00
  1.5040417e-01
  4.4373646e-01
  1.4628233e+00
  1.1240406e-01
 -2.5057328e-01
  1.9532717e+00
  6.1700559e-01
 -8.9660275e-01
  1.4400951e+00
  6.5686107e-01
  2.8023782e-01
  9.2563277e-01
  5.5888379e-01
  8.2455015e-01
  9.5003402e-01
 -4.9093324e-03
 -1.3158086e-01
  1.2014525e+00
 -6.7153269e-01
 -3.9518645e-01
 -3.3257058e-01
  1.5166301e-01
 -3.9895087e-02
  5.3478986e-01
  2.0994885e-01
  5.5989742e-01
  5.8394545e-01
  8.3744925e-01
 -4.0532720e-01
  1.4732053e+00
 -2.1803076e+00
 -2.3244439e-01
  1.1845600e-01
  7.4506789e-01
  1.8854499e+00
 -3.9525360e-01
  5.8844209e-01
  3.2224488e-02
  4.5139748e-01
 -6.0141200e-01
 -2.4848711e+00
 -1.1018543e+00
  1.5154731e+00
  1.7359332e+00
  5.6676079e-02
 -2.1820262e-02
 -1.5125823e+00
  1.1891668e+00
 -1.0483080e+00
 -6.7526382e-01
  6.3065392e-01
  6.7009783e-01
 -1.3202871e+00
  3.6302958e+00
  3.3715374e+00
 -4.1672621e+00
 -4.3780684e-01
  1.4952067e+00
  1.4844919e+00
  2.2335703e+00
 -3.8971242e-01
  2.9181577e-02
  1.7919717e+00
  3.6611080e-01
  4.4706931e+00
  1.0258859e+00
  1.3896241e+00
  1.7555355e+00
 -3.9059343e+00
  6.1551374e-01
  3.1586883e+00
  2.8184130e+00
 -1.8337160e-01
 -1.6208038e+00
  8.0115384e-01
  4.2347759e-01
 -2.8975909e+00
  8.7443858e-01
  7.3506975e-01
  1.5281644e+00
  1.8535511e+00
 -1.7892996e+00
  1.1762583e-01
  2.7915051e+00
 -1.1677442e+00
 -2.0108705e+00
 -1.0759844e+00
  3.3699548e+00
 -1.4700309e+00
  1.1986084e+00
 -1.9838366e-01
 -9.0175796e-01
 -6.0558933e-01
  4.0318775e+00
  1.0143644e+00
 -1.1641746e+00
  8.1621957e-01
  1.5549214e-01
 -2.5142062e+00
  7.8978205e-01
 -5.4330873e-01
  2.3055542e+00
 -2.3180621e+00
  1.2065563e+00
  1.2576938e+00
 -2.8562667e+00
 -9.0122432e-01
  3.1265700e+00
  1.6632290e+00
  2.5868199e+00
 -1.2499078e-01
 -3.4211278e-01
  1.8236983e+00
  9.5392384e-02
 -5.3640050e-01
  1.3333813e+00
  2.7915957e+00
  2.1065757e+00
  1.0670350e+00
 -1.2772839e+00
  4.4390249e-01
 -1.3283458e+00
 -1.4078895e+00
 -1.1079285e+00
  7.4103498e-01
  1.9032154e+00
  2.9823765e-01
 -1.6653661e+00
 -4.5675527e-02
 -8.1881928e-01
 -3.5822213e-02
  4.9667326e-01
  1.3964409e+00
  1.5365237e+00
 -8.7948078e-01
 -4.1064021e-01
 -1.6369075e+00
 -5.4842349e-02
 -3.0822570e+00
  2.3981180e+00
 -9.7762948e-01
  1.3110274e+00
 -2.6962326e+00
  1.3591601e+00
 -3.3335331e-01
  4.2320752e-01
 -2.8052320e+00
 -1.9483868e+00
 -2.6645310e+00
 -1.3667598e+00
  1.0226855e+00
 -1.8771242e+00
  1.7160344e+00
  4.6688342e-01
  5.4578319e+00
  1.9991167e+00
  3.5544202e+00
 -1.6239439e+00
 -1.0025052e+00
  3.1017730e+00
 -1.3206526e+00
  3.3304470e+00
 -1.4840857e+00
  2.3203118e-01
  1.1370944e+00
  4.7076446e-01
 -1.9688696e-01
  7.7851516e-01
 -2.7830129e+00
  7.8614122e-01
  1.5033395e+00
 -2.4992059e-01
  1.5031552e+00
  2.1310940e+00
  2.0943588e-01
 -7.8435534e-01
 -9.5910209e-01
  3.2546213e-01
 -2.5344275e-02
  1.9650755e+00
  3.1645422e+00
  1.2122587e+00
  1.2784185e+00
  1.8552678e+00
  5.7593066e-01
 -3.8499746e-01
 -2.8933555e-01
  3.7447184e-01
  8.4589458e-01
  3.0284898e+00
  3.0855591e+00
 -2.2305442e-01
 -3.0826564e+00
  4.7422175e+00
 -4.6579099e+00
  6.5386915e-01
 -4.8982412e-01
 -3.3184835e-01
 -6.5049762e-01
  2.1964953e+00
  2.2626052e+00
 -9.0486348e-01
 -9.4355559e-01
  1.6070076e+00
 -3.4651324e-01
 -2.0711663e+00
  8.3144233e-02
 -5.5286088e+00
 -1.3245013e-01
 -1.5410737e+00
 -2.5081572e-01
 -4.6421595e-02
  6.4738536e-01
  1.4331808e+00
 -4.1535595e-01
  5.9519142e-01
 -3.4241979e+00
  3.9798957e-01
 -1.9960675e+00
 -1.8890893e-01
 -5.4279413e-02
  1.3039184e+00
  1.4621892e+00
  6.5976635e-02
  3.3067207e+00
 -8.6732078e-03
 -4.9304286e-01
  6.0458404e-01
  3.5780025e-01
 -6.8898267e-01
 -1.6530221e+00
  3.0510273e+00
  1.3225218e+00
  1.9454134e+00
 -6.7641044e-01
 -3.1541343e+00
  2.1557982e+00
 -3.5270622e+00
 -3.5906146e+00
  2.6789446e+00
  1.4615300e+00
  5.5273813e-01
  2.6186144e-01
 -2.8744545e+00
  3.7565308e+00
 -5.7797670e-01
  8.8956344e-01
 -1.1515017e+00
 -9.3520349e-01
  8.1415027e-01
 -3.8458915e+00
  1.8212105e+00
  5.4103374e+00
 -8.1623244e-01
  1.1798815e+00
  8.9877987e-01
 -6.9528806e-01
  2.2706187e+00
  7.9954815e-01
 -1.5712039e+00
 -1.3453419e+00
 -5.0443500e-01
  3.6870402e-01
  7.2381806e-01
 -2.4237522e-01
 -1.1302803e-01
  3.3296368e-01
  1.5260794e+00
 -1.3919369e+00
  8.1659615e-01
  1.9120832e-01
  1.3516760e+00
 -1.7325816e-01
  4.2274818e+00
  9.1502136e-01
 -2.3588605e+00
  1.4341491e+00
 -1.5367016e-01
 -1.3915603e+00
  2.3666081e+00
  9.9017060e-01
 -1.8077203e+00
 -1.1144637e+00
 -1.0359143e+00
  2.4723184e+00
  1.2690433e+00
  8.3258706e-01
  2.3608281e-01
 -1.3045011e+00
 -2.7929296e+00
  1.5330462e-01
 -2.3625503e+00
 -6.1353081e-01
  6.9872612e-01
  3.9550612e+00
  1.0056729e+00
 -1.2304641e-01
 -1.1889304e+00
  6.6637111e-01
  6.8554944e-01
  1.1780691e+00
  8.3949769e-01
 -3.4174492e+00
  4.5291586e+00
 -1.0609702e+00
  4.6718031e-01
  1.7554686e+00
 -1.7871407e-01
 -1.3135208e+00
  2.4684141e+00
 -2.3540430e+00
 -2.7971981e+00
  9.6230382e-01
  1.3177725e+00
  5.7401019e-01
  1.1266756e-01
 -1.5242240e-01
 -7.7437055e-01
 -2.5292507e-01
 -7.8754932e-01
  1.5544001e+00
  2.4248979e+00
 -1.7710564e+00
 -6.7184657e-01
 -5.2678436e-01
  1.3342291e+00
  9.5724362e-01
 -1.4563395e+00
  9.4378954e-01
  1.1184779e+00
  5.9288228e-01
  1.1012104e+00
 -1.3181025e+00
 -1.5416396e+00
  2.2005796e+00
 -1.4479159e+00
 -1.9144127e+00
  3.0052888e+00
 -9.9588180e-01
  7.4591696e-01
 -2.0415492e+00
 -1.1310223e+00
 -1.7573900e+00
 -7.5013155e-01
  7.5350061e-02
  5.6098682e-01
  6.1519283e-01
  1.4528102e+00
 -7.1701282e-01
 -2.2312732e+00
 -5.0143480e-01
 -1.7959388e+00
 -9.2049545e-01
  9.8444903e-01
 -1.1430252e+00
  1.5923645e+00
 -2.4193213e+00
  1.5458664e-01
 -4.6035898e-01
  1.0705928e+00
  5.0089669e-01
  1.0546914e+00
  3.0394814e+00
  1.6444594e+00
  1.6763767e+00
  5.1406407e-01
  6.0316116e-01
 -9.3609445e-02
  5.0756264e-01
 -1.0427766e+00
 -1.2562956e+00
  4.2829645e-01
  4.4593826e-01
  2.4411011e-01
  1.8717939e+00
  1.8412088e+00
  6.0425746e-01
  2.5980816e+00
 -1.1712277e+00
 -1.0477773e+00
 -1.0664988e+00
 -3.9052534e+00
 -1.0419019e+00
  1.6558352e-01
  2.2866783e+00
  7.3389524e-01
  2.4322767e+00
  1.0342512e+00
 -6.5454289e-02
 -9.2626363e-01
 -1.3282298e+00
  9.2994124e-01
 -5.2904379e-01
 -1.3303409e+00
 -8.0300766e-01
 -7.0513642e-01
  1.1022594e+00
  1.2870414e+00
  1.7186363e-01
  1.5510472e+00
 -1.1138637e+00
  3.9586463e+00
  4.2315865e-01
 -2.1127360e-01
 -1.4951495e+00
 -1.5156238e+00
 -4.8757672e-01
 -3.9379776e+00
 -2.0803413e+00
  3.0105665e+00
  9.4537146e-02
 -7.9691648e-02
  2.7289782e+00
  9.0913826e-01
 -6.9824785e-02
 -1.3407770e-01
 -9.6001822e-01
  1.9291009e+00
  2.6210437e+00
 -3.0454412e-01
  1.1591130e+00
  2.9669743e+00
  1.2495178e+00
 -1.3179979e+00
  1.0282825e+00
 -1.1211210e+00
  1.6364266e+00
 -5.4390550e-01
  1.2587930e+00
 -6.0492414e-01
  1.5409247e+00
 -1.1364160e+00
  1.8342772e-01
  2.8286442e-01
  1.1029521e+00
 -1.2039028e+00
  2.7340415e-01
 -2.7832122e+00
  1.0600289e+00
  1.3242567e+00
  2.6200542e+00
 -8.3685750e-01
 -1.9441744e+00
 -5.8327764e-01
 -5.5992877e-01
 -1.8795152e+00
 -9.5121568e-01
  1.9845998e-01
  5.6697339e-01
  5.1132787e-02
  3.4062614e+00
 -5.0759163e-02
  5.6577402e-01
  5.1120681e-01
 -1.0389390e+00
 -1.9836116e-01
 -5.4073614e-01
 -1.1644521e+00
 -7.6918679e-01
 -1.6376657e+00
  4.2240667e-01
 -2.1669860e+00
 -4.5390967e-01
  1.4384018e+00
 -5.6808007e-01
 -1.2256596e+00
 -2.1869926e-01
 -1.2003192e+00
 -1.0030636e+00
 -1.0017860e+00
 -2.7372277e+00
 -4.2234406e-01
 -2.5542098e-01
 -1.5001409e+00
  7.1569204e-01
 -1.0588416e+00
  2.5272033e-01
 -9.0326393e-01
  1.4508251e+00
 -2.5877717e-01
 -2.1655560e+00
 -6.7673922e-01
 -5.2096891e-01
 -6.3998842e-01
  3.0404639e+00
 -2.2612514e+00
  1.0726844e+00
  5.1462168e-01
 -1.7115628e+00
 -1.4267625e-01
  1.2983860e+00
 -1.3564155e+00
 -2.8970009e-01
  3.2248638e+00
 -2.4715257e+00
 -5.7779368e-02
  1.2186922e+00
 -2.7499673e-01
 -1.2151508e+00
  4.8853767e-01
 -6.7615986e-01
  7.1820915e-01
  4.3675673e-01
 -1.2412162e+00
 -5.3512770e-01
  3.1094959e-01
  3.7891972e-01
 -4.2920625e-01
  1.3007752e+00
 -1.2837074e+00
 -9.8177648e-01
  2.8737625e-01
  1.3170382e+00
 -1.8958442e+00
 -2.5732207e+00
  1.7654357e+00
  1.4544775e+00
 -2.0246666e-02
 -2.0904579e+00
  1.7153888e+00
  1.8174052e+00
  1.3176113e+00
  5.1675206e-01
  4.4873667e+00
 -1.4925689e+00
 -1.1202376e+00
  1.9747032e+00
  1.0163739e+00
  9.6967649e-01
 -1.2130696e+00
 -6.0797596e-01
  2.0924597e+00
  4.6238623e+00
 -2.5608959e+00
 -5.0417846e-01
 -7.1926838e-01
 -7.2061032e-01
 -2.7549734e+00
 -1.1505463e+00
 -5.3141193e+00
  3.4092903e+00
  2.9697599e+00
  2.6415148e+00
 -3.4232385e-02
 -9.9489468e-01
  2.4417484e+00
 -1.6020637e+00
 -4.7724962e-01
  7.3821791e-02
  8.3379950e-03
  8.3341002e-01
  7.1360916e-01
  4.0559645e+00
 -7.8407151e-01
  8.9864478e-02
  9.2871273e-01
 -6.3785666e-01
 -2.9210451e+00
  1.0469649e+00
  4.1020578e-01
 -1.3850740e-01
 -1.0600362e+00
 -7.0715296e-01
 -4.7555435e-02
  5.0927573e-01
  2.3477423e+00
 -1.9941672e+00
 -1.3319985e+00
  1.0123005e-01
  1.2939061e+00
  1.8720108e+00
  2.4921851e+00
 -6.3887052e-02
  2.0243780e-01
 -8.2626730e-01
 -4.3381327e-01
 -4.0708321e-01
 -8.1073868e-01
 -6.4334106e-01
  4.4887149e-01
 -9.5457435e-01
  6.0432863e-01
  2.3138831e+00
 -1.2465070e+00
  4.2691505e-01
 -1.5756721e+00
 -7.6239568e-01
 -9.7591871e-01
  8.8679338e-01
 -4.5529166e-01
 -3.9330850e+00
  1.1670153e+00
 -3.0396008e+00
  1.2913957e+00
  2.1633213e+00
  8.4105295e-01
 -2.0083528e+00
 -1.8107805e+00
  1.3189194e+00
  3.9315324e+00
  3.7184112e+00
  9.7917867e-01
 -1.5287023e+00
 -5.4010874e-01
  4.0815005e+00
 -2.7753909e+00
  1.0792405e-01
  2.2296371e+00
  4.4508553e+00
  5.3898129e+00
 -2.9713271e+00
  7.8044438e-01
  3.1361811e+00
 -2.2054079e+00
 -3.1436012e+00
 -1.6112961e+00
 -4.0957433e-01
  1.9802393e-01
 -3.3246396e+00
 -8.1228651e-02
  9.2818516e-01
 -1.6492465e+00
  3.6129701e-01
 -2.5979774e+00
  1.2369083e+00
 -1.0421578e+00
  6.5518624e-01
 -1.2341579e+00
  7.2194016e-01
  3.0506590e-01
  4.3254304e-01
 -2.9428964e+00
 -3.2914641e-01
 -1.8797061e-01
 -7.8997064e-01
 -3.6406478e-01
  4.6286184e-01
  2.1772623e-01
  1.8751537e+00
  5.5242312e-01
 -6.7696297e-01
  1.6624205e+00
 -2.6272144e+00
  1.6976303e+00
  3.0505974e+00
 -1.6222672e+00
  3.2705122e-01
  6.0024685e-01
 -2.1916475e+00
  1.0401604e+00
  2.6500545e+00
  8.0944663e-01
 -6.5435141e-02
 -1.6001827e+00
 -1.9317366e-01
 -1.6857165e+00
  8.8185716e-01
  3.1793151e+00
  1.2457914e+00
 -3.0094001e+00
 -7.0108634e-01
  9.0006858e-01
 -3.4051678e+00
  1.0857866e+00
  1.8009076e+00
 -1.0713284e+00
 -4.1837339e+00
 -4.6693616e+00
 -4.6124163e-01
 -5.1271678e-03
  5.6453049e-01
  3.3498389e-01
 -4.7496602e-01
 -1.1305707e+00
 -1.9100623e+00
  1.3705838e-01
  2.7717695e-02
 -4.8777273e-01
  1.4658526e-01
 -2.5575898e+00
 -5.4460280e-03
 -1.1273868e+00
  4.0118035e-02
 -1.0329212e+00
 -9.3478727e-01
 -4.6181774e-01
  1.2952805e+00
  1.7014164e+00
  2.2180948e+00
  5.0917253e-02
  1.0552956e+00
 -2.8137841e+00
 -9.8370212e-01
  2.1661518e+00
 -1.2592300e+00
  3.8752541e-02
  1.8396033e+00
 -3.2567391e-01
 -3.5783681e-01
  1.4529926e+00
  7.4729972e-02
 -5.4994971e-01
  5.8968425e-01
  1.2573006e+00
  9.4972521e-02
  2.5272283e-01
  2.2635167e+00
  3.7368407e+00
  1.0866200e+00
  2.1455963e+00
  2.0199421e-01
  4.3385765e-01
  3.0867066e+00
  3.0281284e-01
 -3.0101075e+00
 -1.9902670e+00
  1.0155789e+00
 -2.4737654e+00
  1.8193719e+00
 -3.7121303e+00
  5.9303720e-02
 -5.5312163e-01
  1.9961578e+00
 -4.0977347e-01
 -3.5314529e+00
 -4.6106669e-01
  9.7855765e-01
  1.0414885e+00
  1.5027835e+00
 -1.2893918e+00
  8.4732032e-01
  9.7218412e-01
 -2.3409188e+00
 -3.2642796e+00
 -1.0530340e-01
  2.5304914e+00
  1.9030830e+00
  5.2234924e-01
 -1.1972727e-01
  1.2797315e+00
 -9.7743797e-01
  2.2977631e+00
  4.7144886e-02
  1.1158514e+00
  2.5246956e+00
 -2.1991904e+00
 -1.0411559e+00
  1.6644204e-02
 -1.9165113e+00
  2.0423775e+00
  2.8880060e-02
  3.7288347e-01
  3.5206065e-01
 -1.7255359e+00
 -5.1811832e-01
  2.0451388e+00
 -2.0334086e-01
  1.6444229e+00
  1.0438528e-01
 -6.2358868e-01
 -1.3041148e+00
  3.1601083e+00
 -1.2122328e+00
  2.3083680e+00
 -5.4353070e-01
  9.4873613e-01
 -2.9733422e+00
  1.4145288e+00
 -9.3243343e-01
 -1.5636506e+00
  6.1138105e-01
  1.5214801e+00
  5.3458914e-02
 -1.9835538e-01
 -9.4845021e-01
 -3.1090446e+00
  2.5888014e+00
  4.6335196e+00
  3.3088833e-01
  1.0866780e-01
  3.8087122e+00
  2.0905834e-01
 -1.8931484e+00
 -2.1416559e+00
  1.5778430e+00
  3.0429454e+00
  3.0429599e+00
  1.0728287e+00
  1.5269700e+00
  1.4645500e+00
  1.4312987e-01
  2.4768120e-02
  2.4949903e-02
 -4.3227986e-02
 -4.8632309e-01
  1.5579323e+00
 -1.9199884e+00
 -1.5537969e+00
  3.1507993e-01
 -8.7505847e-01
 -1.0738120e+00
 -2.0091683e-01
  3.3493211e+00
  1.4389015e+00
 -2.0152619e-01
 -1.3599411e+00
 -3.6217782e-01
  1.4022094e-01
 -2.3764660e+00
  1.2396526e+00
  3.0481082e-01
  6.3929421e-01
 -4.3579870e-01
 -5.3200549e-01
 -2.1456904e+00
 -1.4783988e+00
  1.0466851e+00
  2.8452544e+00
  1.7241184e+00
 -2.8717732e-01
 -2.9079812e+00
  1.3011638e+00
  3.0395451e-01
 -2.8145576e+00
 -3.9221063e-01
 -1.2495203e-01
  7.3722273e-01
 -2.2312160e+00
 -9.1567123e-01
  1.2227308e+00
 -1.9933856e+00
 -1.2250915e+00
 -5.4527462e-01
 -3.1870016e-01
 -7.8521824e-01
 -9.1403323e-01
 -1.5891804e+00
 -8.4020972e-01
 -8.7353909e-01
  1.0342283e+00
  2.3434169e+00
 -1.1987540e-02
 -2.6594415e+00
  4.6537685e-01
 -9.3957311e-01
  3.2310491e+00
 -2.7437297e-01
 -2.5807157e+00
 -8.1455296e-01
 -1.4775529e+00
  2.9919107e+00
  2.2574987e+00
 -7.7677184e-01
 -1.2005481e+00
 -1.1905537e+00
  3.5023286e+00
  3.6253200e+00
 -2.4935632e+00
 -3.2885237e+00
 -2.1007907e+00
 -1.4251796e+00
  1.2692521e+00
  7.1649468e-01
 -3.6202307e+00
 -1.6446114e+00
 -4.1407377e-01
  4.6945925e+00
  1.6629324e+00
 -1.7361187e+00
  6.5206027e-01
 -1.3414625e+00
 -1.2016966e+00
 -1.4117233e+00
  2.8358290e+00
 -1.3517278e+00
  1.7171190e+00
 -7.4439496e-01
 -9.4881898e-01
  1.0711257e+00
  4.3842849e-01
 -2.3577130e+00
  1.5216097e+00
  1.1787250e-01
  1.0947949e+00
 -2.2078700e-01
 -2.1578734e+00
  1.6600479e+00
  7.2642601e-01
  3.6978298e-01
  2.5751755e-01
  1.2776223e+00
  6.9480973e-01
  2.0119348e+00
 -6.2113923e-01
 -4.9718863e-01
 -7.9557240e-01
  1.3653122e+00
  7.7721351e-01
 -1.3564315e+00
 -1.7487100e-01
  5.7098401e-01
 -6.5651512e-01
  6.6826724e-02
 -5.9480667e-01
  2.7391607e-01
  5.3764707e-01
  3.4956285e-01
 -1.6547711e+00
  2.8962414e+00
 -8.7607643e-03
  4.6283531e-01
  7.6810056e-01
  6.2755048e-01
 -9.9939752e-01
 -1.0737613e+00
  2.1664718e-01
 -3.7786433e-01
  6.8019038e-01
  1.6553661e+00
  7.7865645e-02
  1.9350656e+00
 -1.0513197e+00
 -1.1007957e+00
  6.8706465e-01
  9.8461252e-01
 -1.1808486e+00
  9.8614067e-01
  1.0219618e+00
  4.8515126e-01
  1.6698354e+00
  2.9919866e-01
  1.5107495e-01
  7.4114877e-01
  8.2094207e-02
 -4.8944947e-01
  7.8743064e-01
 -1.6010627e+00
  2.7639267e-01
  1.5091406e+00
 -8.3687049e-01
  2.1850863e+00
  1.3999795e+00
 -7.4379790e-01
 -1.9935044e+00
  2.0854070e+00
 -3.2161492e-01
 -2.8907952e-01
 -1.8944681e+00
  7.8012146e-02
  1.2658026e+00
  8.0146432e-01
  1.8684468e+00
  1.2432085e+00
  6.2851155e-01
 -2.8110701e-01
  4.7825035e-01
 -5.3629720e-01
 -1.1509827e+00
 -1.0151592e+00
  1.4567219e+00
 -1.0653301e+00
 -4.7770858e-01
 -2.4710505e+00
  3.4695332e+00
  1.1227771e+00
  1.1206506e+00
 -1.3740464e+00
 -4.5866415e-01
  1.4888687e+00
  1.4074030e+00
 -2.8548107e+00
 -3.1014984e+00
 -1.8865594e+00
 -1.3566829e+00
 -2.0085559e+00
 -4.7412047e-01
 -2.8296413e+00
  6.5823451e-02
 -1.0400491e+00
 -1.0599068e+00
 -2.3445308e-01
  1.8285799e+00
 -2.6732492e+00
 -2.3678834e+00
 -3.1685028e+00
  4.6315801e-01
  2.5777252e+00
  5.6123817e-01
  1.4251423e+00
 -6.3053626e-01
 -9.8127693e-01
 -1.1564666e+00
 -1.4624500e+00
 -3.1641987e-01
  2.0899668e+00
 -2.5266769e+00
  2.4574311e-01
  4.6534595e+00
  1.4172506e+00
  3.2835853e-01
 -3.1600451e-01
  1.0877941e+00
  1.5689609e+00
  3.7320404e+00
 -1.9228219e+00
 -9.6257466e-01
  9.1361269e-02
  2.3556297e+00
  3.3672256e+00
  2.2083967e+00
 -2.6867771e+00
  6.8480039e-01
 -3.2375829e+00
 -1.0774873e+00
  2.8829019e+00
  6.0684588e-02
 -1.0950996e+00
 -1.3422171e+00
 -3.8151380e-01
  4.6185043e-01
  1.7092708e-01
 -4.4090900e-01
 -4.6116947e-03
  2.3793890e+00
  6.1990094e-01
  1.8095370e-01
  3.1210444e+00
  9.9522966e-01
  6.0212481e-01
 -3.4325585e-01
 -9.7635284e-02
  5.8020890e-01
  1.9715338e+00
  6.0503417e-01
  8.4260154e-01
  1.2517256e+00
  1.6784360e+00
 -2.9144154e+00
 -2.0925894e+00
  9.4340599e-01
  2.3332262e+00
 -9.2505080e-01
 -2.6413054e+00
 -8.9150959e-01
 -1.5790941e+00
 -4.2289171e-01
  2.0037193e+00
  3.8914821e-01
 -2.2917156e+00
 -9.3877500e-01
 -6.6239243e+00
  1.0552368e+00
 -1.3205246e+00
  1.1367860e+00
 -1.2077910e-01
  1.9958578e+00
  1.3181199e+00
  7.7131587e-01
 -2.2459641e+00
 -1.6553612e+00
 -1.3233662e+00
 -7.4035424e-01
  1.8663273e+00
  3.4127183e+00
 -8.1763667e-01
  5.8142304e-01
  5.7460397e-01
 -1.4819671e+00
  2.0616410e+00
 -4.3788038e-02
  6.5634632e-01
  6.8545532e-01
 -8.3055151e-01
 -1.4083519e+00
 -7.3400319e-01
 -1.5784096e+00
  5.4395044e-01
  8.9481342e-01
  7.7271551e-01
 -1.0590088e+00
  1.1314039e+00
 -9.2715347e-01
 -4.6149621e+00
  1.4406877e+00
  1.1093315e+00
 -7.9848990e-02
 -1.4847343e+00
  1.1475506e+00
  1.1224438e+00
  2.8627255e+00
  3.9277688e-01
 -1.3796731e+00
 -1.5859238e+00
 -4.3094999e-01
 -3.6633921e-01
  5.4676127e-01
 -3.8043480e+00
 -1.0844796e+00
  9.8575480e-02
 -1.3780749e+00
 -3.0528903e+00
 -1.6533618e+00
 -6.7641103e-01
 -1.4794186e+00
 -1.0607965e+00
  8.7172651e-01
 -1.6092650e+00
  2.6668450e-01
 -1.1094946e+00
 -1.6532904e+00
  2.6454121e-01
  3.2971050e-03
  7.6858148e-02
  1.6401507e+00
  2.4081066e+00
  1.7830834e+00
  1.4551042e+00
 -2.2384679e+00
 -5.8366942e-01
  4.4392613e-01
 -1.9643267e+00
  1.0214136e+00
  1.4040716e+00
  1.7370815e+00
  1.2347282e+00
  3.4437144e+00
  7.4865326e-02
 -2.4175265e-01
  2.4319227e+00
 -1.6776459e+00
 -1.2656613e-01
 -1.4192852e-01
 -2.7036104e+00
  7.1261257e-01
  7.0570099e-01
  1.6698614e+00
  1.0417686e-01
 -6.8773252e-01
  1.3011561e-01
  1.5577080e+00
 -1.4039087e+00
  2.4713814e-01
  9.1311193e-01
  2.4370401e+00
 -2.2822592e+00
 -3.9467520e-01
  7.1678323e-01
  1.3032570e+00
 -8.6782253e-01
  1.9094929e+00
  4.8669553e-01
  6.8484628e-01
 -7.5250006e-01
 -2.6756892e-01
  7.4112862e-01
  1.6565433e+00
  6.2008941e-01
 -1.1349660e+00
  1.4316216e+00
 -1.2944335e+00
  7.2366172e-01
 -1.5516915e+00
  4.0510881e-01
  2.6812811e+00
  4.2799201e+00
  1.8251959e+00
  9.9367940e-01
  6.4970517e-01
 -1.6068641e+00
  2.9411862e+00
  4.3619153e-01
  1.1987554e+00
  2.3822539e+00
 -1.5375355e+00
 -1.0437974e+00
 -1.7574074e+00
  1.2339787e+00
 -2.5753766e-01
 -1.0695062e+00
 -7.1311551e-01
  3.6496484e+00
 -7.3690963e-01
 -2.4431632e+00
 -1.9116322e+00
 -1.3970636e+00
  2.9951897e+00
 -1.7568535e+00
  4.8663202e-01
 -1.8495849e+00
 -2.8439963e+00
  3.5348830e+00
 -3.4513128e+00
 -1.9000022e+00
  2.7420716e+00
  2.2677782e+00
 -2.9027569e-01
  2.8026906e-01
 -6.5602094e-01
  1.4282787e+00
 -2.2444313e+00
 -3.0799128e-02
 -8.2439697e-01
 -2.0385851e-01
  1.5496191e+00
  4.3219686e-01
  9.3135381e-01
  2.5627394e+00
 -1.6681179e+00
 -1.7277993e+00
 -2.2660966e+00
  4.7857308e-01
  8.7540597e-01
  1.0355836e-02
 -4.2555508e-01
 -1.6320361e+00
  1.9648417e+00
 -2.7118666e+00
 -1.9718553e+00
 -6.0902101e-01
 -1.2828923e+00
 -1.0194904e+00
  3.1376038e-02
  2.7822838e+00
 -3.7466788e+00
  2.0368290e+00
 -3.7271565e-01
 -9.3634087e-01
  1.5751660e+00
 -5.0326318e-01
  1.5809152e+00
 -8.7989897e-01
 -1.3719907e-01
 -8.7035030e-01
 -9.1147417e-01
  6.9227195e-01
  1.4121567e-01
 -3.8805113e+00
 -3.9380202e+00
 -8.0058175e-01
 -2.5227659e+00
  1.1844491e+00
 -2.1544135e+00
 -3.1276090e+00
 -8.0563164e-01
 -1.7924042e+00
  5.5774581e-01
  2.6528077e+00
  5.1277870e-01
 -9.4921166e-01
  1.9052465e+00
  5.4567897e-01
  1.7137585e+00
  3.2997051e-01
 -1.2560049e+00
 -1.5085471e+00
  3.5733333e+00
  2.9076200e+00
 -9.7168839e-01
  1.0063391e+00
 -1.3538662e+00
  1.2713237e+00
 -4.2953232e-01
  6.2318391e-01
 -1.2900324e+00
 -5.0316900e-01
  8.2882577e-01
  5.6969845e-01
 -1.3216600e-01
 -2.6748729e+00
 -1.5159522e+00
  1.3090412e-01
  5.2319682e-01
  6.2840468e-01
  9.9114764e-01
  1.5226876e+00
 -1.9600419e+00
  1.2896712e+00
 -6.5526706e-01
 -2.8373299e+00
  2.3150594e+00
 -3.3243818e+00
  2.2889729e+00
  7.5312299e-01
  3.3597424e+00
 -5.6123433e+00
 -1.0757346e+00
 -2.3199873e+00
  3.0284661e-01
  2.3984771e+00
 -4.1562786e+00
  3.4843749e-01
 -4.2087450e+00
  1.9682039e+00
  1.4497178e+00
  2.6786535e+00
  4.7037849e-01
  1.2304604e+00
 -6.2094671e-01
 -2.5269800e-01
 -1.2126034e-01
  2.0565341e+00
  1.5025462e+00
  5.5664986e-01
 -1.2149956e+00
 -2.1019180e+00
 -6.9762003e-01
 -7.0119900e-01
  9.7907412e-01
 -9.8433453e-01
 -5.3030257e+00
 -1.0167735e+00
 -1.2440341e+00
  2.3490717e-01
 -1.1160208e+00
 -2.1186600e+00
  9.4095337e-01
 -7.2424553e-02
  5.9667033e-01
 -2.9827195e-01
 -2.0457602e+00
  1.0952826e+00
 -3.8646162e-01
  1.6814245e+00
  2.6141233e+00
  3.9605117e+00
 -2.6259315e+00
  1.4753104e+00
 -7.4128151e-01
  5.1427853e-01
 -2.6974666e+00
 -8.5431051e-01
 -1.2740005e+00
  2.0902684e+00
 -2.5902021e+00
  3.2393494e+00
  3.1715211e-01
 -9.5419085e-01
  2.6309581e+00
 -5.4722757e+00
 -3.5095234e+00
  3.7841868e+00
  2.5477412e+00
  1.5646707e+00
  2.3551139e-01
  1.5347745e-01
  2.8743806e+00
  4.7700721e-01
  6.4984787e-01
 -1.8580382e+00
  3.8911036e-01
 -3.4556541e+00
  2.8847463e+00
 -2.5315530e+00
  1.1156602e+00
  8.3021797e-02
 -4.3092809e+00
 -1.6217349e+00
 -4.2931426e-01
  8.8796884e-02
 -2.7379718e+00
  2.4938631e+00
  2.4890804e+00
 -1.2476491e+00
  2.1906979e-01
  4.0775461e+00
  7.1758515e-01
  2.0361037e+00
  3.8541886e-01
 -4.6815097e-01
 -1.8627375e+00
  1.2826573e+00
  6.9422358e-01
 -1.8333319e+00
 -1.6470334e-01
  7.7522194e-01
 -3.8844830e-01
 -2.1637919e+00
  6.2541270e-01
  3.4833000e+00
 -1.6412113e+00
  1.1392322e+00
  5.1174518e-02
  1.3764635e+00
  3.6116371e+00
 -1.4920577e+00
  1.5462942e+00
 -3.8189065e-01
 -3.9172959e-01
 -1.3902787e+00
  3.0916829e+00
  1.2514796e+00
 -1.4982025e-01
  1.2106695e+00
 -2.9762087e+00
  1.4327738e-01
  5.7914382e-01
  9.1759235e-01
  3.4269712e+00
  2.1879041e+00
 -2.9840622e+00
  6.3234735e-01
 -1.2266970e+00
 -4.4334814e-01
  1.3032372e-01
 -6.7408460e-01
 -1.4326938e+00
  7.2591984e-01
 -1.7414210e+00
 -1.8265507e+00
 -9.6635401e-01
  6.3388146e-02
  1.0828176e+00
 -1.5350699e+00
 -2.2328238e-01
 -9.2722827e-01
 -5.3763074e-01
 -1.5498436e-02
 -4.1002914e-01
  5.0110596e-01
  5.7849246e-01
 -5.9424728e-01
 -5.0137621e-01
  1.7851343e+00
  4.6079946e+00
  2.5116235e-01
  2.5801535e+00
 -3.3366008e+00
 -1.5174868e+00
  2.1724777e+00
  4.0105171e+00
 -1.1581757e+00
  1.9087894e+00
 -1.2722965e-01
  2.7283421e+00
 -1.2061397e+00
 -3.4147248e-01
  6.9912994e-01
  7.4687129e-01
 -9.5912978e-02
  2.4122493e+00
 -1.4028012e+00
 -4.9119039e+00
  2.7789993e+00
 -1.0352741e+00
 -2.5605075e+00
 -3.2962453e+00
 -6.6252792e-01
  2.7998164e+00
  2.5914092e+00
  2.2832351e+00
  2.2778251e+00
 -9.8351258e-01
 -1.2535388e+00
  5.5855203e+00
 -9.6473426e-01
  9.7115481e-01
  1.3974306e-01
 -4.0406947e+00
 -1.0725410e+00
 -3.9429408e-01
  1.5286278e+00
 -8.8213277e-01
  2.0013649e+00
 -1.4330945e+00
 -8.7409675e-01
  4.0198026e+00
  9.9557930e-01
 -4.9712220e-01
 -2.7910953e+00
 -6.3776250e+00
 -2.1699038e+00
 -1.2988455e+00
 -1.9288572e+00
  1.0839758e+00
 -1.1536819e+00
 -1.8063672e+00
 -1.6564579e+00
 -6.6891372e-01
  6.0254028e-03
 -8.7971252e-01
 -1.8410937e+00
 -3.0621064e-01
 -7.5238860e-01
  1.2173052e+00
 -3.5169315e+00
 -1.5951654e+00
  1.9255751e-01
 -2.6249444e+00
 -1.6508770e+00
 -9.5981412e-02
  1.3587166e-01
  3.0863960e+00
 -4.9471798e+00
  1.2716889e-01
 -1.7586976e+00
 -1.7293553e+00
 -4.0481466e-01
  2.4925394e+00
 -1.1832941e+00
  1.1255323e+00
  6.7503917e-01
  8.3514404e-01
 -1.7966964e+00
  1.7251008e+00
 -9.8303311e-02
 -2.1903327e-01
 -8.2794982e-01
  1.3325961e+00
 -1.4897931e+00
  3.1563699e-01
 -2.2382301e-01
 -3.3971915e+00
  4.9694943e-01
  6.5171319e-01
  1.9517614e+00
  1.3421562e+00
  8.9718252e-01
 -1.9167595e+00
 -1.9234815e-01
  1.4159598e+00
  6.1767936e-02
 -9.5776266e-01
 -2.4346151e+00
  1.8007736e-01
 -2.4775319e-01
  1.1522468e+00
  8.9765632e-01
 -7.9366893e-01
 -1.8432983e+00
  2.7638140e-01
 -3.8452203e+00
 -7.9802895e-01
 -1.4357754e+00
 -3.5259208e-01
 -6.5041244e-01
  4.2172042e-01
  9.0514183e-01
 -6.4927012e-01
  1.0121253e+00
 -7.8448737e-01
  6.4956504e-01
 -1.0867881e+00
  2.0805264e+00
  8.2411361e-01
  3.4522119e+00
  2.0362508e-01
  1.2397166e+00
  2.1099312e+00
 -2.7669008e+00
  4.5964277e-01
  2.4227521e+00
 -7.5671363e-01
 -1.9330728e+00
 -2.8000503e+00
  3.3419111e+00
  1.6047953e+00
 -2.6405531e-01
 -8.3208746e-01
 -3.1613381e+00
  2.9088467e-01
 -2.0140591e+00
  6.6110969e-01
 -2.6211041e-01
 -6.6059834e-01
  5.5184746e-01
  8.0856711e-02
  2.1760206e+00
 -1.3763890e-01
  8.4789521e-01
 -2.1566257e+00
 -2.4696038e+00
 -2.2824960e-02
  8.5370791e-01
  4.9103117e-01
  8.7758774e-01
  5.7841629e-01
 -1.6822634e+00
 -1.7825050e+00
  3.1703975e+00
  5.4170448e-01
 -1.8684773e+00
  1.1704897e+00
 -4.4499949e-01
 -7.7543610e-01
 -2.6519282e+00
  8.3418250e-01
  4.3122646e-01
 -2.6308644e+00
 -3.8730019e-01
  2.4159122e+00
 -2.0015163e+00
 -3.4849164e-01
 -3.3154070e+00
  2.7081323e+00
 -3.6567643e+00
 -2.2572265e+00
 -6.6357696e-01
 -8.8060129e-01
  1.3011729e+00
 -4.8228917e+00
  8.7662119e-01
  2.5118411e-01
  1.4441592e+00
  1.6481855e+00
 -2.3060143e+00
  4.3198066e+00
 -7.6823080e-01
  2.5444326e+00
  2.0762365e+00
 -2.5244895e-01
  2.2822814e+00
  3.0608115e+00
  2.3588867e+00
 -3.1433802e+00
 -1.1673868e+00
  5.7460803e-01
  4.0527329e+00
 -2.2960907e-01
  1.9410403e+00
  2.7881819e-01
 -1.3340724e-01
 -2.5421710e+00
 -5.4829347e-01
 -1.9905242e-01
  1.1751419e-01
  9.5118338e-01
  2.9684454e-01
 -1.0635928e+00
  8.3196533e-01
  5.0737023e-01
  6.0728651e-01
  3.0320282e+00
 -5.0882244e-01
  2.7227199e+00
 -3.2661715e+00
  4.4343028e+00
  2.5773389e+00
 -1.7027971e+00
 -3.6211200e+00
 -3.1453006e+00
 -5.6753325e-01
  7.5917763e-01
 -1.4190212e+00
 -1.1957299e+00
  1.1414562e+00
 -1.7609562e+00
 -1.3961415e+00
 -2.9230421e+00
 -4.3549034e-01
  1.3125199e+00
 -3.7401488e-01
  1.5956448e+00
 -2.4716847e+00
  5.6088310e-01
  1.6686813e+00
 -2.6393785e+00
 -6.1807532e-02
  2.1875100e-01
  1.6054463e+00
 -5.6744164e-01
  2.5758379e+00
  2.5658481e+00
  1.7958534e+00
  2.9470556e+00
 -5.2395945e+00
  9.2652209e-02
 -7.8848863e-01
  3.7930377e+00
  2.1484600e-01
 -5.3230536e-01
 -2.0835116e+00
  2.5694549e+00
 -2.8631241e+00
 -5.4820412e-01
  1.2023433e+00
  1.0601834e+00
 -8.9209065e-02
 -1.6959671e+00
  2.8509501e-01
 -2.5259879e+00
  5.3597641e-01
  1.3952597e+00
  4.0875769e+00
  1.4357255e+00
 -1.9642247e+00
  3.3276348e+00
  1.3286384e+00
  3.0110304e+00
  5.2014441e+00
 -1.2654818e+00
  1.4967247e+00
  2.8120774e-01
  8.0990052e-01
 -2.2720307e-01
  8.2093203e-01
  2.0644979e+00
 -3.3113549e+00
 -3.1937165e+00
 -5.7605982e-01
  1.2347170e+00
  6.5885520e-01
  3.9628406e+00
  1.0737638e+00
  1.4626396e+00
  1.5141330e+00
 -1.9898431e+00
 -5.6287342e-01
  5.0750375e-01
 -3.1373520e+00
 -2.8393245e-01
 -8.7332386e-01
  2.5509124e+00
 -2.6814210e+00
 -2.0169928e+00
 -9.9454391e-01
  2.2770205e+00
  1.1437234e+00
  1.7237532e+00
 -4.0507383e+00
  1.4909768e+00
  5.8871925e-01
  2.5181906e+00
  2.2051413e+00
 -6.3097022e-02
 -6.8919683e-01
  5.2370644e-01
 -3.9162721e-02
  1.6776389e+00
  2.3766208e+00
 -9.6475363e-01
 -2.1953008e+00
 -1.2893871e+00
 -1.3621293e+00
  3.2428643e-01
  5.6754231e-01
 -1.7360113e+00
  8.9140230e-01
  1.4611307e+00
 -1.7709204e+00
 -1.5682840e+00
 -4.2705464e+00
 -6.1150438e-01
  1.2241222e+00
 -2.0507057e+00
  1.4292058e+00
  5.4849319e+00
  2.9381623e+00
 -3.1924885e-02
  1.2186278e+00
  9.4059241e-01
 -3.1593044e+00
 -3.9517440e-02
  1.3570856e+00
 -8.0850238e-01
  3.8430777e-01
 -1.1941137e+00
 -1.5992558e+00
  2.1642716e+00
  2.3052554e-01
  3.1977012e+00
 -1.0209235e+00
  6.1049712e-01
 -8.5405898e-01
 -8.6395252e-01
 -3.0108950e+00
 -1.7175101e+00
  1.2847615e+00
  2.2594709e+00
  6.2056750e-01
 -1.3368881e+00
  9.0757126e-01
 -1.6064663e-01
 -1.4661386e+00
  7.0540172e-01
 -1.9150851e+00
 -6.5659314e-01
  1.0798889e+00
 -7.0464909e-01
  1.8237187e+00
  3.5583158e+00
 -4.5680338e-01
 -1.9213784e+00
 -9.0108675e-01
 -2.4280307e-01
  1.8084958e+00
 -2.7955055e+00
 -2.3399739e+00
  1.0615990e+00
 -7.5494498e-01
  9.6201412e-02
 -5.3921062e-01
 -2.3961883e+00
 -2.2382445e+00
 -1.6618930e-01
  1.2095053e+00
 -1.4281454e+00
 -2.4508867e+00
 -9.6721572e-01
  2.1120167e+00
  1.9736387e-01
 -8.0390245e-01
  2.7906024e+00
  5.3327441e-01
 -1.3788927e+00
 -1.1985829e+00
  2.1893930e-01
 -9.6704942e-01
 -6.7031455e-01
 -7.6486158e-01
 -1.1870124e+00
  2.1432061e-01
  7.4657059e-01
 -2.2817709e-01
 -6.0061800e-01
 -1.8344306e+00
 -1.7508694e+00
 -2.7642107e+00
 -1.0193335e+00
  1.5457908e+00
  2.8940845e+00
 -2.2138603e+00
  1.7150342e+00
  9.1049320e-01
  1.3712962e+00
  1.7001493e+00
 -3.3475125e-01
 -2.4154680e+00
 -1.5219427e+00
  4.3287680e-01
 -3.6771359e+00
  8.6426061e-01
 -8.0257380e-01
 -7.5830722e-01
 -1.6249095e+00
  2.5713587e+00
  6.7033127e-02
  2.3585291e-01
  1.4225088e+00
  1.0599762e+00
  3.2115159e+00
  2.2579531e-01
 -9.6450292e-02
  3.7841592e+00
 -9.1678369e-01
 -1.8633101e+00
  1.5776420e-01
 -6.7147577e-01
 -4.5230466e-01
  4.3307699e-02
 -4.0741947e-01
  3.3474140e+00
 -1.0750107e+00
 -7.1891874e-01
  1.5967855e+00
  1.6824977e+00
 -2.0948060e+00
  2.5706699e+00
 -1.3254774e+00
 -1.3041995e+00
 -3.8546160e-01
 -1.9571938e-01
  2.1462367e+00
  2.5454302e+00
 -7.5885618e-01
  8.0310243e-01
 -6.8408179e-01
 -1.7926019e-01
 -4.0504077e-01
 -2.6074367e+00
  3.5690327e+00
 -5.3727263e-01
  1.0783640e-03
  2.1217744e+00
  1.7566942e+00
 -2.1297045e+00
 -4.1771312e+00
 -8.4628016e-01
  1.5951710e+00
 -1.3693402e+00
  4.4144833e-01
  7.3956603e-01
  1.5981680e+00
 -9.8991174e-01
  1.4478078e+00
  2.0853001e-01
  5.1608062e-01
 -1.3758668e-01
 -6.0537767e-01
  3.6593619e-01
  3.4022481e+00
  1.9141945e-01
 -3.8082859e-01
 -1.2180297e-01
 -5.6256819e-01
  1.8674257e-01
  1.1963400e+00
  1.3902005e+00
 -4.5738065e-01
 -4.8300385e-01
 -1.3060619e+00
  4.8256940e-01
  6.8641430e-01
 -3.1251886e+00
 -2.3490832e+00
  1.6660435e+00
 -1.0586790e+00
  6.9196177e-01
  2.3874540e+00
  1.0005867e+00
 -1.9321334e+00
 -3.3854446e+00
 -4.6217933e+00
 -2.0096209e+00
 -1.3884362e+00
 -3.2583013e-01
  7.6015127e-01
 -3.1966410e+00
 -1.2612271e+00
  1.3535137e+00
 -1.8161553e+00
  7.7239883e-01
 -1.8326549e-01
 -3.2107368e+00
  9.2755091e-01
 -3.9090571e+00
 -2.1617172e+00
  1.1483488e+00
  9.3028861e-01
  1.8423232e+00
  5.7313824e-01
  5.4492903e-01
 -6.8438113e-01
  2.5746984e+00
 -4.3431969e+00
  3.7335768e-01
 -6.7715156e-01
  3.3982232e+00
 -1.7513981e+00
 -8.0995202e-01
 -2.7467233e-01
  1.4282274e+00
  1.9973972e+00
  7.7377361e-01
  2.0367625e+00
 -3.8970057e-02
  1.9248469e-02
 -1.4748797e+00
  1.1101348e+00
 -1.5342033e+00
  2.3982806e+00
 -3.5104681e-02
 -3.3529737e+00
  3.2099935e-01
  1.4151715e+00
  4.1483715e-01
 -1.6894406e+00
  1.8329184e+00
 -1.1436495e+00
  3.2455149e+00
 -1.8627666e+00
  1.0088550e+00
 -1.9656833e+00
 -6.5665007e-01
  5.7027870e-01
  6.5890026e-01
  3.2175457e-01
 -4.8728907e-01
 -9.8118883e-01
  2.0943220e+00
 -3.2668829e-02
 -6.7879158e-01
  4.1023239e-02
  2.4468547e-01
 -1.7741296e+00
  3.2912326e-01
 -2.9087322e+00
 -1.0955544e+00
  5.1772696e-01
  1.9700593e+00
 -1.2762961e+00
  8.2138330e-01
  4.9659653e+00
  1.4484055e+00
  3.7242800e-02
 -1.5354340e-01
  4.8173431e-01
  3.1052246e+00
  6.3773489e-01
  2.1054675e-01
  6.9542885e-01
  2.4388027e+00
  5.4326606e-01
 -2.2874365e+00
  1.7263768e+00
 -3.0670280e+00
 -1.8618141e+00
 -2.0983462e+00
 -1.5643094e+00
 -2.3028386e+00
 -9.3044609e-01
 -1.0495884e+00
 -3.0507104e+00
  6.4709359e-01
  3.9733204e-01
  2.1308868e+00
  2.0456758e+00
  3.0749040e+00
 -5.4303783e-01
 -1.2304084e+00
 -8.4851581e-01
  6.6221815e-01
  1.1221524e+00
 -3.5330565e+00
  8.4213968e-03
 -4.3462868e+00
 -8.3332050e-01
 -2.0243555e-01
  2.5191081e+00
  1.9881839e-01
 -1.9782525e-01
 -1.0780443e-01
 -1.2558352e+00
  8.6084980e-01
 -3.4676579e-01
 -2.1605685e+00
  1.1763558e+00
  1.3429688e-01
 -6.0161310e-01
  1.4993961e+00
  2.3357220e+00
  2.0362161e-01
 -8.3593106e-01
  9.0152025e-01
 -5.8579102e+00
 -1.7190788e+00
 -3.8007619e+00
 -1.0133515e-02
 -1.9791639e+00
 -2.5455751e+00
  9.2252499e-01
 -1.9860911e+00
 -3.2776861e+00
 -3.8077867e+00
  6.7453992e-01
 -7.3442572e-01
 -7.2996056e-01
 -1.2696177e+00
 -2.2325835e-01
 -1.2789155e+00
  2.9395394e-02
 -1.1025283e+00
 -2.6997266e+00
 -2.7911717e-01
 -2.2006714e+00
 -4.0309238e-01
  2.3392363e+00
 -6.5189540e-01
 -3.1796959e-01
 -3.3636718e+00
  1.4828205e+00
 -1.7784089e+00
 -6.0397077e-01
 -4.0154535e-01
 -6.1605716e-01
 -1.5517455e-01
  1.4310296e+00
 -2.1116571e+00
  5.0038571e+00
 -2.3532312e+00
 -1.2227216e+00
 -4.2949378e-01
  3.4913023e+00
  2.2586477e+00
 -3.5257206e+00
 -1.2094102e-01
 -1.2629920e-01
  1.5238320e+00
 -3.0044204e-01
 -3.1187725e+00
  6.6163659e-01
  4.1169643e-01
 -4.9559048e-01
  4.0003663e-01
  4.0530968e+00
 -1.9605786e+00
 -1.9403043e+00
  1.0586554e+00
  5.0774115e-01
  2.0025630e+00
 -7.4331921e-01
  4.1887383e+00
 -4.0621069e-01
  2.1643717e+00
 -6.8465239e-01
 -1.2550223e+00
  2.3348546e-01
  7.4163687e-01
  1.3896060e-01
  4.8916680e-01
  1.6540874e+00
  6.9575644e-01
 -9.5333737e-01
 -9.8241448e-01
 -1.9321820e+00
  2.7700791e+00
 -3.1585939e+00
  4.7090966e-01
 -3.0893746e-01
 -6.1368918e-01
 -7.0949453e-01
 -1.6888772e+00
 -1.0007349e+00
  1.9732587e+00
  9.1961235e-01
 -2.6636739e+00
 -2.6279701e-02
  1.4686899e+00
 -1.8522973e+00
 -6.6360372e-01
  2.3396909e+00
 -7.3116863e-01
 -1.8202360e+00
  3.4135118e+00
 -6.8754727e-01
 -6.5376025e-01
  1.1222329e+00
 -8.2609594e-02
 -1.2984400e+00
  2.7166045e-01
 -2.6735228e-01
  4.5968658e-01
 -9.4178337e-01
 -1.2628212e+00
  1.3800104e+00
  3.3279800e-01
 -4.6524531e-01
 -3.0418786e-01
 -1.3920388e+00
 -2.0347071e+00
  2.8839999e-01
 -6.6253203e-01
  1.7730918e+00
 -3.7815070e+00
 -5.7589561e-01
 -1.1131862e+00
 -2.2754178e+00
 -1.1459044e+00
 -1.5547718e+00
  5.7596713e-02
 -5.4351985e-01
 -2.9717392e-01
 -2.1748521e+00
  1.1493449e+00
 -2.0030787e+00
 -1.0428852e+00
  7.7264041e-01
 -2.5261362e+00
 -2.5468478e+00
 -1.9757289e+00
 -2.4194758e+00
 -4.9456513e-01
 -3.1038184e+00
 -1.4802871e+00
 -5.7876558e+00
 -3.5658479e-01
 -6.5455508e-01
 -4.3721139e-01
  4.0541413e-01
  1.6573161e+00
  7.4033491e-02
 -1.0485245e+00
 -7.9199302e-01
 -6.8559217e-01
  3.8147762e+00
  5.7442665e-01
  1.1379944e+00
  1.5509857e-01
 -1.7958118e+00
 -3.6021498e-01
  6.1954463e-01
  3.9533830e-01
  4.4250126e+00
  1.3691121e-01
 -5.1072812e-01
  4.2197633e-01
 -4.9048062e-02
  5.0680876e-01
  5.6548768e-01
  2.9743883e-01
 -1.1465054e+00
  1.2963912e+00
  2.7877195e+00
 -3.1090760e+00
  1.6614342e+00
 -1.3649566e-01
 -1.9986402e+00
 -3.4447715e-01
  1.3418294e+00
  8.8382155e-01
  2.9120891e+00
  6.0621369e-01
 -2.0228735e-01
 -1.1659894e+00
 -2.0962191e+00
 -5.9032673e-01
  1.4018892e+00
  2.2727156e+00
 -4.5091975e-01
 -1.7280569e+00
 -1.0720667e+00
 -2.8286788e+00
 -4.1388087e+00
 -1.8964300e+00
  8.1237078e-01
  3.3067638e-01
 -2.5254762e+00
 -7.9127473e-01
 -1.0556913e-01
 -8.3659214e-01
  1.4302586e+00
 -1.4069878e-01
 -2.1727230e-01
  3.0709655e+00
 -2.3528953e+00
  1.5425228e+00
  1.6354834e-01
  2.4370272e-01
  3.4585345e+00
  7.3129557e-02
 -9.6799827e-01
 -2.7888019e+00
 -8.0479193e-01
 -1.4103283e-01
 -3.7918845e-01
 -1.4139954e+00
 -2.8176200e+00
 -9.1537595e-01
 -1.6199951e+00
 -7.1906738e-02
  1.2368174e+00
  9.1416746e-01
  1.0622523e+00
 -1.6160948e+00
  2.3132862e-01
  2.6543691e+00
  1.2817261e+00
 -1.8859236e+00
  1.3031842e+00
  2.1952620e+00
 -5.6055057e-01
  9.8607904e-01
  5.4115844e-01
  3.1910715e-01
  3.0954030e+00
  2.2100182e+00
  6.8291849e-01
 -1.6636045e+00
 -1.3596170e+00
  7.3146172e+00
  3.8943177e-01
 -2.1783166e+00
  3.5690565e-02
 -2.7039874e-01
  8.5574836e-01
  4.9490741e-01
  6.6122609e-01
  3.2359576e-01
  1.5985743e+00
  4.0450411e+00
 -2.6015756e-01
  7.6822156e-01
  1.2592360e-01
 -1.3106394e+00
  1.9317019e+00
  1.1101197e+00
  2.1002400e+00
  1.6692009e+00
  5.4575211e-01
 -1.2015833e+00
  1.6879227e+00
 -2.0792954e+00
  6.8307829e-01
  3.2865509e-01
  1.1552475e-01
 -1.6986252e+00
 -1.4968380e+00
  1.8501574e+00
 -2.0797255e+00
 -1.5711781e+00
 -1.2519239e+00
  1.7342967e-01
  1.5223038e+00
 -1.1528586e+00
 -2.5598407e-01
  1.7630159e+00
  2.3727615e+00
  5.7372924e-02
 -7.2559118e-01
  7.5538337e-01
 -1.7261140e+00
  1.3247751e+00
 -1.5651484e+00
 -1.3194324e+00
 -3.2410505e+00
 -3.9052517e+00
  1.1168327e-02
  1.5667371e+00
  5.7908064e-01
  9.6738726e-01
  1.8519480e+00
 -1.2051004e+00
 -1.1481296e+00
 -8.7046102e-02
 -7.2996855e-01
  1.4126344e+00
 -1.1523105e+00
  2.9498985e+00
  2.6220169e+00
 -9.9413753e-02
  2.2343521e+00
  1.9943169e+00
 -8.8124567e-01
 -1.1241866e+00
  5.6232285e-01
 -3.1521635e+00
 -9.1356546e-01
  2.4496410e+00
 -3.6599467e+00
 -1.8747581e+00
  4.0201244e-01
 -1.9072931e-01
 -1.3248022e+00
 -2.2455897e+00
 -1.4455949e+00
 -9.8370481e-01
  3.4032257e+00
 -1.2586612e+00
  5.5302078e-01
 -2.8382068e+00
 -8.9506930e-01
 -2.7053671e+00
 -1.0107256e+00
  4.6541175e-01
  9.0707225e-01
 -3.1367209e+00
 -7.5864345e-01
 -7.7232111e-01
  2.6170669e+00
  7.1269155e-01
  5.5897367e-01
 -1.3946716e+00
 -9.7271866e-01
 -3.9784485e-01
 -1.2124445e+00
 -1.3191690e+00
  7.4107289e-01
 -1.3366586e+00
  8.2312512e-01
  1.6920549e+00
  5.0399888e-01
  8.8543582e-01
 -1.1236159e-01
  4.8232508e-01
 -1.9087099e+00
 -5.1915922e+00
  2.8740284e-01
  1.6787456e+00
 -9.7470999e-01
 -2.2899952e+00
 -1.5905471e+00
  2.4669092e-02
  1.5585917e+00
 -2.4917836e+00
 -6.1872613e-02
 -3.8739777e-01
  4.8195818e-01
 -8.3916128e-01
 -1.9071636e+00
  7.9728806e-01
  1.0542848e+00
  2.6841695e+00
 -4.4654420e-01
  1.5600950e-01
 -3.0788162e-01
  3.3118474e-01
 -2.8334563e+00
  1.7372479e+00
  1.5767758e+00
 -6.2270727e+00
 -2.7089963e+00
 -2.3982267e+00
  2.7684841e+00
  4.7195971e-01
 -1.0493429e+00
 -9.9619067e-01
  2.5431786e+00
  2.0557563e+00
  9.1269380e-01
  2.0811839e-01
 -7.3867416e-01
  1.8692786e+00
  9.6871817e-01
 -6.9709235e-01
  6.9467098e-01
 -1.5187539e+00
 -8.3491212e-01
 -1.2854191e+00
  5.0775892e-01
  5.0548285e-01
  9.9775577e-01
  9.8318100e-01
 -7.4707603e-01
  1.1420480e+00
  2.6003516e+00
  3.9289061e-02
  3.3577803e-01
  1.5376040e+00
 -1.2580396e+00
  6.3115609e-01
  1.5142678e+00
  8.4009093e-01
  2.0987282e+00
  1.2676507e+00
  1.6996133e+00
  1.0412271e+00
  7.0840263e-01
 -5.9223753e-01
 -4.9679780e-01
  5.7730136e+00
 -8.4084815e-01
  1.1834233e-01
 -5.9391999e-01
  6.8602943e-01
 -1.3392061e+00
  2.6288333e+00
  5.3768438e-01
  2.1557701e+00
 -6.7431545e-01
  1.4662424e+00
  3.7349671e-01
 -4.3385950e-01
 -1.1529970e+00
 -1.9259325e+00
 -1.3882209e+00
  4.5893569e+00
 -2.5148046e+00
  5.0080714e+00
  3.1054001e+00
  3.9491111e-01
  2.6628821e+00
 -2.6853532e-01
 -1.7180923e+00
  1.4876209e+00
  6.8330407e-01
  1.1274434e+00
  3.9069477e-01
  1.5908787e+00
  2.3083696e+00
  9.4687968e-01
  2.3745532e+00
  6.0080945e-01
  1.9214940e+00
 -2.0048161e+00
 -2.0194927e-01
 -1.6312720e+00
  1.7826643e+00
  2.1982310e+00
  2.1941175e+00
  3.0024109e+00
 -3.6154079e+00
  1.0328652e+00
 -2.2966199e+00
  8.5796702e-01
 -2.7231767e+00
 -7.8971177e-01
  1.4886701e+00
 -1.5668273e+00
 -2.7862203e+00
 -4.1836534e+00
 -5.2444949e+00
 -1.7311276e+00
 -1.6967883e+00
  1.0401413e+00
  1.8111693e+00
 -4.6104807e-01
 -7.0042509e-01
  1.9823241e+00
  1.1102390e+00
 -1.4156699e-01
  1.8022256e+00
  5.8683425e-01
 -1.2092285e-01
  8.7223107e-01
 -2.9988706e+00
 -5.3425676e-01
  7.6903051e-01
 -3.2614369e+00
 -9.2346811e-01
 -4.5543867e-01
 -7.3955435e-01
 -1.0841979e+00
  4.8356944e-01
  1.6179820e+00
 -1.8627716e+00
  1.2572949e+00
 -3.9874558e+00
 -2.0596890e-01
  5.9960210e-01
  2.4902241e+00
 -1.2894524e+00
 -5.3157580e-01
 -3.5087535e+00
 -1.1736182e+00
 -1.4492628e-01
  1.1629305e+00
  1.6083879e+00
 -2.7023132e+00
 -2.3666658e-02
 -5.8287946e-03
 -3.3496780e+00
 -2.8798397e+00
 -1.0771753e+00
 -1.9498171e+00
 -8.0396809e-02
  1.4853917e+00
  9.2492044e-01
 -1.9484950e+00
 -3.2753150e+00
  3.8659412e-01
 -7.0678687e-01
  7.6848787e-01
  2.1965078e-01
  1.8074073e+00
 -2.9065697e+00
  1.0146316e+00
 -4.0157843e-01
  6.1891514e-01
  1.6313576e+00
  1.3953797e+00
  3.8293937e-01
  3.9115870e+00
 -9.7809590e-02
 -1.9776112e+00
 -1.5620866e+00
  3.8003206e+00
 -1.0398155e+00
  1.5798728e+00
 -5.2446997e-01
  1.6747640e+00
  1.6684352e+00
  1.9583358e+00
 -1.2874564e+00
 -2.0329845e+00
 -1.6210271e-01
  1.6307198e+00
 -1.3694409e+00
  1.5074505e+00
 -7.8468692e-01
 -3.9595840e+00
 -5.6320639e+00
 -4.0819516e+00
 -3.7947075e+00
 -4.3290338e-01
  3.7675831e+00
 -4.6892910e+00
  3.6274177e-01
 -9.8313969e-01
 -5.1474147e+00
 -2.8886676e-01
  2.2335072e+00
 -1.2776041e+00
 -4.3003430e+00
 -1.1065068e+00
  1.4459980e+00
 -4.3997450e+00
  2.1008527e+00
 -6.1485475e-01
 -1.0019722e+00
  1.4832023e-01
 -2.8952727e+00
  1.0046055e+00
 -2.2417364e+00
 -6.1005735e-01
  2.1318097e+00
 -1.5023021e+00
 -1.0320200e+00
 -1.0637624e+00
 -2.2188168e+00
 -2.3590770e+00
  8.7000084e-01
  1.7511387e+00
 -1.8013977e-01
  1.1482371e+00
 -1.3044093e+00
  5.2758855e-01
  1.2692829e+00
 -2.2423761e+00
 -1.1918386e+00
 -9.2676008e-01
 -1.1883920e+00
  2.2059740e-01
 -5.7205212e-01
 -8.3819944e-01
  9.1278255e-01
 -1.9784113e+00
 -4.2562965e-01
  3.5234511e+00
  8.5850167e-01
  9.2918599e-01
 -4.0782353e-01
 -1.1804564e+00
 -6.6547579e-01
  1.0164897e+00
  1.2594519e+00
 -1.9100741e-01
 -9.4336957e-01
 -7.9409271e-01
 -1.7365028e-01
  2.0545034e+00
 -2.0041890e+00
 -7.3762447e-02
  4.6742678e+00
  9.4459891e-01
  3.4918125e+00
  7.5907105e-01
  6.8846220e-01
  1.7670581e+00
  8.7731785e-01
 -1.3371234e+00
 -8.6090881e-01
 -1.6500427e-01
  3.0711532e-01
 -1.6878471e+00
  1.1442250e+00
  1.5202715e+00
 -1.3944788e+00
 -1.4919440e+00
 -6.0553974e-01
 -1.4698758e+00
  1.0866755e+00
 -2.9195400e-02
  3.9782593e-01
 -3.8897258e-03
  3.2020739e-01
 -2.9274294e+00
 -2.9894228e+00
  1.1596491e+00
  2.0284338e-01
 -1.0933697e+00
 -4.0149589e+00
 -8.3856571e-01
  3.9963758e+00
 -1.9261956e-01
  1.8878610e+00
 -1.6370075e+00
 -2.4116862e+00
  2.8279538e+00
  8.5182607e-01
 -2.0370068e-01
 -9.6640444e-01
 -1.7192149e+00
 -1.8687284e+00
  9.3523389e-01
 -6.0179871e-01
  1.5923560e+00
 -5.7794273e-02
  2.0174260e+00
  7.1840185e-01
 -3.9761493e+00
 -7.6582947e+00
 -3.6276305e-01
  6.4100486e-01
  1.7160436e+00
  2.0335963e+00
 -1.0793307e+00
  1.4881002e+00
 -4.3721285e-01
  2.4486364e-01
 -2.0623133e+00
 -2.6787293e+00
  2.0420661e+00
 -6.4251947e-01
 -9.2678559e-01
  1.0708332e+00
 -3.2119653e+00
 -2.5063083e+00
  1.2809399e+00
 -9.5508808e-01
  1.0150167e+00
  1.1812890e+00
  1.4432287e-02
  2.9758954e+00
 -2.3318332e-01
  1.5111740e+00
 -3.1295660e-01
 -5.4774147e-01
  1.1209967e+00
  1.0414360e+00
 -2.9188594e-01
 -8.4758258e-01
 -2.8281717e+00
  1.7113795e+00
 -8.2945204e-01
  8.6839056e-01
  2.1534758e+00
 -4.2879958e+00
  1.3133713e+00
 -8.7842113e-01
  2.4350629e+00
  2.8202863e+00
 -1.3622664e-01
 -2.7763522e+00
 -1.3724980e-01
 -1.6300954e-01
 -3.0595217e+00
 -2.6692505e+00
 -9.6241795e-03
  1.7576182e+00
  1.1563190e+00
  2.2137754e+00
 -1.3784957e+00
 -2.1577480e-01
 -8.8073991e-02
  6.0972738e-01
  6.0244125e-01
 -3.3173493e-01
  5.9602755e-01
 -1.9013008e-01
 -1.8298197e+00
 -5.6059641e-01
 -9.4687635e-01
  3.6258657e-02
  1.1790816e+00
 -1.0994515e+00
  5.1347387e-01
 -6.9008762e-01
  4.4330134e+00
  6.5543485e+00
  1.4698585e+00
  1.1427617e+00
  5.5912947e-03
  8.7909484e-01
  3.4092537e-01
 -4.7693181e-01
  2.4504793e+00
  7.6999247e-01
 -3.9956412e-01
  4.5872006e-01
  2.2862694e+00
  8.0268019e-01
  8.9428115e-01
  7.4718261e-01
 -6.7225879e-01
  5.6477847e+00
  1.0908892e+00
  2.2713239e-01
 -1.4612627e+00
 -4.4718006e-01
 -4.2823508e-01
  1.7441195e+00
  1.0234716e+00
  1.2438872e-01
  1.2527751e+00
  1.5449272e+00
  6.7358834e-01
 -4.5786139e-01
 -5.9225488e-01
 -1.3276242e+00
 -2.6240668e-01
  5.6710601e-01
  9.1991293e-01
  3.8818514e+00
 -1.3925631e-01
 -2.7771643e-01
 -7.3281135e-03
 -1.6270849e-01
  2.1198277e-01
  1.9952199e-01
 -3.3756301e-01
  1.6193141e+00
  1.9164079e+00
 -1.7747200e-01
 -8.0998409e-01
  7.3099114e-02
  1.3855338e+00
  4.0575066e+00
 -1.2167510e+00
  1.4582933e+00
  7.9576379e-01
  6.5367460e-01
 -2.3066321e-01
  1.5762069e+00
 -7.0425111e-01
 -9.8410726e-01
  5.9151071e-01
  3.6238363e-01
  1.2033479e+00
 -2.1487885e+00
  2.0730891e+00
 -4.2365363e-01
 -1.9851817e+00
  1.9669563e+00
 -2.1978118e+00
  1.4977012e+00
  2.3250015e+00
 -1.1858162e+00
  1.3131415e+00
  1.5476426e+00
  2.2270596e+00
 -1.2494282e-01
 -2.6792443e+00
  6.4526170e-01
 -8.6179101e-01
 -4.3372938e-01
 -5.8062267e-01
  2.1109614e+00
  5.8904350e-01
 -1.8335388e+00
  3.0741684e+00
 -3.7529848e+00
  9.1568959e-01
 -8.1482959e-01
  1.5213008e+00
 -1.3172458e+00
 -3.4083980e-01
 -1.2384566e+00
 -3.2311835e+00
 -1.1156138e+00
 -1.1967970e+00
  8.8196017e-02
 -1.0970057e+00
  2.3908923e+00
 -3.7998886e+00
  8.5233361e-01
  5.5129319e-01
 -1.7160349e+00
 -7.2844166e-01
  7.7140540e-01
 -7.8885335e-01
 -5.0592451e+00
  1.2467726e-01
 -2.2520690e+00
 -4.8381262e+00
  1.8077123e+00
 -9.1709018e-01
  3.2219915e+00
 -1.3219377e+00
 -1.1797209e+00
  1.6310271e+00
  1.0186052e+00
  4.1268978e+00
  1.7521411e+00
 -1.6478620e+00
  3.2750833e+00
 -2.3415599e+00
 -2.2141788e+00
 -1.2247477e+00
  1.9794214e+00
  2.4831803e+00
 -1.7079132e+00
  6.6573125e-01
  9.3338746e-01
  1.0774143e+00
 -2.7827322e+00
  3.6442630e-02
  8.9309889e-01
  3.6393001e+00
 -9.2546111e-01
 -2.8559809e+00
  1.2041298e+00
 -4.9033031e-01
 -1.4609878e+00
 -8.3514905e-01
 -2.7880852e+00
  2.7670972e+00
  2.1061690e+00
  3.0881562e+00
  3.7110662e+00
 -2.4508176e+00
 -1.8503566e+00
 -1.9024205e+00
 -3.1730905e-02
 -5.6967582e-03
  2.7360733e+00
 -8.8085985e-01
 -2.0937037e+00
 -1.9315019e+00
 -7.1374786e-01
  6.2175006e-01
 -1.8475419e+00
  2.1391509e+00
  1.7411606e+00
 -4.1613064e+00
 -1.6797786e+00
  7.6354587e-01
  1.1194849e+00
 -1.5090882e+00
  2.5458899e+00
 -1.1629013e-01
 -3.9061972e-01
 -3.4355789e-01
 -4.9698970e-01
 -9.4936544e-01
  1.4565516e+00
 -1.1529882e+00
  1.7548426e+00
  5.0556421e-01
  4.6406829e-01
 -6.1486518e-01
  2.4733310e+00
 -2.1614125e+00
  2.8818550e+00
 -4.3232536e-01
  1.5282974e+00
 -3.7980857e-01
  1.5728898e+00
  1.5973918e+00
  4.6023250e-02
 -6.1537486e-01
 -3.3345482e+00
 -5.5145991e-01
  1.1649733e-01
  1.2280531e+00
  1.6623574e-01
 -3.0022755e-02
  1.3825366e-01
 -5.6441611e-01
  9.9892628e-01
  2.5069430e+00
 -3.5026169e+00
 -3.1387699e+00
  7.2894149e-02
 -2.6252534e+00
 -5.1337376e+00
 -5.1658875e-01
  9.6647099e-02
  2.7134722e-01
  1.3639466e+00
  4.1685909e-01
 -1.4753180e+00
 -2.6401942e+00
  3.0892396e+00
  5.9393401e+00
  3.4870592e-01
 -3.4237394e-01
 -1.4737977e+00
  7.4799854e-01
  1.1361146e+00
  4.4302279e-01
  8.7040490e-01
  6.3954979e-01
  1.6086026e+00
 -1.6183034e-01
  2.5729707e-01
 -5.0106955e-01
  1.2494922e+00
 -8.6927080e-01
 -1.5672059e+00
  1.3356873e+00
 -1.7687988e-01
 -2.2987206e+00
  1.0261934e+00
  3.6788228e-01
  2.8403542e+00
  1.7574304e+00
 -2.5645888e+00
  1.3862792e+00
 -1.7668524e+00
  4.4051602e-02
 -1.8826743e+00
  1.2014403e+00
  4.1517922e-01
  3.6502082e+00
  8.4621131e-01
  5.6822056e-01
 -4.6160278e+00
  1.0094975e+00
  2.3072972e+00
 -1.4806254e+00
  1.6485413e+00
 -1.4192097e+00
 -3.1686120e+00
 -6.0580313e-01
  2.3920557e-01
 -2.6296556e+00
 -2.4617569e+00
 -6.7709953e-01
 -2.1754000e-02
 -3.6831234e+00
 -9.2967933e-01
 -2.0742145e+00
  5.1686606e+00
  1.4021078e+00
 -3.3760576e+00
  1.3826610e+00
  3.5647303e-01
 -8.8797802e-01
 -1.0974731e+00
 -2.5314124e+00
 -1.3245313e-01
  2.0494280e+00
 -4.2095790e+00
  2.7634861e+00
  2.1531646e+00
  3.0471277e+00
  1.2475863e+00
  4.6835836e-02
 -2.1286502e+00
  9.6004283e-01
  1.5023295e+00
 -2.2430990e+00
 -7.9273504e-01
  4.6088120e-01
  9.6508205e-01
  2.2611046e-01
  1.4866860e+00
  1.1753093e+00
 -5.4892629e-01
 -3.6344472e-01
 -1.9620982e-01
  1.5759072e+00
  5.9124589e-01
 -1.2025032e+00
  2.7840295e-01
  2.8224680e-01
 -1.8435293e-01
  5.6881398e-01
  2.7644485e-01
 -1.2315451e+00
 -4.0345713e-01
  7.8281820e-01
 -8.9751804e-01
 -3.0333635e-01
 -2.8175546e-02
 -2.9758468e+00
 -1.8615572e+00
  5.0954270e-01
 -4.4130969e+00
  1.8249807e+00
  2.7672467e+00
  1.9515313e+00
 -1.0457363e-01
 -2.5737113e-01
 -8.7100178e-01
 -1.7672653e-01
 -1.1528543e+00
  1.9588747e+00
  3.4045126e+00
  3.4170181e-01
  3.1757861e-01
  8.9069748e-01
  3.7978059e-01
  6.5233618e-01
  1.8064489e+00
  7.5982028e-01
 -9.4332409e-01
 -8.5725099e-01
  9.3282861e-01
 -2.0608878e+00
 -1.2563914e+00
 -5.0070900e-01
  2.1820235e+00
 -1.1724248e+00
  1.1441573e+00
  3.3553705e-01
  1.1807720e-01
 -2.4305890e+00
 -1.1717576e+00
 -1.1628873e+00
  1.4730499e-02
 -4.7792670e-01
  5.5281758e-01
 -1.3829010e+00
  1.4832603e+00
 -1.3956293e+00
 -2.1518452e+00
 -1.2831691e-01
 -3.4326694e+00
  1.5401483e+00
 -2.6746991e+00
  1.3601865e-02
 -2.6282392e+00
 -2.3871253e+00
 -2.3545468e+00
 -1.3040679e+00
 -1.3117725e+00
 -2.2586787e+00
 -2.9764423e-01
  3.7118620e-01
 -1.5980979e+00
 -1.7542038e+00
  8.1884348e-01
 -2.2471187e+00
 -1.8361264e+00
 -3.7768540e-01
 -2.2198281e+00
 -1.5331742e+00
  2.5497952e+00
 -4.4153256e+00
 -1.6890097e+00
 -1.0066274e+00
  1.5835849e+00
  3.3143895e+00
  1.1858654e+00
 -2.4335167e+00
  4.8792906e+00
  2.0670128e+00
  9.1688734e-01
  1.3153094e+00
 -1.4491488e+00
  8.9096434e-02
  8.5693634e-01
  8.1372303e-01
 -1.4496356e-01
  4.8646936e-01
  2.2105455e+00
 -1.4943199e+00
 -4.5502302e-01
 -1.5088454e+00
 -8.7543708e-01
 -2.6894808e+00
 -8.1543148e-01
  3.5183555e-01
 -1.7770787e+00
  5.5304360e-01
  2.0787842e+00
  6.3798910e-01
 -3.7326243e+00
 -2.7989714e+00
  1.9014990e+00
  2.4336526e-01
 -1.3634659e+00
  2.7958326e-02
  1.8199556e-02
 -3.1482058e+00
 -1.5721526e+00
  3.8392863e+00
  3.0262895e+00
 -1.6348156e+00
  7.3259223e-01
  3.5350740e+00
  1.1378110e-01
  2.8303502e+00
 -3.3043897e+00
  1.9849976e+00
 -2.2071195e+00
 -1.0813361e+00
  1.2758811e+00
  6.6510871e-02
  3.2599216e+00
  1.4263188e+00
  4.4673686e+00
 -1.1404679e+00
 -1.8349917e-01
  4.2302070e+00
  2.4264321e+00
  4.4701815e-01
  1.8060108e+00
  3.3229291e-01
  4.6450753e+00
  1.0425895e+00
  7.2422332e-01
  1.4142812e+00
 -1.6123066e+00
 -1.4292321e+00
  1.4550509e+00
  5.0981313e-01
  5.7486134e+00
 -1.2779675e+00
  2.8747404e+00
  1.2967821e+00
 -3.3921239e+00
 -1.6462364e+00
 -3.0114839e+00
  6.0874730e-01
 -2.3564708e-01
  2.1334936e-01
  1.1640962e+00
  2.1425559e-01
 -1.3727212e-01
 -1.6524742e+00
  9.7241217e-01
  2.2909276e+00
  1.2482681e+00
 -2.6275482e+00
  2.4047577e-01
  3.2311878e-01
 -1.8298249e+00
  5.2213919e-01
  1.7512722e-01
  2.5048921e-01
 -1.4713780e+00
  2.3281064e+00
  9.1470426e-01
 -1.8020757e+00
  7.7576190e-01
  1.4037679e+00
  4.9682602e-02
 -1.9132836e+00
  4.8701329e+00
 -5.6240863e-01
  2.3047974e+00
 -2.0281394e-01
 -4.9108213e-01
  1.4162263e-01
 -3.3115647e+00
  1.8563136e+00
  3.3431825e-01
 -2.6679201e+00
 -2.1913791e-01
  9.9470370e-02
 -4.9773702e-01
  3.6699808e-01
 -2.2218378e+00
 -6.9653684e-01
 -4.3170547e-01
 -1.3407929e+00
 -7.8745449e-01
  2.4586116e-01
 -6.8723607e-01
  1.2945691e+00
  1.2720979e+00
 -8.1270099e-01
  1.3489108e+00
  5.1919240e-01
 -1.4387242e+00
 -4.7477441e+00
 -2.0100945e-01
  1.4213449e+00
 -1.9001551e+00
 -1.9187516e+00
  5.9990776e-01
 -4.1303974e-01
 -1.0825084e+00
 -2.4361597e-01
 -1.0041194e+00
 -2.1409039e+00
 -1.4983796e+00
  2.0737145e+00
 -2.7667434e+00
  1.7992550e+00
  4.8866937e-01
 -1.2352134e+00
 -2.5610483e+00
  1.7031897e-02
  2.2042928e+00
 -1.1043745e+00
  1.6970347e+00
 -4.7739968e-03
 -1.0917937e+00
 -3.6472210e-01
 -8.5847223e-01
 -1.1446466e+00
 -1.6595447e+00
 -3.1613708e+00
 -6.8971473e-01
 -2.4521666e+00
 -1.7450808e-01
  1.0725276e+00
 -9.8157293e-01
  1.6250997e+00
  3.0248803e-01
  4.0555969e-01
 -5.6513536e-01
  1.0245040e-01
 -1.1525555e+00
 -1.8481588e+00
 -4.4226936e-01
 -1.4921079e-02
 -3.1538970e+00
 -3.9575047e+00
  1.6669000e+00
  1.5847116e+00
 -8.2946664e-01
  2.7877579e+00
  2.0935006e+00
 -1.2936262e+00
  2.9275634e+00
 -3.0972859e-01
  1.7336757e+00
  1.2121159e+00
 -4.8608670e-01
  3.0531630e-01
 -1.9846213e+00
 -6.4867043e-01
  1.5337136e+00
 -6.1986864e-01
  2.7519341e+00
 -1.7435638e+00
  5.4253879e+00
 -3.1835106e-01
  6.5272838e-01
  2.4602408e+00
  1.2158651e+00
 -3.3538020e+00
 -2.1369658e-01
 -9.0836918e-01
  9.1063726e-01
  5.0937235e-01
  2.9801127e-01
 -2.0846548e+00
  9.9059629e-01
  5.9689021e-01
 -6.9560081e-02
  3.2781892e+00
  2.5323987e-01
 -7.8383797e-01
  2.9708898e+00
 -7.0208544e-01
  7.6015252e-01
 -7.8733170e-01
  2.7944350e+00
 -2.1517089e-01
 -2.6834708e-01
  2.3465147e+00
  1.8689072e+00
  1.9120055e+00
  2.2560711e+00
 -1.2227101e+00
 -7.1545273e-01
  2.2059605e+00
 -2.6808186e+00
  2.3122296e+00
 -1.9088020e+00
 -6.9696194e-01
  9.2158186e-01
  8.5081559e-01
 -1.7160443e+00
  4.0602803e-01
 -5.3259959e+00
 -2.3849144e+00
 -6.1516259e-02
 -2.2871993e+00
 -6.2132788e-01
 -7.9405737e-01
 -2.9847054e+00
 -1.0000215e+00
  2.6149378e+00
 -1.9150473e+00
 -1.4519843e+00
 -1.2899759e+00
 -2.0154998e+00
 -1.6592954e+00
  1.3883209e+00
  5.7022792e-01
 -2.1615946e+00
  1.5695279e+00
  5.0771422e+00
  8.6959970e-01
  6.3441938e-01
  6.0540318e+00
 -1.4715278e+00
  3.8761565e-01
  1.4946618e+00
  4.4038922e-01
 -2.2842691e+00
  1.1626831e+00
  5.6117516e+00
 -1.2967013e+00
  3.4861058e-01
  1.5877488e+00
  1.2512197e-01
 -1.0033317e+00
  9.2644238e-01
  1.9968153e+00
 -8.9806193e-01
 -2.0864544e+00
  5.0320458e-01
 -1.8894453e+00
  1.6302614e-01
 -2.6156311e+00
 -1.0930052e+00
 -6.7091787e-01
  1.5805790e+00
 -2.3667858e+00
 -3.1601086e-01
 -2.6761779e-01
  2.3538101e+00
 -5.6034881e-01
  5.1914219e-02
  2.0385174e-01
 -1.8781512e+00
  1.9852234e+00
 -6.4946055e-01
  1.9317635e+00
 -1.6039459e+00
  8.8413447e-01
  2.0280747e+00
  3.7273455e-01
  3.4926825e+00
  1.7218381e+00
  8.6003143e-01
  1.3149712e+00
 -2.7573118e-01
 -4.2195204e-01
 -8.2080269e-01
  2.0392773e+00
  1.5693408e+00
 -7.7691072e-01
  3.5119659e-01
  1.8524498e+00
 -1.9628482e+00
 -1.8099614e+00
  2.0909853e+00
 -9.0333617e-01
 -5.1356810e-01
 -6.8383247e-01
 -9.3867981e-01
 -1.7889699e+00
 -4.5324979e+00
  5.2981764e-01
 -1.1470977e+00
 -1.8231363e+00
 -9.1966218e-01
  2.2035961e+00
  6.2307799e-01
 -2.3667407e+00
  3.6892954e-01
  1.1397605e-01
  1.4198228e+00
 -3.0376413e-01
  4.8733553e-01
 -1.6068664e+00
  1.4337834e+00
  1.7540275e+00
  9.9065924e-01
  2.2615912e+00
 -2.2748697e+00
  6.9957536e-01
  9.6801914e-02
 -2.1384609e+00
  4.8356673e-01
 -4.5208725e-01
  1.3515215e+00
 -2.3125043e+00
 -1.7697223e+00
 -1.2688619e+00
 -6.6288996e-01
  4.6592557e-01
 -2.5451689e+00
 -4.1920367e-01
  1.2799023e+00
  3.1973979e-01
 -1.6811968e+00
  1.0668899e+00
  2.3913171e+00
 -3.4302990e+00
  3.2843382e+00
 -2.4101586e+00
  3.6003873e-01
  1.2880621e+00
  1.1970547e+00
  2.0429952e-01
  5.3446639e-01
  1.9441694e-01
 -3.9585333e-02
 -1.0793129e+00
  9.5494705e-01
  2.6969376e+00
  1.6742226e+00
  5.6802001e-02
 -2.1436126e+00
  8.9563626e-01
  1.0468800e-02
 -2.1325727e+00
  2.2071080e+00
  8.7918274e-02
 -1.4076277e+00
 -1.1164176e+00
  2.8535917e+00
 -9.7540802e-01
 -3.4339470e-01
  2.8000729e+00
  3.9555773e-01
  3.5854265e-01
  1.5624965e+00
 -2.3840609e+00
  6.9239748e-01
  3.6959820e+00
 -5.5939283e-02
  1.3447213e+00
  1.2923042e+00
 -4.6063745e-01
  6.8111193e-01
  7.5954062e-01
 -1.2549466e+00
  3.0421114e+00
  1.5364085e+00
  2.0557900e-01
 -1.1817572e+00
  1.8468152e+00
 -2.5403783e+00
  8.7966359e-01
  3.2405307e+00
 -5.6258619e-01
  1.1508064e+00
  8.0527283e-02
 -2.0594842e+00
 -3.2069371e+00
  1.8152715e+00
 -2.4844692e+00
 -1.3460659e+00
 -2.3264680e+00
  6.6219854e-01
 -1.9842856e+00
  7.8234702e-02
 -3.6928816e+00
 -3.5166256e+00
  7.1450478e-01
  1.4072173e+00
  5.7794291e-01
  8.1519949e-01
 -1.7217972e+00
 -8.9843154e-01
  7.4718010e-01
  1.2611653e-01
 -6.9565970e-01
 -1.4732370e+00
 -7.1491456e-01
  1.9863731e+00
  2.9887205e-01
  4.3194187e-01
 -1.2812079e+00
  4.1110497e-02
 -5.8830941e-01
 -1.8453982e+00
  4.4652620e-01
 -1.9507208e+00
 -2.0710607e+00
  1.5057575e+00
  3.0680196e+00
 -2.2533512e-01
 -1.1860175e+00
  1.6758741e-01
  4.5543480e+00
 -5.9351534e-01
  2.3596008e+00
  3.2030065e+00
 -1.5593404e+00
  7.6943767e-01
  1.6324332e+00
  6.7873156e-01
  1.4832329e+00
 -2.0629115e+00
  5.1169395e-01
 -4.9546167e-01
 -4.6621937e-01
  8.4686860e-02
 -1.2173451e-01
 -3.2825717e-01
  2.5012532e-01
  5.4914910e-01
 -4.0754490e+00
 -1.6313677e+00
  2.9131095e+00
  1.2927718e+00
  2.4294336e+00
 -6.5697348e-01
 -9.8211253e-01
 -1.3558812e+00
  6.3783693e-01
  1.0878744e+00
  4.2631868e-01
 -2.6720116e+00
  3.0999339e+00
 -1.4237803e+00
  2.2222738e+00
 -3.3819440e-01
  4.3033651e-01
  7.0199347e-01
  2.4571338e+00
  1.3745508e+00
 -1.1418866e+00
 -1.7087139e+00
  1.6699328e+00
 -1.1074203e+00
  1.1694015e+00
 -1.8436636e+00
 -1.6303725e+00
  4.3640837e-01
 -5.3905938e-02
 -1.6629271e-02
 -2.0905340e-01
  2.0652497e+00
 -4.4012973e-01
  9.2169684e-01
  7.4961156e-01
 -7.8173883e-02
 -1.0096895e+00
 -1.9188729e-01
  2.1773951e+00
 -1.2465229e+00
 -6.6925353e-01
 -4.6243343e+00
 -2.6362174e+00
  1.8130871e+00
 -3.8862586e-02
  1.4723631e+00
  2.3870029e+00
  8.5539597e-01
  2.5683241e+00
 -1.2939336e+00
  5.9673870e-01
 -5.8337635e-01
 -1.2127426e+00
  2.4344592e+00
 -1.5510466e+00
 -1.6159652e+00
  8.7542087e-01
  4.9780089e-01
  2.6313150e-01
  6.8490773e-01
  2.0486562e+00
 -2.1096427e+00
 -1.2496693e+00
  9.9970341e-01
  2.1517048e+00
 -1.6646413e-02
 -4.5443654e+00
 -4.3828273e+00
 -1.9950486e+00
 -4.2926397e+00
 -4.7020383e+00
 -5.6378341e-01
 -2.4403129e+00
  5.3221416e-01
 -7.3109050e-03
  1.3453752e+00
  5.3291106e-01
 -4.8679347e+00
  4.4168514e-01
  2.4702322e+00
  2.7964020e+00
  1.1690944e+00
  7.8295869e-01
  1.5554565e+00
 -9.9426395e-01
 -1.9949015e+00
  2.4099145e+00
 -1.4656740e-01
 -1.0750224e-01
  2.4145782e+00
 -3.9201653e+00
  4.6338038e+00
 -1.5055893e-01
 -1.5751055e+00
 -2.3935943e+00
  4.2621770e+00
 -2.6312095e-01
  1.7219612e-02
  4.2561349e-01
 -1.8679861e+00
 -1.1983452e+00
 -2.8214860e+00
  3.6832657e+00
  3.6225424e+00
 -1.4209871e+00
 -1.1405737e+00
 -4.6758689e-02
  2.3065603e+00
  3.2358916e+00
  2.4809350e-01
  2.9618299e-02
  7.4302906e-01
 -1.5125810e-02
  8.4885925e-02
  5.9785527e-01
  1.5274140e-01
 -3.3335158e-01
 -7.1848810e-01
 -1.3854457e-01
  2.2433758e-01
 -5.2370822e-01
  2.0846466e-02
 -8.2174078e-02
  1.1570168e-01
 -5.5976424e-02
  1.2867782e+00
 -8.3053231e-02
 -9.0254521e-01
  2.7592424e-01
  4.8654008e-01
  3.2285564e-02
  8.0296800e-02
 -5.8973309e-02
  1.6185279e-01
 -8.2060821e-02
 -5.5835563e-01
  1.5672728e-02
  9.3903616e-02
  2.2377706e-01
 -9.0709400e-01
 -2.8155899e-01
 -9.5120585e-01
  2.6166061e-01
 -1.0973655e-01
  1.1678112e-03
  4.1950666e-03
  3.9615944e-01
 -5.5150446e-02
  4.7126767e-01
 -5.3977821e-02
 -8.9015685e-02
  2.0264165e-01
 -1.0933263e-01
  7.2964720e-02
 -2.4350560e-01
 -6.4566441e-02
  3.9586984e-02
 -4.9955046e-01
  2.7203009e-01
 -6.7820317e-01
 -1.0099406e-01
 -3.1494322e+00
  5.8346730e-02
  5.7527864e-01
 -3.4838314e+00
  4.8097301e-01
 -1.4864821e+00
  1.0904874e+00
 -1.1415175e+00
 -4.9002233e-01
 -3.3962131e-01
 -9.2049515e-01
  1.1026365e+00
 -1.6540312e+00
  5.1944309e-01
 -3.0785632e-01
 -2.4699779e+00
 -3.7550406e+00
 -2.4482007e+00
  1.4748743e-01
 -8.2731593e-01
  7.6378149e-01
  4.3705287e+00
  2.4744024e+00
  1.1900830e+00
 -1.3743232e-01
  1.1366144e+00
  3.2475035e+00
 -1.5523556e+00
  1.6823165e+00
 -9.9260128e-01
 -1.3539338e+00
  4.4910493e-01
  1.3040078e+00
  3.6716342e-01
 -2.1005828e+00
  1.0563631e+00
  9.4999492e-01
 -4.2199608e-02
 -1.8876230e+00
  1.2567877e+00
 -7.0849329e-01
  2.1307089e+00
  3.5238025e+00
 -1.0594471e+00
  1.4972669e-01
 -8.7755933e-02
  3.5590687e-01
 -1.4888074e+00
  3.8007989e+00
  2.4419449e-01
 -7.4220234e-01
  1.8612537e+00
  5.6401670e-01
  8.9349318e-01
  8.8504338e-01
  1.2749524e+00
 -8.1412357e-01
  1.3120632e+00
 -8.7936795e-01
 -4.8991356e+00
  3.6347660e-01
 -9.7223818e-01
  2.5502000e+00
  1.4661927e+00
 -1.6959592e+00
 -9.4479937e-03
 -5.3667891e-01
 -3.1555203e-01
  6.7378867e-01
  1.4139500e+00
 -1.0680827e+00
  3.5234203e+00
  1.2919141e+00
 -5.0772023e+00
 -2.1934483e+00
 -1.5906559e-01
 -2.6631233e-01
 -2.0193176e-01
  3.2267656e-02
  8.2340693e-01
 -1.8839774e+00
  4.3767519e+00
  1.0474814e+00
  2.0929575e+00
  8.3528543e-01
 -2.3014479e+00
 -2.4009526e-01
  5.6454420e-01
  1.5406748e+00
 -2.4791837e+00
  2.0763516e-01
 -7.8115731e-01
  1.9077048e+00
  6.7069685e-01
  1.6047746e+00
  3.1611142e+00
  1.7278525e+00
  1.3715296e+00
 -1.1680848e-02
 -3.4720713e-01
  1.1838644e+00
  1.8952065e+00
 -2.7700028e-01
  1.1512903e+00
 -1.0437315e+00
  3.0359614e-01
  2.5675566e+00
  1.6475037e+00
  1.9771904e-01
  1.3186419e-01
  4.4595179e-01
  1.4537868e-01
  2.8973596e+00
 -3.9701539e-01
  1.6243964e+00
  2.1083341e+00
  5.6567174e-01
  5.4597831e-03
 -1.8905886e+00
 -2.2007449e+00
  1.1350706e-01
  1.1092391e+00
  3.8338563e-01
  2.3685825e+00
  5.4182953e-01
  2.6974766e+00
  1.3072361e+00
  6.6762310e-01
  5.3277016e-01
  1.2527064e+00
  3.4928742e-01
 -3.2369030e-01
 -7.1945214e-01
 -5.5037791e-01
  1.3392944e+00
  3.2089076e+00
 -3.0127272e-01
  6.0799986e-01
 -6.0346901e-01
  7.8890991e-01
  8.5312426e-01
 -8.9264208e-01
  6.1027384e-01
  8.3044899e-01
 -5.6403357e-01
 -7.1882033e-01
 -1.4680755e+00
 -1.5171988e+00
  2.9209375e+00
  3.4994754e-01
 -3.1008925e+00
  2.7988967e-01
  1.3711241e-01
  4.9942651e+00
 -1.2399437e+00
  5.0038166e-02
  2.4085896e-01
 -7.9554009e-01
  8.3413817e-02
 -1.1321812e+00
  7.8146912e-02
  5.0503283e+00
 -3.0689065e+00
  7.8079929e+00
 -6.5761906e-01
  1.5952420e+00
 -1.9734988e+00
  4.6370015e+00
  1.3002689e+00
 -5.0756168e-01
  1.1333526e-01
  5.1500243e-01
  2.7991581e-01
 -2.6973054e-01
  2.4032531e+00
  9.7876631e-02
  1.3344313e+00
  2.0889461e+00
 -4.4447342e-01
  1.8612187e+00
 -1.4615374e+00
 -3.9425797e+00
 -7.8266716e-01
  1.1618935e+00
  4.1396245e-01
 -2.8159649e+00
  9.4948149e-01
 -5.7445788e-01
 -1.3475834e+00
  1.5149072e-01
 -3.1407528e+00
 -1.1315791e-01
 -1.1761719e+00
 -1.5592633e+00
 -2.4624121e-01
 -1.8110623e+00
 -5.3503692e-01
  4.4230227e+00
 -8.9393014e-01
 -8.9328933e-01
 -1.4784016e-01
 -1.9419125e+00
 -2.2924254e+00
 -5.3538318e+00
  2.3693646e-01
  8.9968497e-01
 -8.7513858e-01
 -1.3372222e-01
  1.2188262e+00
 -4.3579869e+00
 -1.3384032e+00
 -1.3765067e+00
  2.8338513e-01
  9.2487288e-01
 -2.9721162e-01
 -1.0933299e+00
  1.1931206e-01
  1.0942014e+00
 -8.8314980e-01
 -1.0403060e-01
 -1.1348745e-01
  6.4734125e-01
 -1.4676617e+00
  1.7921885e+00
  1.5488989e+00
  3.7291345e-01
 -2.4760911e+00
 -1.1739758e+00
 -2.0674582e+00
 -2.2280309e+00
 -1.5524529e+00
  3.9155989e+00
  6.8965757e-01
  4.7935942e-01
 -1.2710619e-01
 -4.4959331e-01
  5.2647173e-02
  5.3767033e-02
  4.3697941e-01
  2.6980319e+00
  1.1448295e+00
  7.7749527e-01
 -4.8634428e-01
 -1.4838210e+00
 -9.5868945e-01
 -9.1174257e-01
 -1.9032860e-01
  7.3395330e-01
  1.0830569e+00
 -8.7191808e-01
  1.2296094e+00
 -4.0077462e+00
 -3.0812302e+00
  1.7638558e+00
  5.2614075e-01
  7.2266474e-02
  3.8631063e-02
 -2.8914199e+00
 -2.5556791e+00
 -1.8345249e+00
  2.2956318e-01
 -9.9409378e-01
 -8.0144048e-01
 -1.4803474e+00
 -2.1148086e+00
  8.1206590e-01
  3.2264191e-01
 -1.4421709e+00
 -3.3864486e-01
 -9.8098487e-01
  3.5121104e-01
 -2.0291128e+00
 -1.1199491e+00
 -9.2822003e-01
  6.3887203e-01
 -1.4493427e-01
 -1.0998596e-01
 -8.8524449e-01
  2.4452569e-02
 -1.8843392e+00
 -5.4528570e-01
 -5.6147754e-01
 -1.0707545e+00
 -7.5271773e-01
  2.4275732e-01
 -4.1718161e-01
 -7.2620946e-01
  7.3764175e-01
  5.4721785e-01
 -1.5763130e+00
 -1.4429089e-01
 -1.1716379e+00
 -4.7168395e-01
  8.0899549e-01
 -1.9960883e-01
  1.2444701e+00
 -5.3870773e-01
  2.5738990e-01
  3.8282752e-01
  3.2129785e-01
 -3.5377759e-01
 -3.4583586e-01
  2.6261881e-01
  3.7057567e-01
 -2.4543893e-01
  8.6866844e-01
  5.7358599e-01
 -1.0050722e+00
 -5.6882811e-01
  8.5497302e-01
 -9.1506451e-01
  8.0206603e-01
  8.4928352e-01
  3.2234949e-01
 -3.0378953e-01
  1.1065306e-02
 -6.5893918e-02
 -6.3384014e-01
  8.6380553e-01
 -1.4098877e-01
 -9.1419715e-01
  1.3603708e+00
 -6.7513323e-01
 -1.6027812e+00
  5.1067656e-01
 -8.5928023e-01
 -2.8421891e+00
  4.5167366e-01
  3.8227510e-01
 -9.7306335e-01
 -2.4584863e+00
 -6.1575592e-02
  8.6106390e-01
  9.5087402e-02
  2.7866993e+00
  8.0313665e-01
  2.0605798e+00
  1.7057579e+00
 -2.0863743e+00
  1.8131403e+00
 -3.6438745e-01
 -1.2491207e+00
  3.5921552e+00
  3.0659932e-01
 -1.4350843e-01
  1.1569703e+00
  2.6265022e-01
 -2.1506536e-01
  3.6360109e-01
  3.2332155e-01
 -3.1297944e+00
  2.4731863e+00
  1.2235819e+00
 -6.5344852e-01
  1.2184460e-01
 -1.8602477e+00
  1.5929114e+00
 -1.4792509e-01
  3.7811730e+00
 -2.1869096e-01
 -6.7193216e-01
  1.4867491e+00
 -1.6486381e+00
  3.0526490e+00
 -2.6302785e-01
 -1.9448282e+00
  1.8383559e+00
 -2.9845514e+00
  1.0479600e+00
 -5.0133812e-01
  3.8946357e-01
 -1.4894082e-01
  4.1909757e-01
 -2.8301177e+00
  1.7714976e-01
  8.5767782e-01
  1.5048105e-01
 -1.6145331e+00
  8.7086737e-01
 -7.9802763e-01
  7.0543128e-01
  1.4515388e+00
  4.8003337e-01
  3.9842996e-01
 -2.8860393e+00
 -8.9064753e-01
  3.8030636e-01
 -1.3254508e+00
 -8.4786642e-01
 -3.1706318e-01
 -8.1549567e-01
 -7.4209708e-01
  3.4224683e-01
 -2.8669002e-02
 -7.9715157e-01
 -1.3061568e+00
 -4.2871577e-01
  1.6348947e+00
 -3.7206832e-01
 -7.7589470e-01
  3.2618669e-01
  1.1886990e+00
 -3.0362234e+00
 -1.5567824e+00
 -3.0502269e+00
  5.7233057e+00
  6.8870944e-01
  5.5695977e+00
  3.3525546e+00
  1.0166143e+00
 -1.4863925e+00
  8.6333618e+00
 -7.0217657e-01
  1.0091358e+00
 -4.8182839e-01
 -9.6979082e-01
  1.9954522e-01
 -8.9951217e-01
 -1.0384850e-01
  1.3584608e+00
 -5.1000392e-01
  4.3793839e-01
  2.0076468e+00
  1.2475401e+00
 -1.4871827e+00
  1.4458930e+00
 -3.1665535e+00
  1.0539808e+00
 -1.0082170e+00
 -2.3840907e+00
  4.1635332e+00
  4.4187155e+00
  1.5844322e+00
  1.3350544e+00
 -1.5887711e+00
  4.4071789e+00
  1.9782414e+00
 -3.0197778e+00
 -3.0823543e+00
 -4.7360104e-01
  3.0836103e+00
  4.2386546e+00
  2.5570881e+00
 -1.3394293e+00
  2.5863860e+00
  2.3165240e+00
 -2.8873348e-01
  1.4308524e+00
  5.4709888e+00
  5.3249788e-03
  9.7923648e-01
 -3.7007320e+00
 -1.1843183e+00
  4.8654985e+00
  3.5501974e+00
 -1.9756414e+00
  3.0374191e+00
 -3.5495219e-01
  2.5908239e+00
  7.8935277e-01
 -6.1435479e-01
  2.0028894e+00
  2.3507838e+00
  3.8040805e+00
 -1.2838446e+00
 -1.4209855e+00
  9.0553558e-01
  8.7352633e-02
 -1.9368331e-01
 -4.1936846e+00
  1.0045618e+00
  9.5493776e-01
  9.8610485e-01
 -2.6469719e-01
  8.4756172e-01
  8.8297391e-01
 -3.9273572e-01
  4.2147269e+00
  1.1012180e+00
  3.1452186e+00
 -2.1083941e+00
  1.8478543e-01
  2.3342636e+00
 -6.2996112e-03
 -4.8336869e-01
  1.6390672e+00
  2.7165288e-01
  1.1082753e+00
  1.4095049e+00
  2.5547302e+00
 -1.0575203e+00
  1.1896129e+00
  1.0514463e+00
  5.5216794e+00
 -9.7397590e-01
  4.6701708e-01
  1.3740368e+00
 -7.0701218e-01
 -3.5884732e-01
 -2.5553091e+00
 -5.3618360e-01
  1.7510803e+00
  1.4318743e+00
 -2.4266500e+00
 -2.0238485e+00
 -2.1630468e+00
  1.4339515e+00
  1.8891035e+00
 -1.0220258e+00
  1.0071729e+00
  1.8608837e+00
 -2.2899075e+00
 -9.0722930e-01
  2.7791100e-02
 -9.8962414e-01
  2.6762596e-01
 -8.4246325e-01
 -3.7391481e-01
 -1.2603377e+00
  5.6715333e-01
  4.5798725e-01
 -1.3885140e+00
 -4.2450047e-01
  1.2439647e+00
  1.2907560e-01
  1.3003261e-01
 -9.6245199e-02
  1.4510050e-01
 -2.3494532e+00
 -2.0594335e+00
  1.4609553e+00
 -1.2588394e+00
  3.1831026e+00
  5.5025023e-01
 -3.0767760e+00
  3.5478151e-01
  3.7351042e-01
  2.1276872e+00
 -2.5714362e-01
 -6.3098860e-01
  1.2122064e+00
 -5.0876516e-01
  2.5938258e+00
 -8.2468510e-01
  1.4169030e+00
  2.4346688e+00
 -1.3031198e+00
 -6.3593543e-01
 -2.2435308e-01
 -2.1088760e+00
  4.0326041e-01
  5.6562324e+00
 -1.4670674e-02
  1.6310072e+00
  1.3663852e+00
  8.8489905e-02
 -3.2515216e+00
  1.6916027e+00
 -1.8219821e+00
 -2.5570564e+00
 -6.3433284e-01
  1.4662658e+00
 -1.4997139e+00
  9.0926915e-01
 -8.0288190e-01
  2.6711748e+00
  2.0991750e-01
  4.5304689e+00
 -6.1211567e-02
  1.8627398e+00
  2.5179372e+00
 -1.6104238e+00
 -2.4079242e+00
  2.1445057e+00
  1.3166060e+00
  1.4420849e+00
  5.1387686e-01
 -5.2370179e-01
  2.6108572e+00
 -4.3227169e-01
  2.6746283e+00
 -1.7659034e+00
  1.1901269e+00
 -1.6557724e+00
  1.0312986e+00
  2.0510523e-01
  3.1669798e-01
  6.1861706e-01
  2.7761030e+00
  1.3183029e+00
 -7.7896126e-02
  1.2952904e+00
  1.0290607e+00
 -2.9871442e+00
  1.6076797e+00
 -1.8709444e+00
  2.7986035e-01
  2.1545711e+00
 -7.1861506e-01
  1.1775088e+00
 -5.7090408e-01
  2.0698478e+00
 -1.5936372e+00
  2.8274465e-01
  1.6454844e+00
  3.0665645e-01
  1.3698806e+00
  2.7011008e+00
  9.2374092e-01
 -8.5145676e-01
  8.4168583e-01
  1.7364333e+00
 -6.1295176e-01
 -2.7399206e+00
 -4.8453236e-01
  1.8931174e-01
 -9.7864634e-01
 -5.6582069e-01
  1.2004130e+00
  9.9823785e-01
  7.0044714e-01
  5.8268505e-01
  1.3709730e+00
 -3.1759527e-01
 -9.3333665e-03
 -6.6215229e-01
 -6.3778692e-01
 -5.0466305e-01
 -1.4148428e+00
 -1.8551891e-01
  2.2489738e+00
 -9.1862512e-01
  6.0781115e-01
 -2.1521540e+00
 -3.1078362e-01
 -3.8070714e-01
  1.2659396e+00
  1.9427783e+00
 -6.4065528e-01
 -2.0731501e-01
 -4.1228512e-01
 -2.6236155e+00
 -1.4399875e+00
 -2.5203648e+00
 -2.7160420e+00
 -7.0001465e-01
 -1.9148067e+00
 -6.9075835e-01
  4.1983169e-01
  3.5994768e+00
 -5.6604612e-01
 -1.0973519e+00
 -1.4802012e+00
  9.0673369e-01
 -1.9776773e-01
 -3.5186160e-01
  4.8148322e-01
  1.0942781e+00
 -1.6378908e+00
 -6.1609113e-01
 -9.5577657e-01
  1.1331007e+00
 -4.4054568e-01
  3.7608477e-01
  1.7870135e+00
 -2.6571732e+00
 -1.8778685e+00
  1.2000675e+00
 -7.2920591e-01
 -7.2192413e-01
  1.8754135e+00
  2.8187272e-01
 -5.2677929e-01
 -1.2722178e+00
  3.5162494e-01
  1.2076914e+00
  1.1701157e+00
  3.5823059e+00
  1.8055196e+00
  5.7326715e-02
  4.3138000e-01
  2.0395422e+00
  2.4532158e+00
 -1.1466902e+00
 -6.0698909e-01
 -5.8638126e-01
  1.6834714e+00
  2.0438442e+00
 -7.3440528e-01
 -1.4506596e+00
 -9.4379926e-01
  1.0600892e+00
  2.6157056e-03
  1.5653811e-01
  3.0614731e-01
  6.7150980e-01
  3.1574798e-01
  1.9359970e-01
 -7.7667719e-01
 -2.7312279e-01
 -2.5122602e+00
  4.6156585e-02
 -5.2522612e-01
 -7.5601411e-01
  7.7329111e-01
  1.1849613e+00
 -7.9697102e-01
  1.2382354e+00
  5.5677187e-01
  3.8154519e+00
 -3.1817168e-01
 -3.9152929e-01
  3.0669658e+00
  7.0817339e-01
 -7.7559346e-01
  2.3162726e-01
 -4.0454473e+00
  2.7080338e+00
 -6.1288804e-01
  2.5281768e+00
 -2.1978676e+00
  3.4711218e+00
  1.7124096e+00
 -9.5216501e-01
  2.7346852e-01
 -2.1054945e+00
  9.8910946e-01
  2.0297068e-01
  2.0516918e+00
 -5.5790067e-01
 -1.9110017e+00
 -1.2796118e+00
 -6.1585748e-01
 -8.4980279e-01
 -8.3896989e-01
 -1.5834068e+00
  9.6962182e-03
  1.6783294e-01
  7.0198518e-01
  6.0478542e-02
  1.7554648e+00
 -1.3079244e+00
 -1.2284046e+00
  3.0067879e-01
 -3.4551203e-01
 -1.3178080e+00
  6.7504930e-01
 -2.8041604e+00
  3.4307892e+00
 -2.3874869e+00
  2.8558502e+00
  1.6121793e-01
 -1.2473426e+00
 -1.0615126e+00
  1.5109923e+00
 -1.3651583e+00
  9.8236811e-01
  5.0513834e-01
  1.4803032e+00
 -1.3406411e-01
 -1.0753859e+00
 -1.4796621e-01
 -3.5529357e-01
  8.3249873e-01
  5.6970501e-01
 -1.3408570e-01
  2.5056787e+00
 -3.2370761e-01
 -3.3598858e-01
  1.5268206e-02
  1.0727546e-01
 -6.7840827e-01
 -2.5416391e+00
 -2.2322516e-01
  1.1979532e+00
 -3.4873301e-01
 -1.4262035e+00
  2.8280696e-01
 -2.5131461e-01
  1.2041956e+00
 -3.6932707e-01
 -9.2028308e-01
 -9.5742077e-01
 -4.1463768e-01
  1.8753937e-02
 -4.3789166e-01
 -1.2562010e+00
  8.3271049e-02
  5.2022064e-01
  1.8190837e+00
  2.6488769e+00
  9.1596586e-01
  2.2219181e+00
  2.0484633e+00
 -6.9392687e-01
  4.3864340e-01
  5.2691746e-01
 -3.7725511e-01
 -1.1013391e+00
 -7.0292890e-01
  1.8785335e+00
 -9.9767274e-01
 -1.6843989e+00
  3.2629662e+00
 -3.6781090e-01
  3.0133789e+00
 -9.8476815e-01
  2.4800975e+00
 -2.2893314e+00
  1.2682334e+00
 -2.5178168e+00
  5.3667700e-01
 -5.0882685e-01
  5.9367919e+00
 -1.7137111e+00
  3.0493038e+00
 -1.7155211e+00
 -1.5360624e+00
 -1.5863468e-01
 -4.2955500e-01
  1.6999940e+00
  2.2805743e+00
  1.3927137e+00
 -8.8074100e-01
  1.1834046e+00
  6.7796820e-01
  1.3329316e+00
  2.6130507e+00
  1.6633406e-01
 -2.6907962e-02
 -7.9345274e-01
  1.9945067e+00
 -2.1080482e+00
  3.8453668e-01
 -5.0452393e-01
  1.3178006e+00
  3.3853912e-01
  9.4479300e-02
 -4.9532003e+00
 -6.3854569e-01
 -3.1265786e+00
 -1.8882955e+00
  1.5052481e+00
 -3.1455476e+00
  1.5509679e+00
  1.5408128e+00
 -2.3107456e-01
 -2.6880062e-01
  1.8681702e-01
 -2.6597090e+00
 -6.8169504e-01
 -1.0572239e+00
 -5.8804626e+00
  2.6467254e+00
  1.6966711e+00
  7.2982579e-01
 -1.1321592e+00
 -1.4625376e+00
  1.2443913e+00
 -1.9668286e+00
  1.9540340e+00
 -1.1835934e+00
  1.7813818e+00
  2.8041902e-01
 -1.7304393e+00
 -7.2602558e-01
  2.8288801e+00
  4.0445545e-01
 -1.7889042e+00
  1.1025795e+00
 -2.3695441e-01
  1.6690850e+00
  4.9081483e+00
 -9.3322468e-01
  5.3600544e-01
  2.0899589e+00
 -1.8403341e-01
 -1.7764082e+00
  2.6753840e+00
 -6.6256650e-02
  2.3818879e+00
 -4.4508390e+00
 -2.5549216e+00
  3.6169922e+00
  2.4207202e-01
 -1.3621854e+00
  7.5253707e-01
 -2.4641099e+00
  8.5934711e-01
  8.7818080e-01
 -1.9696839e-01
 -1.8590928e+00
 -8.2096040e-01
  7.4164581e-01
 -7.8201926e-01
 -3.9101544e-01
  7.4791424e-02
  1.6546444e+00
 -1.3225074e+00
 -1.7861664e-01
 -3.9922468e-02
 -1.1511656e+00
  1.6296540e-01
 -1.7439474e+00
 -4.1149549e-02
 -7.7388562e-02
 -6.7664868e-01
 -5.5994999e-01
 -1.4863285e+00
 -9.6097821e-01
  3.5453793e-01
 -9.6949089e-01
  1.8030132e+00
  1.6934338e+00
  1.3429103e+00
 -1.7045356e+00
  2.2418947e+00
 -3.8708606e-01
  3.0667000e+00
  1.0542886e-02
 -4.0477774e-01
 -5.9471309e-01
  9.6005940e-01
 -6.3560516e-01
 -9.5562845e-01
 -1.4302251e+00
 -3.0993078e+00
  1.1395180e+00
  2.3417313e-01
 -7.9864480e-02
  6.7279704e-02
 -3.6988625e-01
 -1.2627602e+00
  2.1570289e+00
  1.0654085e+00
 -4.4661945e-01
 -3.1421790e-01
  1.0144509e+00
  1.9380565e+00
  4.8241875e-01
  1.7890993e-01
 -4.2869794e-01
 -1.7254866e+00
 -1.7108121e+00
 -1.4009646e+00
  2.5513544e+00
  1.1023844e+00
  1.0711592e+00
 -2.3263875e-01
 -9.4093430e-01
  2.0765926e-01
 -1.3999788e+00
 -1.4173305e+00
 -8.8114715e-01
 -3.4204812e+00
  1.2440258e+00
  4.9544826e-01
  2.4570569e-01
  1.8977281e+00
 -1.4318155e+00
 -2.1566684e+00
 -2.4501221e+00
 -1.1347034e+00
  1.9303187e+00
 -2.2274610e-01
  1.6805854e+00
 -1.6411133e+00
 -2.6259212e+00
 -1.4732462e+00
  2.0890374e+00
  6.9929934e-01
 -7.7724469e-01
  2.7213387e+00
 -2.0197151e+00
  5.0989002e-01
  1.2942601e+00
  5.4317629e-01
 -6.7188993e-02
  2.4171855e+00
 -6.2950778e-01
  1.9639684e+00
  2.1716261e+00
 -9.9267411e-01
  3.4454626e-01
  2.0128698e+00
 -3.5440476e+00
  2.0889114e-01
  1.5248264e+00
  1.7992394e+00
 -2.2270168e-01
 -1.0529979e+00
 -6.6678935e-01
  2.6271209e-01
  5.8817768e-01
 -6.8997067e-01
 -4.2378694e-01
 -1.0573295e+00
  1.6307631e+00
  3.4380870e+00
  7.3771578e-01
 -1.9340840e-01
  2.7656403e+00
 -8.0707681e-01
  1.0633734e+00
  1.4652344e+00
 -1.4172566e+00
 -5.6924808e-01
  1.2472984e+00
 -1.8173356e-02
 -2.4281540e+00
  2.8086195e+00
  1.1098061e+00
  8.8861477e-01
  1.6171939e+00
  1.1615747e-01
 -7.2752362e-01
 -1.1555917e+00
 -1.8543260e+00
 -9.0310174e-01
 -4.0283418e-01
  8.2041335e-01
 -5.3004038e-02
  2.9436562e+00
  4.9580437e-01
 -1.3201526e+00
 -7.6091421e-01
  1.5921574e+00
  1.0647999e+00
 -5.8655608e-02
  1.4837052e-01
 -2.0567486e-01
 -1.6180948e+00
  1.4724637e+00
  8.6595201e-01
  3.0684896e+00
  1.8687025e+00
  1.1200159e+00
  1.3379620e+00
  3.1780460e+00
 -2.1216135e+00
 -4.3542749e-01
 -1.4697316e+00
  2.6694283e+00
  8.0123401e-01
 -8.7006813e-01
 -2.2469318e+00
  2.4656999e+00
  3.9060265e-01
  2.2881863e+00
 -1.7056476e-01
  1.0043077e+00
 -4.4580466e-01
 -5.0748076e+00
  3.0637894e+00
 -4.1825790e+00
 -1.3771062e+00
 -4.7485074e-01
  3.4429889e+00
 -6.0154819e+00
 -2.9221599e+00
  5.7798976e-01
 -7.6207662e-01
 -1.5188309e+00
  2.5629292e+00
 -1.1628374e+00
 -4.1308311e-01
  1.5722197e+00
 -4.4365868e-01
  9.3426563e-02
  1.7366644e-02
 -1.3896710e-01
 -1.0594827e+00
 -1.0264171e-01
 -4.2004734e-01
 -6.8450314e-01
  9.2498529e-01
 -7.5382161e-01
  2.2641103e-01
 -2.1926289e+00
 -8.2297480e-01
  8.5428226e-01
  2.6043468e+00
 -2.2224174e+00
  4.4487172e-01
 -6.6046631e-01
  7.9385024e-01
  8.3397102e-01
 -2.0187564e-01
 -3.4339488e+00
  1.7265720e+00
  1.9314204e+00
 -1.8501070e+00
  1.1553104e+00
  7.6165587e-01
  1.9144364e-01
 -1.3287709e+00
 -2.0811636e+00
 -6.5846318e-01
 -2.9480124e-01
  6.0072196e-01
  1.7658670e+00
  1.0993747e+00
  1.1987457e+00
  1.4530324e+00
  1.8711485e+00
 -7.6077896e-01
 -1.0852412e-01
 -1.2027742e+00
  6.0030246e-01
  9.9616635e-01
 -2.5205958e-01
 -2.0302879e-02
 -7.0694894e-01
  1.6947008e+00
 -5.1706252e+00
 -5.1039499e-01
 -2.3241503e+00
  1.1358452e+00
  1.4253556e+00
  2.9942517e+00
 -3.1451178e-01
 -1.0145445e+00
 -1.1073552e+00
 -1.1060210e+00
 -1.1805511e-01
 -1.1751926e+00
  2.3435361e+00
 -6.3905233e-01
  2.5986689e-01
 -8.3447522e-01
  8.9278871e-01
 -2.0216935e+00
  4.6504191e-01
 -4.7819123e+00
  3.6190798e+00
 -4.3649755e+00
  2.0010469e+00
 -2.5275147e+00
 -1.2117461e+00
 -1.8176740e+00
  2.6522870e+00
  4.7314506e-02
 -4.2038422e+00
  1.9840913e+00
  2.3303599e+00
 -6.9849181e-01
 -2.6250517e+00
  2.2123675e+00
 -9.1315603e-01
  1.3161929e+00
 -1.6109835e-01
 -7.2287673e-01
  4.0489560e-01
  1.6315940e-01
 -6.4518851e-01
 -8.8486964e-01
  1.9139233e+00
  1.4154755e+00
  1.5768070e+00
  3.3205395e+00
 -4.3776029e-01
 -8.4478334e-02
  3.4537706e+00
  4.4993022e-01
  2.0543537e+00
 -7.7917314e-01
  6.7490786e-01
  4.0749800e-01
 -5.2001500e-01
 -5.8725262e-01
 -3.4472340e-01
 -2.3745362e-01
  6.4580470e-01
  3.5047597e-01
  1.5501884e+00
  2.7192628e+00
 -5.6188977e-01
  3.0008616e-02
  1.0078599e+00
  1.0032663e+00
  4.0149048e-01
  8.7337697e-01
  1.6015039e-01
  1.9700598e+00
 -9.3935198e-01
 -9.5117748e-01
  3.9701936e-01
 -5.5407977e-01
  3.3083180e-01
  1.9333973e+00
  1.2609514e+00
 -5.7632536e-01
 -4.0503305e-01
 -4.9496293e+00
 -1.3817711e+00
 -3.0947216e+00
  4.0158091e+00
  1.2399992e+00
  1.5744233e+00
  2.1245944e+00
  2.7347803e+00
  6.0846889e-01
  2.0116626e-01
  2.6667567e-02
  2.5570111e+00
  2.6727836e+00
 -1.4662172e+00
 -3.3274186e+00
  8.4473825e-01
 -3.3024225e-01
 -7.0206493e-01
  6.3633471e+00
 -5.8428657e-01
 -1.2071282e+00
  7.9227954e-01
 -5.6887770e-01
  1.0389718e-01
  5.2123457e-01
  1.1282799e+00
  2.6542366e+00
  9.0458220e-01
 -3.1480689e+00
  3.9255950e-01
  3.5073059e+00
  1.1737758e+00
  1.5962592e-01
 -1.3163073e+00
  1.0639425e-01
  5.1681814e+00
  4.7738004e-01
  3.4760863e-01
 -1.9915061e+00
 -7.5466305e-01
 -2.3145671e+00
 -7.0910847e-01
  1.1197152e+00
  1.4063834e+00
  7.7807850e-01
 -1.4553632e+00
  9.6718752e-01
 -2.4967159e-01
 -1.0608042e+00
  6.6230416e-01
 -1.0490366e+00
 -2.2744808e-01
  2.6149979e+00
  1.1219673e+00
  1.4867312e+00
  1.1391152e+00
 -3.3424094e+00
 -8.7265402e-01
 -1.2159108e+00
 -5.4768229e-01
 -3.0373724e+00
  1.8117657e+00
  1.1167381e+00
 -1.5955833e-01
  6.5793014e-01
 -1.7456902e+00
  3.4434013e+00
  7.7399588e-01
 -7.8187621e-01
 -1.2360333e+00
  8.9641595e-01
  3.3685379e+00
  3.3199650e-01
 -1.0894846e+00
  1.1153369e+00
 -2.3214262e+00
  2.2616298e+00
 -4.1010433e-01
 -5.4291147e-01
  2.5933501e-01
  1.6680382e-01
 -3.9115587e-01
  1.7502836e+00
  2.8815523e-01
  1.3961587e+00
 -1.1063616e+00
  4.4909772e-02
  1.4332635e+00
  3.1012326e-01
  6.0487020e-01
  6.4837974e-01
 -3.8672417e-01
  2.1486974e+00
  1.1486719e+00
 -1.2587353e+00
 -1.3799103e+00
  8.6463755e-01
  4.2462516e+00
 -3.2060421e+00
 -1.0546938e+00
  2.1203799e+00
  9.4914168e-01
 -3.5834441e+00
  2.5091341e+00
  1.5415605e+00
 -1.1270469e+00
  9.7467881e-01
  2.7011204e+00
  1.6153175e+00
 -7.3565781e-01
  3.6152816e+00
 -9.8124307e-01
 -2.2806170e+00
  2.2508652e+00
  9.7183484e-01
 -1.4528242e+00
 -1.4409076e+00
  1.0447490e-01
 -2.3055466e-01
  5.3819799e-01
  1.2131060e+00
 -1.9175521e+00
  2.1876719e+00
  2.6491177e-01
 -1.6001021e+00
  1.0021975e+00
 -2.3230586e+00
 -1.1911132e+00
  7.2291929e-01
 -2.7939768e+00
  1.9556132e-01
 -2.4036754e-02
 -5.9153926e-01
 -9.9476749e-01
 -3.1522125e-02
  1.2004492e+00
 -6.0164575e-02
 -1.8023401e+00
 -2.8680634e+00
 -1.1293552e+00
 -2.4816411e+00
 -1.3355304e+00
 -4.0697530e-01
  5.2387720e-01
  2.8593233e+00
  2.6227915e+00
  1.9645636e+00
 -2.4243715e+00
 -1.7989782e+00
  1.4169495e+00
 -1.1925806e-01
  1.3615656e+00
 -5.1800847e-01
 -2.1848565e-02
 -3.8981414e-01
  2.2525387e+00
 -2.0393090e-01
  2.3206019e-01
 -1.9930728e-01
 -2.0043182e+00
 -7.3238248e-01
  1.8203618e-01
  2.5488596e+00
 -2.1562457e+00
 -7.9409039e-01
  1.7181369e+00
  2.0373864e+00
 -1.4557660e+00
 -3.1867185e+00
 -7.9774046e-01
  3.1779778e-01
 -7.0031738e-01
 -1.6464553e+00
  1.6270348e+00
  1.5722612e-02
  1.1935469e+00
 -1.5208039e+00
 -1.0525641e+00
 -1.6043824e-01
  8.4016037e-01
 -1.5967971e+00
 -1.1678678e+00
  1.3628170e+00
 -2.3160918e+00
  1.9880179e+00
  2.8021133e-01
 -1.1674775e+00
 -4.5939069e+00
  1.2583500e+00
  3.3847576e-01
  1.3696028e+00
  1.1445841e+00
  6.3533437e-01
  2.0245881e+00
  9.5033312e-01
  6.8151236e-01
  2.3925822e+00
 -2.7621272e-01
  6.9244874e-01
  8.9917874e-01
 -1.8435367e+00
  2.1146524e+00
 -3.6363465e-01
 -6.3603371e-01
 -9.8231852e-01
 -1.7095508e-01
 -1.8796605e+00
 -1.9563775e-01
  1.3413442e+00
  5.5782372e-01
  6.2441492e-01
  2.6490455e+00
  9.9692029e-01
  2.0629220e+00
  2.2780483e+00
  2.1043570e+00
 -1.9046296e+00
 -3.3480284e+00
  4.8990951e+00
 -4.3278107e-01
 -1.4196851e+00
 -5.6966633e-01
 -1.5915896e+00
  4.1620216e-01
 -1.1805441e+00
  1.0470028e+00
 -3.5307109e+00
  2.5892997e-02
  2.3189083e-01
 -8.2837158e-01
 -2.3173299e+00
  1.4603256e-01
 -2.3122670e-02
 -6.8643355e-01
 -6.9775367e-01
 -1.7571002e-01
 -7.9121530e-01
 -1.1927127e+00
  5.3310120e-01
  1.0465151e+00
 -2.8328586e-01
  3.0585361e-01
 -2.2802317e+00
  1.2281232e+00
  2.1446700e+00
 -1.0018554e-01
 -2.8013148e+00
  1.4876192e+00
  6.1979800e-01
  2.1503754e+00
 -7.0484012e-01
 -1.3767020e-01
  7.2761756e-01
 -4.8990983e-01
  7.6756132e-01
 -2.4473460e-01
 -4.6846956e-02
  1.0724274e+00
  6.5521139e-01
  3.3791539e-01
 -2.0159706e-02
 -1.8403060e+00
 -1.8822728e-01
  3.1479639e-01
 -3.0944026e-01
  1.7212472e+00
  3.8825407e+00
  2.1521578e+00
 -6.5964401e-01
 -3.0183077e+00
 -3.2481711e+00
  5.4638877e+00
  2.9641004e+00
  8.0370164e-01
  2.3061504e+00
  1.0063744e+00
 -3.5760663e+00
  1.6778699e+00
 -1.3451999e+00
  6.9805384e-01
 -1.4684585e+00
  1.8369967e-01
 -4.8065361e-01
  1.9283175e+00
  5.3733975e-01
  3.0068362e+00
 -2.2907472e+00
 -1.0933615e+00
 -9.5950407e-01
  2.2101583e+00
 -9.6035522e-01
  2.5406954e+00
 -1.4525138e-01
 -2.3976126e+00
  3.5031435e-01
 -2.4177790e+00
  2.6109686e+00
  3.9861870e+00
  6.6476929e-01
  1.7869053e+00
  1.4430066e+00
  1.0469263e-02
 -6.9840986e-01
 -6.6327417e-01
  1.3366240e+00
  9.3294191e-01
  2.5893610e+00
  5.7578659e-01
  1.6184124e+00
 -9.1208863e-01
  2.3946843e+00
  8.1313086e-01
  1.5297027e+00
  7.0598125e-01
  3.0635159e+00
 -6.7368346e-01
  4.6328732e-01
 -1.0490142e+00
  1.9150511e+00
  9.4460881e-01
 -4.8015764e-01
  1.4573861e+00
  4.7388381e-01
  5.5689549e-01
 -9.4475609e-01
  9.7351879e-02
  4.1598034e-01
  4.0680861e-01
  1.8039744e+00
 -2.8957126e-01
 -1.5430814e+00
 -1.4668982e+00
  9.7128916e-01
 -1.6269472e+00
 -7.6434207e-01
  8.6932582e-01
  1.5552714e+00
  2.3436568e+00
  1.5212349e+00
 -5.7733715e-01
  2.5634398e+00
  7.0572984e-01
 -6.3133281e-01
  2.9328127e+00
 -4.3552500e-01
  5.0167888e-01
 -2.4233479e+00
  7.8450494e-02
  2.3630021e-02
 -5.0826800e-01
 -5.9462094e-01
  1.9455103e+00
 -1.6784213e+00
  2.0165505e+00
  3.2772384e+00
  2.0991688e+00
  1.5731266e-01
  1.1965355e-01
 -9.1614473e-01
 -2.5756412e+00
  7.7201259e-01
 -1.1593239e+00
  1.2813558e-01
 -3.6004388e+00
 -1.1330960e+00
 -6.2351775e-01
 -2.0530000e+00
 -2.3615005e+00
 -2.0839596e+00
  2.8122690e+00
 -2.9139392e+00
 -2.5532925e+00
  2.1805120e+00
 -1.7787737e+00
 -3.0815125e-01
 -5.0510664e+00
 -1.7133985e+00
 -5.7283716e+00
 -2.0011659e-01
 -2.2620082e+00
 -2.6386464e+00
 -9.7877443e-01
 -1.4687587e-01
 -1.7388649e+00
 -9.2998254e-01
 -1.9039624e+00
 -3.1824005e+00
 -2.7040601e-01
 -1.3687496e+00
  7.5690947e-02
 -1.1394609e+00
 -2.0209908e+00
 -1.5490872e+00
 -6.8344146e-01
 -1.1573645e+00
 -1.7749217e+00
  6.9388896e-01
 -1.3549194e+00
 -6.0147446e-02
  9.2195328e-03
 -5.0233966e-01
 -7.7218705e-01
 -2.4830453e+00
 -3.9695770e-02
 -2.7799895e-01
 -5.7856178e-01
 -4.8122612e-01
 -2.3947948e-01
 -3.5156047e-01
 -7.8652549e-01
 -9.1394520e-01
  7.0998925e-01
 -1.7156726e+00
  1.4612660e+00
  1.3927680e+00
 -1.5971161e+00
  2.3992043e+00
  1.5893510e-01
 -4.1105013e+00
 -3.0558988e-02
  3.6581630e-01
  5.2927089e-01
  2.8453031e-01
  2.3369064e+00
 -4.3475509e-02
 -5.2637464e-01
 -1.5245663e+00
 -8.2448894e-01
  1.0192506e+00
 -6.0113949e-01
  2.4105299e+00
  1.7506458e+00
 -1.1481688e+00
 -3.7833625e-01
  1.1254280e+00
 -8.2678598e-01
  4.1194579e-01
 -6.1682069e-01
 -1.7770047e+00
 -1.3033683e+00
  6.4651918e-01
  1.6491407e-01
 -1.0915835e+00
 -2.6456454e-01
 -4.4363022e-01
  7.4573827e-01
 -8.7726384e-01
 -3.2487974e-01
 -2.1723959e+00
  7.5559777e-01
  3.8300642e-01
  6.6310549e-01
  1.0235918e+00
 -1.9281224e+00
  7.8561026e-01
 -9.2797093e-02
  2.7715828e+00
  4.5841455e-01
  6.7029095e-01
 -1.7979984e+00
 -1.0780164e+00
 -9.9754900e-01
  1.1826721e+00
  4.4311094e-01
 -1.9191808e+00
  6.2844908e-01
  3.8305119e-01
 -1.1952287e-01
  1.7214881e+00
  2.2125306e+00
  4.1172269e-01
 -1.5448638e+00
 -8.7215102e-01
 -4.3972889e-01
 -3.8673940e-01
  2.5094990e-02
  1.7247299e+00
  1.2519985e+00
 -2.8834882e+00
  3.8721472e-01
 -9.3027925e-01
 -2.6815829e-01
  2.5554171e-01
 -3.0508322e-01
  4.4936886e-01
  4.9422318e-01
 -1.9223278e+00
 -6.0910535e-01
 -1.4085090e+00
 -1.3196387e+00
 -1.7921969e+00
  9.0410984e-01
  3.4012547e-01
  9.5284182e-01
  3.5299337e+00
 -2.3712818e-01
 -1.5044683e-01
 -1.0704918e+00
 -7.7737790e-01
  2.1027765e+00
 -1.2151548e-01
 -2.9293253e+00
 -2.3841189e-01
  1.2868661e-01
 -7.4496642e-02
 -9.0162957e-01
  5.9332848e-01
  3.2405999e-01
 -3.5408500e-01
  3.7527165e+00
  4.0549889e-01
  3.6892056e-01
  1.1852080e-01
 -1.6299223e+00
  2.2406507e+00
 -3.9636340e+00
  5.0916225e-01
  2.3507503e-01
  1.3895581e+00
 -2.8365310e-02
  1.0018541e+00
  1.6597559e+00
 -1.9681861e+00
 -1.0516663e+00
 -1.2928331e-01
 -6.8011916e-01
 -1.7190921e+00
 -3.2744277e+00
  1.2406843e-01
 -8.6336952e-01
 -4.8447379e-01
  2.7189627e+00
  1.2473290e+00
  2.4934466e+00
 -3.7835151e-01
 -3.5556322e-01
 -5.4837608e+00
  1.9779791e+00
 -2.4050217e+00
 -4.3457714e-01
  2.2658041e-01
 -1.2370744e-01
  9.7325939e-01
 -1.4882648e+00
 -2.0225005e+00
 -4.7142554e-02
  1.4658823e+00
  2.1071858e+00
 -1.3525985e+00
 -6.2394875e-01
 -3.8184607e-01
 -1.2153628e+00
 -6.1018205e-01
  1.7513053e+00
  1.7983721e-01
  1.6655626e+00
  7.1365261e-01
  1.4341674e+00
  2.2146557e-01
  3.5662729e-01
  4.0414947e-01
  1.1721967e-01
  1.5719564e+00
 -1.5281029e-01
  8.0827081e-01
  2.4071362e+00
  4.4642572e+00
  1.2470962e+00
 -1.1355971e-01
 -1.5153735e+00
  5.2218777e-01
  1.2062261e+00
 -2.6399727e+00
 -8.9386785e-01
 -2.6705047e-01
 -2.2633367e+00
 -2.2063050e+00
 -2.1187840e+00
  3.3577612e-01
  1.2397808e+00
  2.9882303e-01
  7.6818782e-01
  3.1625147e+00
 -1.2343935e+00
 -4.7254309e-01
 -4.4353783e-01
 -3.3986747e+00
  1.8691791e+00
 -5.4565495e-01
 -3.4188780e-01
  3.4566313e-01
 -6.3484564e-02
 -4.5365503e-01
 -1.2964721e+00
 -8.3782190e-01
  7.4176079e-01
  1.7783883e+00
  7.3288757e-01
 -3.4625447e-01
 -1.1942842e+00
 -1.9851217e+00
 -6.9442935e-02
  1.3424736e+00
  1.5847398e-02
  5.0448972e-01
  2.4380622e+00
 -8.1358463e-01
  2.5715425e+00
 -3.9228201e-01
  4.1250530e-01
 -5.3541815e-01
 -1.3956565e+00
  4.6994300e+00
 -1.0833406e+00
  1.5405278e+00
  4.0587646e-01
  1.1205112e+00
  1.4743180e+00
 -5.8013231e-01
  3.2423151e-01
 -1.9355185e-02
  2.6744828e+00
  1.8511651e+00
  8.3764154e-01
  6.5113908e-01
 -7.5213149e-02
  4.5539004e-01
  1.0501634e+00
  3.4455311e-02
 -8.9684314e-01
  8.7012535e-01
 -7.2158799e-02
  8.3110666e-01
  7.1125889e-01
  3.0814192e-01
 -9.8995030e-01
 -5.9159017e-01
  6.9883071e-02
  2.3208384e-01
  1.9652454e+00
 -1.2008959e+00
  7.3434338e-02
 -1.4561774e-02
  1.7735113e-01
 -4.3681338e-01
  1.7003545e-01
 -2.6023707e-01
  3.2168862e-01
  1.6438720e+00
  1.4164191e-01
  1.8900186e+00
  1.0730305e+00
  7.9240620e-01
  3.4849503e+00
 -1.1114413e+00
 -1.2052099e+00
  2.1453112e-02
  2.2353668e+00
 -2.1344972e+00
  3.9950144e-02
  5.3352916e-01
  1.3499243e+00
  2.6583526e-01
  4.5754632e-01
 -9.9749011e-01
 -1.7643265e-01
  3.4974744e+00
  9.1191188e-02
 -1.5702913e+00
 -2.5653216e-01
 -1.7707815e+00
  9.5733261e-01
  3.2778655e-03
 -8.5913807e-01
  2.2773535e+00
 -1.8355361e+00
 -1.7850614e+00
  2.2004731e+00
  5.3738290e-01
  1.3958642e+00
 -6.5696198e-01
 -2.8117114e-01
  4.1390896e-01
 -5.3721124e-01
 -2.5283402e-01
 -1.1199346e+00
  2.4729702e+00
 -6.3909030e-01
  1.5970559e+00
  8.3491653e-01
  8.9546211e-02
 -6.5245134e-01
  7.5025028e-01
 -1.4580318e+00
  1.7592708e+00
  9.2028302e-01
 -1.7678118e+00
 -1.0466517e+00
 -4.7054651e-01
  1.1571782e+00
 -3.5153651e-01
 -1.2226399e+00
  1.1951721e+00
 -6.7484123e-01
  1.6888380e+00
  1.1527462e+00
 -1.9538339e+00
 -4.0972021e-01
 -1.6650496e-01
  1.5616441e+00
  7.1077609e-01
  1.2293894e+00
  8.6517888e-01
 -6.0326511e-01
  5.0007671e-01
 -3.4731574e+00
  1.9349325e+00
  1.0187861e+00
 -2.6732564e+00
 -2.9520750e+00
 -1.6347678e+00
  1.4535269e+00
 -1.1770725e+00
 -1.4881165e+00
 -2.3096876e+00
 -7.9317510e-02
  1.9094756e+00
 -2.6338539e+00
 -1.5358607e+00
 -1.7079954e+00
 -4.3276839e-02
 -8.3182287e-01
 -3.2062473e+00
  1.8659003e+00
 -1.4833070e-01
  2.8094943e+00
  4.6651572e-01
  1.7927340e+00
  2.5921762e+00
 -1.0969533e+00
 -5.1408686e-02
  1.3976760e+00
  9.5461637e-01
  6.1668658e-01
 -1.1006450e-02
  5.7091290e-01
 -1.4838432e-01
  1.3522093e+00
  3.7126216e-01
  1.2992375e+00
  2.2159619e+00
  3.2470587e-01
  2.6947939e+00
  1.0041859e+00
  2.0286379e+00
 -5.3491944e-01
 -2.4880998e+00
 -7.0376873e-01
  2.0429688e+00
  9.1416782e-01
  9.1587013e-01
 -6.1733139e-01
 -1.6829600e+00
  3.1806579e-01
 -2.6802495e-01
 -1.2146858e-02
  3.9528530e+00
  5.7935023e-01
  7.9484320e-01
 -1.2069702e+00
 -8.7257177e-02
 -3.9204651e-01
  3.8290247e-01
 -5.4358238e-01
 -8.7018532e-01
  1.2428272e+00
  7.4161232e-01
  1.1786373e+00
  2.9142799e+00
 -7.5567204e-01
 -1.1420006e-01
  2.6782813e+00
  5.1474410e-01
  2.5713289e+00
 -5.2349544e-01
  1.0051054e+00
  1.1554941e+00
  3.0752417e-01
  5.2412146e-01
  1.4207501e+00
  4.5488134e-01
 -1.6530746e-01
  8.2746935e-01
 -1.9194273e+00
  1.0006580e+00
  1.9417132e-01
 -1.7681049e+00
 -1.1280810e+00
  3.6990389e-01
 -2.5027380e+00
 -2.0725867e-01
  1.9077839e+00
  7.0137799e-01
  1.9665509e+00
  5.9722263e-01
 -2.3754194e+00
  1.1271293e+00
  1.8937643e+00
  1.6132076e+00
  6.2262762e-01
  3.2529209e+00
 -9.2568386e-01
 -1.5290227e+00
  8.4622461e-01
  1.3177632e-01
  2.7124944e+00
  3.7144962e-01
  1.1926999e+00
  1.1071341e+00
 -3.7860957e-01
 -1.3316700e+00
  3.6835220e-01
  4.5225024e-01
 -7.4025102e-02
 -1.1614331e+00
 -5.2174556e-01
  1.6462362e-01
 -4.4004405e-01
 -1.6865883e+00
 -2.0890497e-01
 -2.7428743e-01
 -4.9143046e-01
 -2.5957245e-01
 -5.5663550e-01
 -1.2639017e-01
 -8.8623293e-02
  2.4365804e-01
  3.1403425e-01
  3.1173599e-01
 -1.0991054e-01
  1.4343994e+00
 -1.1807159e+00
 -3.0885246e+00
  7.1551275e-01
 -2.1747041e-01
 -2.6162845e-01
 -2.3281865e+00
 -1.2117528e+00
 -2.3993480e+00
 -1.6206685e+00
  5.6585026e-01
 -1.3040670e+00
 -2.4881082e+00
  3.0326185e-01
 -1.3965111e+00
 -9.1261190e-01
  3.3901289e-01
  7.5292319e-01
 -6.8549061e-01
  4.2988010e-02
  5.8738095e-01
 -5.8693117e-01
 -1.4346063e+00
 -2.8173602e+00
  1.6908544e-01
  4.3131074e-01
 -2.5574261e-01
 -1.7921980e-03
 -1.0991814e-01
 -2.6678741e-01
 -7.0599264e-01
 -3.0261760e-03
 -9.5395917e-01
 -2.3500235e+00
 -4.5888245e-01
 -2.7107495e-01
 -1.9990499e-01
 -7.3152363e-02
 -4.5673740e-01
 -6.0930228e-01
 -1.1274827e-01
 -2.7565739e-01
 -1.4298155e+00
 -8.3858323e-01
 -6.3602287e-01
  2.0469517e-01
  4.2266300e-01
  1.7612705e-01
 -1.7655198e-01
 -1.5717316e-01
 -1.5785363e-01
 -8.6564898e-02
 -1.8019080e-01
  1.5248318e+00
  2.1807415e+00
 -1.2043983e+00
  1.7322669e+00
 -7.5833827e-01
 -5.2315062e-01
 -5.7763468e-02
 -1.6361219e-01
  1.5108532e+00
  2.0454326e-01
 -4.9422386e-01
  1.6971208e+00
  1.9968519e-01
 -5.1329494e-01
 -9.7701752e-01
 -1.8725668e-01
  2.4510374e+00
 -2.6254442e+00
  1.2460573e+00
 -1.7215524e+00
 -1.1172832e+00
  1.4640650e-01
  1.2672235e-01
 -1.2419462e+00
 -1.7944015e+00
  1.5989731e-01
 -3.6937120e+00
  2.8419294e+00
  3.2720320e+00
  4.6657139e-01
  2.0644462e-01
  6.7175752e-01
 -1.1574086e+00
  2.0216823e+00
  1.6607336e+00
  3.1760466e-01
 -2.6701558e-01
 -6.7766857e-01
  1.1105775e+00
  4.9649087e-01
  3.7364535e+00
 -2.3041680e+00
  3.2823656e+00
 -2.7042422e-01
 -1.9048280e+00
  6.6991234e-01
  5.4361790e-01
  8.1750578e-01
  1.4989358e-01
  2.5404423e-01
 -1.6198994e-01
  1.7871192e+00
  2.2036452e+00
 -6.0128647e-01
  3.0765620e-01
  7.5230747e-01
 -1.0950781e+00
 -9.4546521e-01
 -2.3325195e+00
 -4.4726133e-01
  1.0002320e+00
  1.9467061e+00
 -3.8318920e-01
 -4.9977146e-02
 -2.6598034e+00
  2.2423463e+00
 -4.4972843e-01
  3.6850700e-01
 -1.6051434e+00
 -1.0158128e+00
 -1.0280138e-01
  4.7298095e-01
  7.8801787e-01
 -1.8714801e+00
  5.7782155e-01
 -8.3762234e-01
  1.1017834e+00
  2.5852537e+00
 -3.7298179e-01
  1.7820711e+00
  2.1473539e+00
 -1.3867908e+00
  5.3416049e-01
  5.5320304e-02
  4.0483519e-01
 -3.4994709e-01
 -8.5565925e-01
  1.2103075e+00
  9.9451566e-01
  8.0110568e-01
  1.6364539e+00
  6.4750575e-02
  1.5686117e+00
 -2.2233777e-01
 -2.8517356e+00
 -2.0849155e-02
 -2.4952788e+00
  5.9690368e-01
 -8.7901598e-01
 -2.2498842e-01
 -1.4567004e+00
  2.1774732e-01
 -1.0292766e+00
 -3.1155550e+00
  4.9943948e-01
 -1.8948615e-01
 -1.1671587e+00
  3.2438836e+00
  3.4567386e-01
  1.8306931e+00
  1.3396873e-01
 -1.3618433e-01
 -3.2600540e-01
  1.4461330e+00
  1.2488339e+00
  2.9492922e-02
  4.7774971e-01
 -2.9521353e+00
  9.6136004e-01
  3.3027858e-01
 -1.2125037e+00
 -1.0327018e+00
  1.4975371e+00
 -1.3769427e-01
  6.1605042e-01
  1.6967727e+00
  1.3086599e+00
 -6.7111686e-02
  2.7194319e+00
  1.2299396e+00
 -2.1986048e+00
  1.4161232e+00
 -1.3077958e+00
 -1.8131242e+00
  5.8954114e-01
 -1.2103148e+00
  1.7106463e+00
 -2.8527572e+00
  1.5346114e-01
 -1.7655405e+00
 -2.8369105e+00
 -1.0220193e+00
 -2.7213168e+00
 -9.9139941e-01
  1.4925963e-01
 -3.1449643e-01
 -7.5865871e-01
 -7.0445949e-01
  4.7193804e-01
  2.4921269e+00
 -1.1364696e+00
 -1.2395027e+00
 -1.3882735e+00
  4.0445492e-01
 -8.8485324e-01
 -1.4815741e+00
 -1.4513966e+00
  2.8035428e-02
  1.3074695e+00
 -9.8222524e-01
  1.8246572e+00
 -1.7461442e+00
  6.4621103e-01
 -3.0673468e-01
 -1.4169343e+00
 -3.1929731e+00
 -7.3316842e-01
  2.6053171e+00
  5.3179073e-01
 -1.8100004e+00
  2.0840199e+00
 -1.2991273e+00
 -3.4704239e+00
  4.5696706e-01
  5.9291935e-01
  2.2248469e-01
 -5.2848476e-01
 -3.8040198e-02
 -1.6729598e-01
  4.0826222e-01
  2.9187651e+00
 -2.1507106e+00
 -6.5100586e-01
 -1.2820425e+00
  5.9338224e-01
  6.5704024e-01
 -3.1271710e+00
 -4.7184095e-01
 -4.9287944e+00
 -1.9391803e+00
 -9.3316627e-01
 -2.4031942e+00
  1.1073780e-01
  3.9286828e-01
 -7.0118505e-01
 -1.1431493e+00
  7.2371012e-01
 -1.0590421e+00
  1.7597866e+00
  8.5240477e-01
  2.7034385e+00
 -4.6202111e-01
  1.4956407e-01
 -1.4931212e-01
  1.9216494e-01
  1.2654036e+00
  9.7268867e-01
 -1.6056775e+00
  1.2930524e+00
 -2.3072488e+00
  1.5354265e+00
 -8.4406775e-01
  3.2152805e+00
 -1.6960464e-01
 -9.5703906e-01
  2.4681777e-01
 -6.7784369e-01
  7.4940014e-01
 -2.5028756e+00
 -3.0175915e+00
  1.1539347e-01
  2.5306717e-01
 -3.8772717e-02
 -5.3467226e-01
  1.1497926e+00
  5.9327608e-01
  1.3502860e+00
 -1.1233722e+00
 -1.2877042e+00
  6.9570553e-01
 -1.2989696e+00
 -1.5849055e+00
 -1.4599119e+00
 -1.1167095e+00
  9.3194431e-01
 -1.5606723e+00
  2.5994315e+00
 -1.2830752e+00
  1.1864725e+00
 -1.0797858e+00
 -5.7131510e+00
  1.6540102e+00
 -2.3790159e+00
 -1.2648852e+00
  4.0316200e-01
 -2.5318846e-02
 -1.3738372e+00
  5.5411375e-01
  2.1708701e+00
 -7.9669379e-02
 -7.1132928e-01
 -4.6717089e-01
  1.1286485e+00
 -2.0651674e+00
 -1.2979882e+00
  2.2252672e+00
  3.4550362e+00
 -2.2384660e+00
 -2.4515402e+00
 -3.0366662e-01
  1.4770634e+00
  6.9976658e-01
 -8.9141262e-01
 -4.6264734e-03
  7.9546398e-01
 -2.1509979e+00
  1.3772115e-01
 -1.2722296e-01
 -2.8640947e+00
  3.5532436e+00
 -6.8384418e-03
 -1.4778507e+00
 -3.1158555e-01
 -4.4624045e-01
  3.1185741e+00
 -1.7425835e+00
 -1.0786904e+00
 -3.3875309e-02
 -1.0609740e+00
 -1.8448640e-01
  9.6705221e-02
  4.5124725e-01
  1.2739357e+00
 -2.4869256e-01
 -3.7730269e+00
  1.4642298e+00
 -1.3154233e+00
 -1.9300846e+00
  3.2855430e-01
 -6.9978058e-01
  4.2845830e-01
  1.6440160e+00
 -1.2555432e-01
  4.7586885e-01
  1.6417282e+00
  6.5125203e-01
  3.2750785e-01
 -1.4364730e+00
 -9.3236279e-01
  2.3808794e-02
 -5.2815687e-02
  4.3762836e+00
  7.9766214e-02
  9.0420413e-01
  1.1034592e+00
  1.9298396e+00
 -7.7316010e-01
  1.3427646e-01
 -2.0584519e+00
  2.0660186e+00
  2.6001070e+00
  1.0172322e+00
 -5.4188663e-01
 -4.7874480e-01
 -1.1780139e-01
  9.9844739e-02
 -3.7369335e-01
  3.1326084e+00
 -4.7847003e-01
  1.4186944e+00
  1.3788227e+00
  1.0330436e+00
  1.6379385e+00
 -2.7445126e-01
  1.9888909e+00
 -1.4669677e+00
 -3.1953003e+00
  2.2881234e-01
 -1.5014623e+00
 -6.4038649e-02
 -4.8740521e-01
  1.2868575e+00
 -4.5800850e-01
 -3.1846330e-01
 -6.2295830e-01
  1.5954247e+00
 -5.1822752e-01
 -1.8094831e+00
  1.8296672e+00
  3.0040571e-01
  1.0504220e+00
 -9.7940880e-01
 -2.3996081e+00
 -1.1606215e-02
  4.9670926e-01
 -3.0309972e-01
  1.3440598e+00
  1.1709824e+00
 -3.7636879e-01
 -9.2364109e-01
  7.8961670e-01
 -8.9261866e-01
  7.5299615e-01
  7.7722597e-01
  1.2443660e+00
  2.0769546e+00
  1.8015021e-01
  6.1106037e-02
  5.3528881e-01
 -1.0274739e+00
  1.8532099e+00
  5.9836423e-01
  1.4587584e-01
 -6.0627764e-01
 -1.6215839e+00
  7.7635932e-01
  2.9905682e+00
 -1.1337830e+00
  1.9477757e+00
  5.5039167e-01
  1.8254129e+00
 -2.8381290e+00
 -2.0645723e+00
  9.2420943e-02
  3.3065140e+00
 -1.2610519e-01
  5.4478502e-01
  1.9507833e+00
 -2.5183294e+00
  1.3924092e+00
  3.2679319e-01
 -8.6867082e-01
  7.3867774e-01
  2.4534152e+00
  9.5390451e-01
 -9.7276044e-01
 -3.1023498e+00
  1.0299112e+00
  1.8459852e+00
  1.1509724e-01
 -1.5684727e-01
 -4.4755086e-01
  5.6185579e-01
 -2.0371706e+00
 -1.2567015e+00
  2.2253199e+00
 -1.3576989e-01
  3.2153311e-01
  7.3869824e-01
  1.7930971e-01
  1.8234268e-01
  2.1634628e-01
  4.2648333e-01
 -1.1798486e-01
 -1.9527490e+00
  1.1578430e+00
 -1.4727081e+00
 -2.3630097e+00
  7.8259575e-01
 -3.2025311e+00
 -8.0529612e-01
 -1.6714742e+00
 -4.7625378e-01
 -3.6876345e+00
 -6.4431334e-01
  1.0537262e-01
  6.3126409e-01
 -1.6067016e-01
 -1.3793445e-01
  2.9442523e+00
  8.9692366e-01
  3.3435369e+00
  7.9872477e-01
 -1.4577618e+00
 -7.5786161e-01
  1.1413629e+00
 -5.1745558e-01
  7.6795346e-01
  1.7025521e-01
  3.9077187e-01
  7.6486188e-01
  2.5583105e+00
  1.2515174e+00
  4.9797836e-01
 -7.4474074e-02
 -1.4641055e+00
 -3.4255807e-03
  3.5421298e+00
  1.0797472e+00
 -3.0238006e-01
  1.4022290e+00
  1.9161417e+00
  4.4531932e-01
  1.4868699e-02
  1.2752125e+00
  6.9303536e-01
 -2.4660335e+00
  6.1529201e-01
  9.0915763e-01
  3.1437297e+00
  1.4226490e+00
  1.8524338e+00
 -6.0660654e-01
 -9.9784279e-01
  2.1856763e+00
 -5.7683133e-02
 -6.3669568e-01
  4.5014635e-02
  4.3711130e-02
  1.2351134e+00
  1.1881852e+00
 -4.1465172e-01
  4.7492707e-01
 -8.7460774e-01
  2.4051964e-01
 -3.4175122e-01
  1.7940418e+00
 -2.9114574e-02
  6.9559073e-01
 -4.2030521e-02
  6.6696489e-01
  2.4505939e-01
  7.5182891e-01
 -8.7542504e-01
 -1.1098173e+00
  8.4275752e-01
  4.7269702e-01
  3.4803510e-01
 -9.1883594e-01
  5.4248683e-02
  5.0136983e-02
 -1.9651364e-01
 -1.2298784e+00
 -3.0733919e-01
 -4.9781048e-01
  2.5941199e-01
  2.8592128e-01
 -2.3956113e+00
 -1.2747860e+00
 -2.4474716e+00
 -1.6163417e+00
  1.8077568e+00
  1.4074825e-01
  1.4681940e-01
 -1.2910383e+00
  3.8588879e+00
  1.7110926e+00
  1.3304740e-01
 -1.7446697e+00
 -4.4079489e-01
 -5.3276134e-01
  7.3184902e-03
 -1.5415230e+00
  1.0525481e+00
 -1.4067211e+00
 -2.0330746e+00
  1.2302772e+00
 -1.6160586e+00
  1.0651251e+00
 -2.6038533e-01
 -1.5833641e+00
  1.8072761e+00
  3.5630431e+00
  6.7463452e-01
  1.2580305e+00
  2.1409051e+00
 -3.6087780e+00
 -2.6119804e+00
  1.8124280e+00
  3.4183890e-01
  3.7790939e-01
  3.4163778e+00
 -4.0783753e+00
 -4.2553413e-01
  1.3263102e+00
  3.5558817e+00
 -3.6218700e-01
 -2.6677082e+00
  1.4431669e+00
 -2.7311821e+00
 -1.8996364e-01
  1.6902854e+00
 -2.5321105e+00
  1.6022046e+00
 -2.3303258e-01
  1.1619411e+00
 -1.7033944e-01
 -1.2622479e+00
 -1.1016504e-01
 -3.1060543e+00
  2.1604009e+00
  1.7147772e+00
 -4.9080703e-01
 -7.1339190e-01
  2.0285251e+00
  1.8553834e-01
  1.3518908e+00
  6.9181567e-01
 -7.0245290e-01
  2.5442293e+00
  2.3431880e+00
 -8.0537158e-01
 -2.9618424e-01
  2.4895747e+00
  2.1459184e+00
 -1.9791317e-01
 -1.1971223e+00
 -1.3963451e+00
  2.6770341e+00
  2.1723828e+00
  9.7183335e-01
  2.4739866e-01
 -1.4330763e-01
  6.4096105e-01
 -1.9066387e-01
 -3.6203751e-01
  1.2090200e-03
  1.3046259e+00
 -6.0323495e-01
 -9.8454960e-02
 -1.8667213e+00
  1.2092178e+00
  9.0375435e-01
 -3.0851779e+00
 -1.4816862e-01
 -3.1182835e+00
 -8.4882945e-01
  7.0125318e-01
 -2.9357696e-01
  7.9871625e-01
  1.3394755e+00
 -6.0119951e-01
  1.3633292e+00
 -3.9694977e-01
  2.5243673e+00
  1.1787400e+00
 -1.3261890e+00
 -1.1885535e+00
 -5.6305939e-01
 -4.9194977e-01
 -4.7890279e-01
 -1.5889394e+00
 -1.1562120e-01
 -5.4402459e-02
  1.0119462e+00
  4.0800399e-01
 -7.9339135e-01
 -1.2813489e+00
  2.0055625e+00
  1.6856613e+00
 -1.3075217e+00
  1.8973920e+00
 -1.5959771e+00
 -5.8382058e-01
 -1.4699376e+00
  9.8410010e-01
 -2.4506404e+00
 -3.0330930e+00
  5.5349074e-02
  6.5483540e-01
 -1.8460723e+00
  1.1580921e+00
  2.0115621e+00
 -2.9222418e-02
 -7.6695681e-01
  7.6525140e-01
  3.5902032e-01
  2.5614603e+00
 -1.0747935e+00
  3.5256305e-01
 -9.5506477e-01
  1.9262989e+00
  6.6044681e-02
  3.0584335e+00
 -2.9652572e-01
 -5.9668303e-01
  2.2383094e-01
  6.0031503e-01
  5.2350777e-01
 -3.2589909e-01
  2.5260465e+00
  1.0390723e+00
  7.4220145e-01
  1.3572836e+00
  1.1383697e+00
 -3.5682285e-01
  1.4345454e+00
  4.8805296e-01
 -2.7778280e+00
  1.3752264e+00
 -1.5756154e+00
 -3.2983649e-01
 -1.5707254e+00
 -3.4888089e-01
 -1.2772201e+00
  7.1276027e-01
 -2.5275683e+00
  2.1600336e-01
 -5.3465813e-01
 -1.8986212e-01
 -1.0450517e-01
 -1.6679454e+00
  6.2939930e-01
  8.0719876e-01
 -1.3743751e+00
  2.1575272e+00
 -1.6060849e+00
 -7.1153158e-01
  1.3000431e+00
 -1.2483250e+00
  1.4302620e-01
 -1.4734881e+00
 -7.1204968e-02
  1.5335082e+00
 -7.5876278e-01
 -1.9227487e-01
 -1.2588986e+00
  2.6385345e+00
  3.1637886e-01
  1.1178029e+00
  1.8903588e+00
 -1.3303530e+00
  1.9215072e+00
  3.5879469e-01
  3.6022768e+00
  1.1185392e+00
  1.3650045e+00
  1.1700349e+00
  4.2758211e-01
  2.1535288e-01
  1.5347232e+00
  1.1847336e+00
 -3.9900315e-01
 -1.5129927e+00
 -1.5845424e+00
  1.7088377e+00
  3.2767901e-01
  3.6168861e-01
  7.8708553e-01
 -3.1071904e-01
  2.7100806e+00
  8.4687364e-01
 -3.0744326e-01
  9.1775399e-01
  8.3535683e-01
  4.5212910e-01
  1.3799199e+00
 -6.5397166e-02
 -1.6769865e-01
 -1.2381141e+00
  4.5234933e-01
  2.9518092e-01
  7.5433773e-01
 -2.4147058e-02
 -4.5252386e-01
 -8.3002694e-02
 -4.4972780e-01
 -2.3035822e+00
 -1.2221323e+00
 -4.1641645e+00
  1.6843596e+00
 -2.3140611e-01
  7.4762654e-01
  3.0373028e-01
  3.7315139e-01
 -1.9091913e+00
  9.2499232e-01
 -3.4415073e+00
  3.5186890e-01
  2.1051509e+00
 -1.6669137e+00
  2.5840907e+00
 -1.0994800e+00
  3.7009521e+00
  3.3137172e-02
 -2.0493720e-01
 -1.2372071e+00
  2.8566504e-02
  4.1018179e-01
  1.0577819e-01
  5.7567429e-02
 -1.2343452e+00
  2.2565777e+00
  1.8509755e+00
 -2.1572126e-01
 -2.4512405e+00
 -1.1947070e-01
  2.2274998e-01
 -6.8911076e-01
  1.6211311e+00
 -8.9499384e-01
 -1.1367689e+00
 -1.4184581e+00
 -2.1905916e+00
 -2.1625856e-01
  2.6192200e+00
  3.5828802e-01
  1.2258701e+00
  3.6994390e+00
 -2.4427536e+00
 -2.4873648e+00
  5.7858696e+00
  4.6912566e-01
 -1.1224419e+00
 -2.5321156e-01
  2.1038334e+00
 -3.3506110e-01
 -4.0787539e-01
 -1.7860088e+00
 -2.3952656e+00
 -1.0619392e+00
  2.0220714e+00
  1.4177310e+00
  1.7997751e+00
 -9.1876376e-01
  1.1653413e+00
  9.6855479e-01
  3.2916504e-01
 -1.7584978e-01
  2.1588020e+00
 -7.6465780e-01
  3.6686832e-01
 -7.6101571e-01
  1.0723727e+00
  1.5334597e+00
  1.2997966e+00
  1.1931715e+00
 -4.6329217e+00
 -1.0218120e+00
 -2.0027194e+00
 -3.1264338e+00
  1.2564034e+00
 -3.5591346e-01
  9.6899092e-01
  2.0514400e+00
 -3.7308290e+00
  4.2608419e-01
 -1.1630832e+00
  1.6482607e+00
 -1.1542410e-01
 -2.3825443e+00
 -9.1943896e-01
  1.7884322e+00
  7.6860124e-01
  6.5785426e-01
 -3.3518156e-01
 -8.9793241e-01
 -3.9145046e-01
 -3.2360309e-01
  2.2051835e+00
  1.6460879e+00
  8.9786696e-01
  1.6974370e+00
  1.1925489e+00
 -6.6136032e-01
 -2.6261554e+00
 -5.4687929e-01
 -1.3115236e+00
  2.4651029e+00
 -1.9649558e-01
 -4.6000487e-01
  3.0713680e+00
 -4.3275379e-02
 -1.8943435e-01
  8.1400132e-01
 -1.5455060e+00
  3.1710079e-01
  1.2828945e+00
  1.6381353e+00
  1.6434480e+00
  1.5909258e-01
  7.8992426e-01
  5.8208883e-01
 -1.5549110e+00
 -1.9999981e+00
 -4.8769864e-01
  2.0036204e+00
 -5.4984031e+00
 -1.2425452e-01
 -6.2834221e-01
  2.2517009e+00
  2.6038971e+00
  8.4773141e-01
  1.9471029e+00
 -5.0775784e-01
  2.1901870e-01
  2.3471198e+00
 -1.5453109e+00
  8.9136058e-01
 -1.3631333e-01
 -3.3561904e+00
  1.8197211e+00
  2.3962996e+00
 -2.0861831e+00
  8.7586355e-01
  3.3335233e-01
  2.4876547e+00
  1.1474879e+00
 -6.2320787e-01
  1.2274343e+00
 -2.9463303e+00
  4.9275535e-01
 -1.7875390e-01
  1.4060639e+00
  2.4532790e-01
  1.8348259e+00
  1.5622540e+00
  1.1837479e+00
 -2.2287658e-01
  1.1488002e-01
 -1.3911051e+00
  2.4996367e+00
 -1.1057171e+00
  1.9932749e+00
  7.6516604e-01
 -8.4512961e-01
  1.8333192e-01
  4.0209503e+00
  8.0502313e-01
 -8.9615268e-01
  1.1331428e+00
 -4.8778886e-01
 -1.0095624e+00
  3.0672419e+00
 -1.7066572e+00
  2.3061104e+00
 -1.9569222e+00
  2.2291918e+00
 -1.2861711e+00
  8.7107390e-02
  1.8065308e+00
 -1.3437226e+00
  1.1334912e+00
  1.9521886e+00
  3.5164182e+00
 -1.4277848e+00
 -1.0363595e-02
 -1.5997417e+00
  3.4627032e+00
  6.9831961e-01
 -1.1903082e+00
  7.5850040e-01
 -1.9505562e+00
 -1.4992024e-01
 -1.9289889e+00
  1.2681173e-01
 -2.1670392e-01
  2.2511175e+00
  1.9534278e-01
 -6.5997159e-01
 -9.0169203e-01
 -1.0202658e+00
 -1.9497973e+00
  1.3290154e+00
 -6.1063820e-01
 -1.2958648e+00
  3.4151340e+00
 -1.5583177e-01
 -1.3414289e-01
  1.8712311e+00
 -4.7170429e+00
  2.0539469e-01
  1.1164017e+00
 -1.1999232e+00
 -5.6748576e+00
  4.8423676e+00
  4.9471879e-01
 -1.3890334e+00
  1.8458045e+00
  7.0420012e-02
  5.9136009e-01
 -4.0134631e-02
 -2.9504386e-01
  3.2265344e-01
 -8.1949192e-01
 -1.3489960e+00
  1.1548746e+00
  1.0588104e+00
 -1.3754960e+00
 -9.0545785e-01
  3.2793179e-01
 -5.2528113e-01
  3.8710496e+00
  5.5732077e-01
  8.3343375e-01
  1.3773595e+00
  1.3624339e+00
 -7.6673418e-01
  4.4019797e-01
 -6.6417885e-01
 -1.7731239e+00
  2.8037784e+00
 -2.5292943e+00
  1.9959992e+00
  3.0016029e-01
 -3.3407706e-01
 -2.7392139e+00
 -8.6750138e-01
 -3.0579228e+00
  2.0274308e+00
  1.0245037e+00
 -1.8267689e+00
 -5.9644780e+00
  3.1369958e+00
 -2.0539110e+00
 -4.4133666e-01
  2.7210438e+00
 -4.2977542e-01
 -3.0305786e+00
  7.8166991e-01
 -4.0554434e-01
  2.1439527e-01
 -2.4828107e+00
 -1.4553393e+00
 -2.7592844e-01
 -2.9976051e+00
 -1.2524314e+00
 -1.9888297e+00
  2.0791106e+00
  5.3268188e-01
 -2.1012512e-01
 -2.3121657e+00
 -1.8561651e+00
  1.4880116e+00
  3.9727676e-01
 -2.0973961e+00
  2.2909520e+00
  6.4292598e-01
 -9.6719706e-01
 -5.7938772e-01
  4.7778207e-01
 -1.8971087e+00
  3.0372256e-01
  1.9003818e+00
  1.1486813e+00
 -1.1929374e+00
 -2.0841568e+00
 -9.1145849e-01
  4.5659983e-01
  2.7541933e+00
  7.1178532e-01
 -1.6080705e+00
  1.6756433e+00
 -1.9323308e+00
  8.2092744e-01
  1.3000062e+00
 -2.1098614e+00
 -1.0534934e-01
 -5.6365860e-01
  8.3143455e-01
  1.9675665e+00
 -2.7438266e+00
  2.4591622e+00
 -2.6985341e-01
 -5.9791446e-01
  3.0437441e+00
  1.6246494e+00
  3.8034992e+00
 -2.9795585e+00
  2.0391755e+00
  2.0741584e+00
 -1.0180556e+00
  8.6039168e-01
 -1.7703375e-02
  1.3270706e+00
  1.2683488e+00
  1.5733705e+00
 -8.2512110e-01
  7.2512174e-01
  7.8779829e-01
  2.0095408e+00
  1.2857126e+00
 -6.8631208e-01
  4.2154446e-01
  1.3797016e+00
  5.4907101e-01
  2.2232580e-01
  1.5786178e-01
 -7.5861436e-01
  6.8848175e-01
  1.8722835e+00
  1.7985965e+00
  1.3771912e+00
 -1.7947388e+00
  2.3815391e+00
  7.3984283e-01
 -4.6795096e-02
  2.1989009e+00
 -1.0187730e+00
  3.6808416e-01
  2.9786320e+00
  1.5835347e+00
  2.8569573e-01
  7.0145237e-01
 -1.0787596e+00
 -3.8581279e-01
  1.9119339e+00
  1.8416517e+00
 -8.2351363e-01
  8.9468706e-01
  4.1220376e-01
  1.8429840e+00
  2.4182999e+00
 -5.2972704e-01
 -1.6384239e+00
  8.1360334e-01
  2.7798447e-01
 -1.7721286e+00
 -1.5201351e-01
 -1.1840996e+00
  1.3229556e+00
  6.5761882e-01
  1.7582213e+00
  1.3409837e+00
  1.1718185e+00
 -5.7848459e-01
 -1.7192006e+00
  1.0490580e+00
 -7.3995334e-01
 -1.6694278e-01
  1.7145826e+00
 -5.2118182e-01
 -8.4651977e-01
  1.7618593e+00
  9.8131561e-01
  1.1607288e+00
  7.8562784e-01
 -2.6473396e+00
  2.0545580e+00
 -2.0312114e+00
  1.3868518e+00
  2.0270438e+00
  2.4958446e+00
  1.4125383e+00
 -7.7894315e-02
 -1.3051697e+00
 -1.1046156e+00
  2.3600776e+00
 -6.5492743e-01
 -1.5842170e+00
  2.9481336e-01
 -9.1716224e-01
 -1.3305757e+00
  5.5994779e-01
 -7.5826359e-01
 -4.8596823e-01
  3.2588157e-01
  1.9546664e+00
  3.6057305e+00
 -3.1019282e-01
 -1.5477084e-01
 -2.8335812e+00
 -2.7557776e+00
  2.2648090e-01
 -1.7997415e+00
  3.0740178e+00
 -5.3526383e-02
  2.0513735e+00
  1.5745479e+00
  7.6546752e-01
 -1.1396277e+00
 -7.9378599e-01
 -3.1329837e-02
 -1.7288396e+00
 -2.1833427e-01
  8.8891912e-01
 -3.8712278e-02
  1.5304608e+00
  2.5913370e-01
 -1.0339974e+00
 -9.9502027e-01
  6.4465368e-01
  2.3270212e-01
  1.3287002e+00
 -6.9547817e-03
  3.5988834e-02
 -4.4073275e-01
 -6.4617670e-01
  4.9833271e-01
 -4.7688119e-02
 -2.0586273e-01
  6.9064432e-01
 -9.4197714e-01
 -4.0033123e-01
 -6.9259331e-02
  1.5752001e+00
  1.0434083e+00
  1.3292269e+00
  3.1843179e-01
 -2.5138491e-01
  9.7448426e-01
 -3.5202146e-02
  2.1201112e+00
  2.7690668e+00
 -5.0497156e-01
  3.3590107e+00
  1.4506796e-01
 -4.6790695e-01
 -1.6508411e+00
 -5.0408500e-01
 -1.3227845e+00
 -3.0730655e+00
  1.1562104e+00
 -1.0743802e+00
 -1.2549256e+00
  6.8649612e-03
 -1.1006621e+00
 -1.4590216e-01
  1.2379686e+00
 -5.5013120e-01
 -4.9530468e+00
  1.1950294e+00
  6.3514495e-01
  2.8288577e+00
  7.3005086e-01
 -2.1607456e+00
  4.3233913e-01
 -6.3581246e-01
 -2.3822761e+00
  1.7160017e+00
 -3.7243387e-01
  1.0323800e+00
  1.8725563e+00
  6.0786057e-01
 -1.3121733e-01
 -1.1805215e-01
 -5.9480625e-01
 -1.2164348e+00
 -1.3272729e+00
  1.3580437e+00
  1.1697255e+00
  2.4550295e+00
 -3.1031561e+00
 -8.1566054e-01
  4.8067589e+00
  8.7469834e-01
  9.5130789e-01
 -1.0220481e+00
  1.5987177e+00
 -2.1752727e+00
 -1.5109715e+00
 -1.8749768e+00
  1.6783613e-01
  7.4189246e-01
  1.7827665e+00
 -6.3367689e-01
  7.3226131e-02
 -5.6796163e-01
 -4.6167679e+00
 -1.1550975e+00
 -1.2465096e+00
 -2.2725148e-01
 -6.5073520e-01
  7.1862262e-01
 -4.5811543e+00
 -5.1959074e-01
 -1.1399831e+00
 -1.0578500e+00
 -1.0579312e+00
  7.4367505e-01
  2.0988691e+00
  1.9227989e-01
  1.6410203e+00
  1.2244328e+00
  1.5789382e+00
  4.5474091e+00
 -1.1566730e+00
 -1.4395498e+00
  2.7727988e-01
  9.3296522e-01
  8.6433450e-03
  1.5175474e-01
  1.1222800e+00
  2.0911551e+00
  3.5900829e+00
  1.7432289e+00
 -2.2303829e+00
 -7.0888746e-01
  5.2377939e-01
 -7.5360006e-01
  2.1012185e+00
 -6.3258165e-01
 -1.3310952e+00
  3.9215076e-01
 -5.9359133e-01
  1.5573090e+00
 -2.3283963e+00
  1.7753025e+00
 -1.4518784e+00
 -2.6879714e+00
  2.0890925e+00
  6.2942278e-01
 -9.4523907e-01
  2.1131616e+00
  1.3456969e-01
 -5.8640212e-01
  4.5180139e-01
  2.5458348e+00
 -8.6467010e-01
  9.0588832e-01
 -2.5784028e+00
  2.9764211e+00
  1.1070532e+00
 -9.2880380e-01
  2.8221644e-02
 -6.6206150e-02
  2.9887891e-01
 -9.2525786e-01
  2.6320119e+00
 -1.6633089e+00
  1.8172956e+00
  7.3134595e-01
  1.2860801e+00
 -3.4105027e+00
 -9.5197707e-01
 -3.2208200e+00
 -1.8471506e+00
 -3.2991329e-01
 -8.8344473e-01
 -7.0835835e-01
 -4.8163638e-01
 -6.3597995e-01
  2.0182835e-01
 -6.1596560e-01
 -3.9137690e+00
 -2.6056581e+00
  3.3081970e-01
  2.2047656e+00
  1.1634963e+00
 -2.7241457e-01
 -8.7288815e-01
  4.6953553e-01
 -1.5132556e+00
 -8.0097026e-01
 -2.7054298e+00
 -9.8333657e-01
 -1.4421327e-01
  3.1569910e+00
 -2.9935241e-01
 -7.0739919e-01
 -1.1036528e+00
 -1.4870126e+00
 -5.8323574e-01
 -6.4254189e-01
  8.2831848e-01
 -1.1808534e+00
  1.9622657e-02
  2.2308378e+00
  6.0765707e-01
 -1.7083956e+00
  1.4067180e-01
  1.8619262e-01
 -6.4427239e-01
 -1.9672266e+00
  1.2809248e+00
 -1.0290188e+00
 -1.0354304e+00
  2.9434291e-01
  2.4702992e+00
  3.9712113e-01
  1.1458615e+00
 -1.9300018e-01
 -4.6828426e-02
  1.5105654e+00
  3.0769724e-01
  4.0925160e-01
 -7.8428015e-02
  1.6332465e+00
 -4.2789647e-01
 -1.2594064e+00
 -1.9687688e+00
 -7.8685367e-01
  2.4219773e+00
 -7.0686746e-01
 -2.5249040e-01
 -3.1691003e+00
  1.0049554e+00
 -9.3833143e-01
 -5.5613983e-03
  2.2655097e-01
  1.9461180e+00
 -3.6200318e-01
  1.5857006e+00
  1.7129937e+00
 -9.8974115e-01
 -3.9822133e+00
  7.9574335e-01
 -4.1519582e-01
 -3.9462388e-01
  3.0324397e+00
  1.1519077e-01
 -1.0865588e+00
  2.1717234e+00
  4.5922819e-01
 -1.2331014e+00
 -1.1050204e+00
 -4.2966528e+00
 -1.8942159e+00
 -1.5831907e+00
  3.3065042e+00
  3.1384676e+00
 -2.5117720e-02
  3.7562653e-01
  1.7435094e+00
 -4.7551593e-01
 -1.0184450e+00
  1.4491848e+00
  1.8358248e+00
  1.6908598e+00
  2.7608321e+00
  3.9324623e-02
  8.0064958e-01
  2.7233279e+00
 -2.8778307e+00
 -1.7310773e-01
  6.1444443e-01
 -2.1450758e+00
 -4.0245610e-01
  6.4106011e-01
  4.2738801e-01
  1.0903758e+00
  1.8476443e+00
  3.2806721e-01
  3.4017321e-01
  1.5811337e+00
 -1.2368368e+00
 -1.7799947e-01
 -5.4325956e-01
  8.1090951e-01
 -4.6146160e-01
 -1.5312450e+00
 -1.9190800e+00
 -3.5911211e-01
  3.1750441e-01
  1.8331126e+00
  1.2156712e+00
 -3.9085958e+00
  8.9378762e-01
 -9.4761401e-03
  1.8899654e+00
 -9.9929422e-01
  1.1211122e+00
 -4.9093974e-01
 -1.4140319e+00
  1.6270914e+00
  1.5468808e+00
  2.3519623e+00
 -4.5838985e+00
 -2.1863416e-01
 -1.6307954e-01
  8.5363764e-01
 -2.0073857e+00
  4.3748708e+00
 -3.1545588e-01
 -2.2749708e+00
 -3.0506251e+00
  1.6476289e+00
 -2.3113899e+00
 -2.8472748e+00
  2.6326425e+00
 -1.9971213e+00
  1.1432265e+00
 -1.7577090e+00
  2.1859508e+00
 -1.7659729e+00
  5.9740686e-01
  6.9306260e-01
  1.0935786e+00
 -1.4047836e+00
  4.1817915e-02
 -9.1411221e-01
 -3.5231784e-01
  2.1174806e-01
  1.4260119e+00
 -9.2517424e-01
 -6.2322253e-01
 -1.6784087e+00
 -1.8306561e+00
 -3.2709014e+00
 -1.1235360e+00
 -8.8815713e-01
  1.2840333e+00
 -9.3044859e-01
 -1.1486202e+00
 -1.5092945e+00
 -3.0244040e+00
 -1.5403917e+00
 -1.6989648e+00
 -1.1190065e+00
  2.4045129e-01
 -4.5302875e-02
  1.3806893e+00
 -1.0223671e+00
 -2.9474387e+00
 -1.3776525e+00
 -4.6042237e-02
 -5.1162821e-01
  1.9915775e+00
 -2.5394654e+00
  6.8359762e-01
  8.9625400e-01
  9.1763902e-01
 -8.6925405e-01
 -2.5058544e-01
 -1.4808097e+00
 -1.2803602e+00
  1.5017589e+00
 -2.4808524e+00
 -2.5342238e-01
  1.1359082e+00
 -2.9675496e+00
 -1.2996551e+00
 -9.7535759e-02
 -7.9199171e-01
 -6.1899561e-01
  4.7850600e-01
 -1.7717052e+00
 -1.4246781e+00
 -7.4224162e-01
 -1.2108674e+00
 -1.8210129e+00
  4.7552955e-01
 -4.3548301e-01
  4.1481972e-01
  1.4363570e+00
  4.2691502e-01
  1.4209170e+00
 -1.0009047e+00
 -1.7179451e+00
  4.4291314e-01
 -1.7322765e-01
  9.2112893e-01
 -4.1829225e-01
  1.0564854e-01
  1.9952680e+00
  1.8985031e+00
 -1.9161693e+00
 -5.6695080e-01
  6.4695157e-02
  2.7901125e+00
  1.1928806e+00
  2.4032688e+00
  5.8525008e-01
 -2.6752312e+00
  8.0823410e-01
 -1.1582619e+00
  1.9388272e-01
  8.9138132e-01
 -3.1023145e-01
 -2.3717241e+00
 -2.2533219e+00
  5.4138494e-01
 -1.1938468e-01
  1.0734570e+00
  1.9377182e-01
 -4.0300533e-02
  3.5679388e+00
  2.5713429e-01
 -1.3275903e+00
  1.7326005e+00
  1.3519281e+00
 -1.0765431e+00
 -1.6243238e+00
  1.9549738e+00
 -1.6951147e-01
 -2.2381216e-01
  7.6063776e-01
  1.2595093e+00
 -3.5510966e-01
  8.3899446e-02
 -5.6799197e-01
  1.7734459e-01
 -4.5138884e-01
  1.7702432e+00
 -5.8270979e-01
 -1.8306090e+00
  6.7622656e-01
 -6.0998064e-01
 -7.2601360e-01
  5.1362073e-01
 -3.3859401e+00
  1.7678771e+00
  2.2641757e+00
 -1.7882655e+00
  3.2840705e-01
  6.9048158e-03
  1.8915169e+00
 -3.7559429e-01
  8.1100887e-01
  1.4940584e-01
  1.4820994e+00
  2.6408050e+00
 -1.8690740e+00
  2.3206701e+00
  1.1464813e+00
 -2.0601480e-01
  3.0090997e+00
  4.8482615e-01
  2.6603571e-01
 -7.3354304e-01
  1.9785701e+00
  1.7022581e-01
 -1.4415671e+00
  7.1017474e-01
  1.2272191e+00
 -1.1747129e+00
  1.8397021e+00
  8.8041675e-01
 -7.0560610e-01
  1.2517672e+00
 -1.6639243e+00
 -1.5450235e-01
  2.9766980e-01
 -2.0015183e-01
 -8.5605949e-01
  4.0359564e+00
 -4.4713551e-01
  1.2235076e+00
 -7.9187411e-01
 -5.2133387e-01
  2.3901176e+00
 -3.3836684e+00
  6.3890737e-01
  9.5421553e-01
  1.2918217e+00
  2.4113707e-01
  1.4704266e+00
  1.2354480e+00
  5.0592297e-01
 -9.7239447e-01
 -1.1988400e+00
  2.5696819e+00
  3.2583032e+00
  3.2420683e+00
 -8.3301252e-01
  8.4011972e-01
  1.3138803e+00
  2.7231543e+00
  2.3542395e+00
  4.5699711e+00
  4.2255101e+00
  3.6010870e-01
  2.9525928e+00
  7.9711330e-01
  1.4136873e+00
  4.1228433e+00
  3.8024824e+00
  2.3678639e+00
  2.6428647e+00
  3.3069234e+00
 -8.0006391e-01
  1.9729918e+00
  1.7412673e+00
  2.0173068e+00
  1.7614037e+00
  1.7544261e+00
  4.0384960e+00
  1.3334178e+00
  3.8118751e+00
  1.3038598e+00
 -2.4239869e+00
  1.6027735e-01
  1.0602143e+00
  1.6672119e-01
  1.6235688e+00
  9.6762592e-01
 -5.4429311e-01
  1.4744724e+00
  5.1345366e-01
  1.4107509e+00
 -6.2166047e-01
  3.4870034e-01
 -5.9317672e-01
 -4.9429522e+00
  1.3329225e+00
  1.2664279e+00
 -2.3470728e+00
 -1.4828405e+00
  1.0684165e+00
  1.3446043e+00
 -1.0395364e+00
  2.0018005e+00
  6.6292429e-01
 -4.4786543e-01
  1.6436949e+00
  5.8454728e-01
  1.5268815e+00
  1.3253362e+00
 -2.6897252e+00
 -1.4049827e+00
  7.1365112e-01
  6.2917197e-01
  1.3678793e+00
  1.7138250e-01
 -5.6875938e-01
 -1.0332822e+00
  5.1421695e+00
  2.0191398e-01
 -2.7488151e+00
 -2.0779574e+00
  1.6541332e+00
 -2.1250513e+00
  1.4903560e+00
  1.4180154e+00
 -1.1422334e+00
 -5.6512290e-01
 -1.0360962e+00
 -3.4939232e-01
 -9.8718309e-01
 -1.9756168e-01
 -1.0405767e+00
  5.3503442e-01
 -3.7092317e-02
  4.6392322e+00
  3.3928223e+00
  4.8535380e-01
 -1.2724543e+00
  1.3223672e+00
 -2.1479876e+00
  1.5463018e-01
 -1.8372539e+00
  4.6613935e-01
 -8.4028119e-01
  1.3466178e-01
  1.2959987e+00
 -8.5630536e-01
 -1.3530927e+00
 -1.4386954e+00
 -7.9134721e-01
 -4.6919474e-01
  1.6742353e+00
 -1.7377924e+00
  1.2725196e+00
 -1.3530636e+00
 -4.0136307e-01
  1.3072274e+00
  1.0216615e+00
 -5.3333044e-02
  1.0716814e+00
  3.8648535e-02
  5.1331401e-01
  5.3309131e-01
 -1.1933794e+00
  2.2235225e-01
 -8.1692553e-01
 -1.7718065e+00
  1.7168459e+00
 -3.4068525e-01
  4.6869820e-01
 -2.3312225e+00
 -2.6496937e+00
  6.8777215e-01
  1.3181756e+00
 -2.8454702e+00
 -1.5452717e-01
  3.5257708e-02
 -7.7734333e-01
  1.8090006e+00
  1.2465521e+00
 -1.2769824e+00
  8.1734377e-01
  1.1241751e+00
  4.1943204e-02
  1.8166019e-01
  2.3656139e+00
  8.8665289e-01
  1.7557800e-02
 -8.6761343e-01
  7.7574873e-01
 -8.1736010e-01
  1.2825121e-01
  4.8319654e+00
  2.0416052e+00
  8.1002736e-01
 -3.3927495e+00
  2.6700068e-01
 -4.2789497e+00
 -1.2927061e-01
  3.5341939e-01
 -8.1005377e-01
  4.6035737e-02
  1.9345012e+00
  5.0969332e-01
 -7.1865755e-01
 -3.1901011e+00
  2.8522003e-01
  5.9784633e-01
 -2.3898392e+00
 -2.9265916e+00
 -2.5976175e-01
 -1.4112574e+00
 -9.4507414e-01
  1.1636574e+00
  5.5004853e-01
 -5.9622961e-01
 -1.8810973e+00
  3.5859010e+00
  8.7138343e-01
  2.3566949e+00
  4.3200195e-01
 -2.5633578e+00
  1.6607084e+00
  2.6855001e+00
  2.9401734e-01
 -1.8219526e+00
 -7.5095862e-01
  1.3802130e+00
 -1.0746205e+00
  1.1885310e+00
 -2.0488741e+00
 -2.5540012e-01
  2.3217866e-01
  1.1255230e+00
  2.4336798e+00
 -1.0174272e+00
  6.5329349e-01
  1.5764194e+00
  1.7348841e+00
 -1.0981261e+00
  2.6407775e-01
 -2.7360779e-01
 -4.5566595e-01
 -4.7530654e-01
 -1.0455328e+00
  1.9548520e+00
  1.4399022e+00
 -3.2200623e+00
  1.2325759e+00
 -1.3092873e+00
 -7.9636508e-01
 -1.7774408e+00
 -5.7722175e-01
  1.1092190e+00
  3.9499679e-01
 -1.6618918e-01
  1.5712181e+00
  1.6991503e+00
  4.0514646e+00
  4.1111287e-01
 -2.2553427e+00
 -8.4289730e-01
  2.6570183e-01
 -8.6208075e-01
 -2.0576282e+00
  1.2134515e+00
 -3.2649332e-01
 -1.4713392e+00
 -8.1009895e-02
  8.3479315e-01
 -8.5293293e-01
  6.5419668e-01
 -9.5845175e-01
  1.3811767e+00
  1.2334435e+00
  4.6419728e-01
 -3.8110027e+00
 -3.8663644e-01
 -1.4426103e-01
 -6.2988794e-01
  1.6873291e-01
  3.7937826e-01
  2.1537247e+00
 -1.1326216e+00
  4.3445683e+00
 -6.9547862e-01
 -1.3817212e-01
 -7.8068471e-01
 -6.2545323e-01
  3.4877396e-01
  1.6495496e+00
 -1.6159906e+00
  1.1349542e-01
  8.7445790e-01
 -3.4438343e+00
 -1.8575003e+00
 -8.6780858e-01
 -8.3613294e-01
  9.1521031e-01
  5.6217527e-01
  9.3930203e-01
  4.7032925e-01
 -5.4605870e+00
  8.9791405e-01
  1.2355922e+00
  2.1343439e+00
  2.0403552e+00
  1.3810258e+00
 -1.3822861e+00
 -2.4236310e+00
 -6.0007399e-01
 -1.9070475e+00
  9.4107491e-01
 -1.1115811e+00
  9.4007373e-01
 -1.7685375e-01
  4.6165853e+00
  1.1732996e+00
 -2.7051601e+00
 -4.5763448e-01
 -1.0569664e+00
  4.6612835e-01
 -1.6957018e+00
 -8.8012457e-01
 -1.3188994e-01
  2.1948330e+00
  1.1540183e+00
  1.5742314e-01
 -5.7017577e-01
  5.6405574e-01
 -5.9212291e-01
 -1.7783338e+00
  4.5687491e-01
  1.8371912e+00
  2.4665835e+00
  1.7660004e+00
 -8.7747413e-01
  9.2434299e-01
 -1.0424622e+00
 -8.4218282e-01
 -1.3207647e+00
  3.8771453e-01
  8.2387716e-01
  1.6188946e+00
 -3.9375263e-01
 -6.1522537e-01
  1.8728271e+00
 -1.0015697e+00
  8.2005346e-01
  1.2394537e+00
 -1.2338059e+00
 -2.8912554e+00
 -3.5584846e-01
  2.2498558e+00
 -1.9378519e+00
  1.1055559e+00
 -9.3094552e-01
 -5.8300686e-01
  4.1905398e+00
 -1.7359145e+00
 -4.3522245e-01
 -7.1479541e-01
  4.0842509e-01
 -4.3231860e-01
 -3.8411722e-01
 -2.1810877e+00
  1.4925100e+00
  3.3697844e-01
  5.5380082e-01
  2.7398305e+00
  3.7234139e-01
 -2.8041410e+00
  5.8924729e-01
  1.6098037e+00
 -1.3210318e+00
  7.6994359e-01
  1.5373138e+00
  1.2023082e+00
  1.8626679e+00
  6.6187602e-01
 -9.2688012e-01
 -2.4624622e+00
 -6.4584690e-01
  6.4454329e-01
 -1.2925533e+00
  3.3481970e-02
 -7.8348708e-01
 -8.2627624e-01
 -1.5239071e+00
 -5.5848107e+00
 -2.0686269e+00
 -1.6279034e-01
 -1.5212544e+00
 -3.4765193e-01
  2.6986131e-01
 -1.1082630e+00
  1.8729938e+00
 -8.3718914e-01
 -1.4077878e+00
 -5.2526206e-01
 -1.1117324e+00
  1.1097276e+00
  4.5189062e-01
 -1.2816760e-01
 -1.7296329e+00
  2.7829549e-01
  7.6946640e-01
 -2.0378282e+00
 -1.8370208e+00
 -5.8621545e-03
 -1.7445970e+00
  3.0901164e-01
 -3.6092386e-01
 -2.4197395e+00
  1.3729179e-01
 -2.9132057e-02
  2.9727560e-01
 -1.5619481e+00
 -5.3404737e-01
 -1.0119887e-01
 -1.1958934e+00
 -2.8502744e-01
  5.0520909e-01
 -1.2089612e+00
 -1.2902774e+00
  1.6018964e+00
  2.1913128e+00
 -5.2506214e-01
  2.3462350e+00
 -3.2740790e-01
  6.0338664e-01
  2.9663327e+00
  3.9115193e-01
 -1.1656114e+00
  1.4590070e+00
 -1.9769276e+00
 -2.3983686e+00
 -3.1640782e+00
  3.0421910e-01
  3.8245397e+00
  2.0704467e+00
 -7.0079154e-01
 -3.7635095e+00
  4.4744721e-01
  3.6165228e+00
  1.9421389e+00
 -3.7205705e-01
  1.2032428e+00
 -1.0218642e+00
  3.4747836e-01
  1.8845648e+00
 -1.6070296e-01
 -4.0510604e-01
 -7.0821333e-01
 -1.1014096e+00
  1.2165180e+00
  3.2724028e+00
  1.9462689e+00
 -2.2044783e+00
  2.6098583e+00
  2.3269234e+00
 -5.8148456e-01
 -1.6436082e-01
 -1.0203066e+00
  1.4498680e+00
 -1.0046462e+00
 -3.1020823e+00
  8.6864924e-01
  9.1651380e-01
 -7.7856427e-01
  7.5423546e-02
  1.2831182e+00
  4.0915850e-01
 -9.8687136e-01
 -4.7837564e-01
  5.2539043e+00
 -2.7907991e-01
 -3.2959719e+00
 -4.9465841e-01
  8.7921970e-02
  1.5296949e+00
 -2.9950399e+00
 -3.2753986e-01
 -1.5354992e-01
  1.4342691e-01
 -3.3856231e-01
 -4.4991910e-01
 -1.1947438e-01
 -1.2473619e+00
  9.5177762e-02
  1.1492454e-01
  1.2518308e-01
 -6.1868387e-01
  9.4247587e-02
 -3.3645752e-01
  1.5929136e-01
 -1.6803217e-01
  1.7246532e-01
 -1.0858929e-01
 -7.5556445e-01
  3.0169988e-01
  1.4493080e+00
  6.6553700e-01
 -1.9617604e-01
  1.0184858e+00
  7.3873073e-01
 -8.4452319e-01
  1.2842532e-01
 -7.9724050e-01
 -1.9399279e-01
  2.0696317e-01
 -1.0616452e-02
 -3.5690460e-01
 -1.2249263e-01
  3.4439215e-01
  1.6519451e+00
 -3.8487998e-01
  8.1113406e-02
  9.9903554e-02
 -4.4940460e-01
 -3.4770545e-01
  2.0503598e-01
  4.5581883e-01
 -1.2223022e-02
  2.9352757e-01
  2.5457895e-01
  3.6528626e-01
 -1.4418974e+00
 -2.7839549e+00
 -1.9818637e-01
  5.2478284e-02
 -2.0048560e-01
 -2.7173108e-01
  3.5049098e+00
 -8.2839173e-01
 -8.0809586e-02
 -2.9045386e+00
  3.2845418e+00
 -8.4985274e-01
  1.7091058e+00
  1.3775274e+00
  3.1325681e+00
 -2.3149300e+00
  8.9853585e-01
  4.4668541e+00
  7.2132653e-01
  1.4714293e+00
 -1.6936061e+00
 -7.6069075e-01
 -1.9053509e+00
  2.5706737e+00
 -2.8379185e+00
  1.8294739e+00
 -2.5335255e+00
 -1.1894010e-01
  5.6325716e-01
  2.1051364e+00
 -2.0984654e+00
  8.8251179e-01
  3.7831783e+00
  4.6153310e-01
 -5.2965754e-01
 -5.4275441e-01
 -7.6808971e-01
  1.5813677e+00
  1.4052948e+00
  1.5080656e+00
  3.7042079e+00
  1.5879884e+00
 -3.0572274e-01
  5.1344331e-02
 -9.4527578e-01
  2.9077289e+00
 -8.5482419e-01
 -6.9314468e-01
 -1.2106826e+00
  3.6068559e+00
  1.9567186e+00
  9.7379583e-01
 -4.1629085e-01
  5.7605457e-02
 -9.6677974e-02
 -1.2888032e+00
  2.5028055e+00
 -5.6888413e-01
  1.9588151e+00
  2.9317915e+00
  2.9971609e+00
  5.9244931e-01
 -1.2561961e+00
  2.0095992e+00
 -2.2957728e+00
  3.2614455e+00
  7.6359779e-01
 -2.9030207e-01
  2.8921902e-01
  7.8954446e-01
  5.6759810e-01
 -5.1363403e-01
 -2.5531256e+00
 -4.0299516e+00
 -1.2480506e+00
  8.6491507e-01
 -1.8969580e+00
  5.2938137e+00
 -1.1826418e-01
  2.6322041e+00
  1.2335995e+00
 -2.7824619e-01
  2.8988762e+00
  2.4356861e+00
  7.6088983e-01
  2.0672259e+00
 -1.4143887e+00
 -3.7385056e+00
 -1.9424529e+00
 -1.6161654e+00
 -1.9944932e+00
  1.0141573e+00
 -3.6127920e+00
 -3.2531548e+00
 -1.7393720e-01
 -4.9939609e-01
 -3.6355802e-01
  5.5805475e-01
  2.9381797e+00
 -1.7943642e-01
 -1.8268700e+00
 -6.3497776e-01
  5.6283450e-01
  1.3581464e+00
 -1.1135429e+00
  1.7433108e+00
  1.8537766e+00
  1.6835649e+00
  1.6160800e+00
 -3.2075737e+00
 -4.2359552e-01
  2.2362623e+00
  2.2484151e-01
 -2.5786095e+00
 -3.5963055e-02
 -3.6585701e-01
  6.8554360e-01
 -4.7444817e-01
  2.1269131e+00
 -2.4242311e+00
  7.5554409e+00
  1.0088656e+00
  1.3508968e+00
  1.6578206e+00
  6.2175083e-01
 -2.4294324e+00
  2.6180737e+00
 -4.9875563e-01
 -1.3645914e+00
  2.2870142e+00
 -2.1462798e+00
  1.4432917e+00
 -6.0005844e-01
  1.5557681e+00
 -3.7714824e-01
  1.8385476e+00
 -1.4061478e+00
 -4.0880841e-01
  1.7782054e+00
 -1.7424227e+00
 -3.4387147e-01
 -5.9178569e-03
 -2.2978625e+00
  4.4279453e-01
 -2.9009210e-02
 -1.4663957e+00
  1.5348780e+00
  4.4934979e-01
 -3.3032537e+00
  1.7518499e+00
 -2.7838473e+00
 -2.3378719e-01
 -1.5964687e+00
 -5.0735359e+00
 -2.8666582e+00
 -9.1780841e-01
 -1.9824015e+00
  1.9452116e+00
 -2.7479216e-01
 -3.8952248e+00
 -2.1580155e+00
  7.6061942e-02
 -1.5980287e+00
  1.3631194e+00
 -7.6693034e-01
 -2.2737167e+00
 -2.4111097e+00
 -5.3709888e+00
 -3.8559741e-01
  2.7259195e+00
  7.8771126e-01
 -1.0130587e-01
 -8.6164910e-01
  2.0865940e-01
  1.6534559e+00
 -1.7467117e+00
  1.2653055e+00
  1.7934552e-01
  1.8913463e+00
  3.2803576e+00
 -1.5900129e+00
 -2.3559866e+00
  1.3385956e+00
  1.5124159e+00
 -6.3567287e-01
 -1.4333196e-01
  9.7351663e-02
 -1.4782476e+00
  4.6181496e-02
  5.9360862e-01
  3.4901867e+00
  1.9933650e+00
 -3.5114098e-01
  2.9281564e+00
  4.5625332e-01
 -8.2559365e-01
  2.7141366e+00
 -1.7264600e+00
  1.4207013e+00
 -1.6809098e-01
 -1.5257336e+00
 -1.1749977e+00
  1.8475598e+00
 -5.6158429e-01
 -3.0004025e-01
 -1.0779802e+00
  1.0529480e+00
  1.7364750e+00
  2.0171416e-01
 -9.1760367e-01
 -1.1778300e+00
  6.4521688e-01
  1.0860647e-01
 -3.2971060e-01
  1.4678788e+00
  1.8376186e-01
  1.1975364e-01
 -9.5578454e-02
  1.4218686e+00
  6.8543887e-01
 -2.5392027e+00
 -3.4752426e+00
 -8.2130784e-01
 -9.3909748e-02
 -3.6039183e-01
  1.5175786e+00
 -2.8646510e+00
 -1.1845692e+00
 -2.6113105e+00
  5.3872561e-01
 -4.3350091e+00
  3.1190363e-01
  1.3397737e+00
  8.6995614e-01
  1.2763261e+00
  2.9144363e+00
 -1.5067400e+00
  2.4308841e+00
 -6.2637073e-01
 -1.4492329e+00
 -1.1007324e+00
  2.7781928e+00
 -3.1234784e+00
 -1.2346332e+00
  2.3449106e+00
  9.2663795e-01
  4.5411292e-02
  2.9358363e+00
  2.3093789e+00
  2.7385298e-02
 -2.1982281e+00
  6.2646383e-01
 -5.3793526e-01
  6.3766365e+00
  3.4464679e+00
  3.1904588e+00
  7.7207553e-01
  3.2782638e+00
 -1.3282536e-01
 -1.8936536e+00
 -1.9532415e+00
  4.9264231e-01
 -6.6399372e-01
 -2.0094290e+00
  3.2440159e+00
  1.0054476e-01
 -3.0410149e+00
  2.1744225e+00
 -3.6277823e+00
  1.1640753e+00
  8.6024284e-01
  3.8512368e+00
 -4.9947870e-01
 -2.0645161e+00
  4.6261411e+00
 -6.7254347e-01
  4.5458832e+00
  3.6884729e-02
 -3.8558943e+00
  7.7176899e-01
 -3.8210554e+00
  1.0068114e+00
 -1.5101258e+00
 -3.4565067e+00
 -7.3986983e-01
  2.0672386e+00
  2.5434139e+00
  1.9401449e+00
  1.1577017e+00
  2.2269803e-01
  4.7433815e+00
 -3.1816840e+00
 -4.1907755e-01
 -4.1899123e+00
  1.3118484e+00
 -8.6334759e-01
  2.4430518e+00
  1.4863422e+00
  1.3701944e+00
  1.4661695e+00
 -2.0606246e+00
  4.6103007e-01
 -1.1984212e+00
  1.9657304e+00
 -2.5980854e+00
 -1.1808182e+00
  2.0886610e+00
  8.1107944e-01
  1.2192442e+00
 -1.2665988e+00
  8.8324279e-01
  7.2949660e-01
 -1.5883809e+00
  1.0614469e+00
 -2.4674454e+00
 -2.0388904e+00
 -5.3676260e-01
  1.2275944e-01
 -1.2471046e+00
  1.6206799e-01
  3.6977938e-01
  2.0424435e-01
 -3.5592716e+00
 -2.5338480e-01
  2.2912750e+00
  2.4421020e+00
  3.4161144e-01
 -1.7063622e+00
  1.3163692e+00
  5.1232451e-01
 -8.8203490e-01
 -3.5928071e+00
 -1.8471012e+00
  1.8269217e+00
 -5.2019873e+00
 -1.7172225e-01
 -1.6192588e+00
 -3.2129927e+00
  1.2362485e+00
 -2.5281208e+00
  5.6854939e+00
 -3.7636847e+00
  4.7933211e+00
 -2.0155385e+00
  7.4122769e-01
  7.8848565e-01
 -2.3133829e+00
 -2.0841935e-03
  2.4356268e-01
  1.7023146e-01
 -8.5098261e-01
 -1.6742969e+00
 -1.9518645e-01
  1.0645787e+00
 -1.8053916e-01
 -1.8370374e+00
  1.1505266e+00
  6.8651043e-02
 -9.8122108e-01
 -1.6763185e+00
 -9.1348547e-01
 -2.8367538e+00
  1.2984895e+00
  1.0755012e+00
  3.5171726e-01
  2.6030002e+00
 -4.8996514e-01
  2.5499701e+00
 -2.3172536e+00
  8.2140201e-01
 -2.0056674e+00
 -2.0726595e+00
 -1.3858263e+00
  3.2604408e+00
  1.5724096e+00
  1.2301552e+00
  2.7704570e+00
 -1.2436455e+00
 -1.5003411e+00
 -1.5031304e+00
 -1.6028700e+00
 -1.5744658e+00
  5.3376738e-02
  1.5039291e+00
 -7.9890800e-01
  2.7857161e+00
 -2.7143853e+00
 -1.1635485e+00
 -2.2354096e-01
  5.8489436e-01
  1.5342666e+00
  6.6257370e-01
  9.3152106e-01
 -1.3918791e+00
 -4.0822754e+00
  4.5368013e-01
  2.1918066e+00
 -1.3965925e+00
  3.3715100e+00
  3.0502226e+00
 -1.0918344e+00
 -2.4509988e+00
  1.0641663e+00
 -1.0255067e+00
 -2.6717505e+00
 -2.0139642e+00
 -3.5098884e-01
  8.6031950e-01
 -2.0648279e+00
  1.0466516e+00
 -4.6642259e-01
 -1.7114664e+00
  9.7603343e-02
  8.4362783e-02
  1.3665923e+00
  1.0312227e+00
  3.4137819e+00
  6.2588673e+00
  3.3587317e+00
  2.8539758e+00
  5.2888532e+00
 -7.0008613e-02
 -2.4480455e+00
  4.3080354e+00
  9.3120646e-01
  4.6034729e-01
 -4.8602548e-01
  1.2667749e+00
 -5.1361978e-01
  2.1562512e+00
  7.2669911e-01
 -1.0552328e+00
  1.6484030e+00
  6.6482890e-01
  1.2307649e+00
  2.1048186e+00
 -7.4703759e-01
  2.1003954e+00
  1.7698473e+00
  5.7388386e-03
  1.5378428e+00
  3.5361558e-01
  1.9145176e+00
  3.4961882e+00
 -3.4854090e-01
  2.9930563e+00
 -2.4728541e+00
  6.0866088e-01
 -1.2165651e-01
 -7.5241067e-02
 -2.4823358e+00
  2.3162270e+00
 -6.1611199e-01
  4.1237869e+00
 -1.9871871e+00
  1.6977531e+00
  1.0127114e+00
 -1.6990476e+00
 -1.0437298e+00
 -4.6921054e-01
  3.0412157e+00
 -2.2191017e+00
  2.4336467e+00
 -2.5613742e+00
 -4.7645944e-01
  1.0818684e+00
  8.6450803e-01
  2.8496070e+00
  3.0844665e-01
  1.1010964e+00
  5.1823074e-01
  3.2393467e-01
 -7.0199794e-01
  8.1465769e-01
 -2.0757930e+00
 -8.8609725e-01
 -3.7831360e-01
 -1.0865622e+00
  1.5099703e+00
  1.2901725e+00
  1.3037957e-01
  1.4799054e+00
  1.4146155e-01
 -1.1616427e+00
  3.7215145e+00
 -5.3276879e-01
  2.1227353e+00
 -2.0985425e+00
  1.2635621e+00
  1.3146337e+00
  8.4670275e-01
  1.7726388e+00
 -6.0691279e-01
 -1.5421982e+00
 -7.0374328e-01
 -1.1071570e+00
 -9.6635634e-01
  3.1345493e-01
 -1.5416157e+00
 -6.3189125e-01
 -2.1086242e+00
 -2.3889461e+00
  1.6647240e+00
  1.3141494e+00
  2.4683009e-01
  9.6486688e-01
  3.3797109e+00
  3.6816740e+00
  1.9258074e+00
  3.5473251e-01
  1.1965493e+00
  1.3887182e+00
 -7.6582038e-01
  1.6830876e+00
  7.0193112e-01
  2.5428408e-01
  2.4050247e-02
 -2.5647622e-01
  1.2489048e+00
  2.0125413e+00
 -1.7805152e+00
 -1.3464414e+00
 -1.7015432e+00
  1.4302140e+00
  8.2088155e-01
 -4.1686961e-01
  6.1220680e-03
 -2.7255094e+00
 -2.2250600e-01
  3.7874320e-01
 -2.2060485e+00
 -5.2011591e-01
  4.8686221e-02
 -2.4136649e-01
  2.2301393e+00
  1.1142190e+00
  5.6588650e-01
  1.6823778e-01
  4.2262441e-01
 -2.7804277e+00
 -1.5654141e+00
  1.1437614e+00
  9.5718169e-01
  4.6874700e+00
 -1.5407742e+00
 -1.1254431e+00
  4.7358119e-01
  1.1041615e+00
 -2.4707453e+00
 -2.6110598e-01
  1.1275052e-01
 -3.6112767e-01
 -5.1592339e-02
 -6.7754805e-01
  8.1164747e-01
  1.2926244e+00
 -8.0537260e-01
 -1.6708927e+00
 -6.9898760e-01
  1.4383711e+00
 -8.6404204e-01
 -1.5032029e+00
 -4.1334243e+00
  5.5531311e-01
 -3.3081082e-01
  4.1581888e+00
  2.0465336e+00
 -1.2519178e+00
  1.7090103e-01
 -1.0072256e+00
  1.1967759e+00
 -9.7792447e-01
  1.2404044e+00
 -2.1102419e+00
  2.4160776e+00
  2.1795416e+00
 -6.7311978e-01
  1.2043351e+00
  6.6515125e-02
  1.2075193e+00
 -1.6530346e+00
 -2.3596683e+00
 -3.4352696e+00
 -1.0856099e+00
  4.0949016e+00
  1.2342838e+00
  6.1212440e+00
 -1.5085520e+00
 -1.1859009e+00
  1.1986375e+00
 -4.7918695e-01
 -7.4327207e-01
  3.0895302e-01
 -4.2536978e-02
  3.9683247e-01
  1.8614382e+00
  6.9151145e-01
  1.6695018e+00
  6.9086677e-01
  2.3162458e+00
 -9.1114765e-01
 -1.1091372e+00
  6.1169350e-01
 -3.6158996e+00
  2.0609324e+00
 -6.1040664e-01
  3.8087347e+00
  5.9671634e-01
 -2.3621264e+00
 -2.9140240e-01
 -2.6031542e+00
  5.3008777e-01
 -3.3522792e+00
  2.0202792e-01
 -1.3858888e+00
  2.6102340e+00
  3.0195742e+00
  2.0776436e+00
 -9.6704596e-01
 -7.6772177e-01
  3.2862587e+00
 -1.4953585e-01
 -2.7898619e-01
 -3.6616585e+00
  9.5378268e-01
 -3.5848622e+00
 -3.5715356e+00
  2.5793178e+00
 -1.1948920e+00
 -1.6855329e+00
 -1.7103342e+00
 -3.4853711e+00
 -3.3315819e-02
  1.0090742e+00
  2.4270833e+00
 -7.6511431e-01
  1.2695106e+00
 -8.0450034e-01
 -4.7436029e-01
  3.9938209e+00
  4.1569668e-01
  1.7946682e+00
 -2.0725708e-01
 -1.1002390e+00
  9.0374154e-01
  1.5555675e+00
  7.3914665e-01
 -3.3012249e+00
 -2.2084534e+00
  3.3297279e+00
  6.3511878e-01
  4.7793430e-01
 -3.3447802e+00
 -1.1231655e+00
 -2.0538814e+00
 -2.4457936e+00
  2.4476595e+00
 -2.6892035e+00
  2.2810180e+00
 -1.6576618e+00
 -3.6101530e+00
 -1.7071606e+00
 -3.1577260e+00
  9.2339689e-01
 -1.6123533e+00
 -9.3226798e-02
 -2.2743139e+00
 -9.3724960e-01
  3.4958228e-02
 -3.7228191e+00
 -3.2527673e-01
  4.9943361e-01
  1.6003643e+00
  1.9791913e+00
 -3.5407276e+00
 -1.1706893e+00
  1.2067974e+00
  4.3384224e-02
  1.4999304e+00
 -2.6395936e+00
  4.5439127e-01
  1.3220704e+00
 -2.4518495e+00
  2.0655799e+00
  7.6332307e-01
  7.6749259e-01
  6.0257858e-01
  1.4224285e+00
 -3.5753911e+00
 -9.6516621e-01
 -1.6415153e+00
  5.4662508e-01
 -1.1394707e-01
  9.9470598e-01
  2.7389300e-01
  1.3280878e+00
  8.9294448e-02
  5.9250152e-01
  3.4727740e+00
 -2.2960758e+00
 -5.2012868e+00
  3.4320197e-01
 -2.3042152e+00
  1.1557785e+00
  1.1017760e+00
 -1.1147945e+00
 -3.0301816e+00
 -1.9661454e+00
 -4.2342854e+00
 -1.7225002e+00
 -3.0909724e+00
  3.0820525e-01
  2.1267800e+00
 -3.8620684e+00
 -1.2002801e+00
  3.1800420e+00
 -3.9347780e+00
 -3.3152723e+00
 -3.3891582e-01
  2.4433291e+00
  6.4770120e-01
 -1.2807402e-01
 -1.6363719e-01
 -2.2901902e+00
  2.2438505e+00
 -5.0552958e-01
 -7.8890669e-01
  4.4702595e-01
  2.1546714e-01
  2.2800912e-01
  2.0416787e-02
  1.4232918e+00
 -1.3268538e+00
  3.8141875e+00
  2.1211245e+00
  2.0168622e-01
 -1.2072312e-01
  2.0658364e+00
  3.5757818e+00
 -5.7376039e-01
 -3.5839660e+00
  2.4052529e+00
  9.0396595e-01
  2.1465173e+00
  2.9076583e+00
 -1.3228351e+00
  1.4015422e+00
 -2.1158421e-02
  1.0180964e+00
 -3.5378318e-02
  1.3993697e+00
  1.6747481e+00
  1.9120244e+00
  2.9931319e-01
  6.5459424e-01
  2.4856026e-01
  9.3736625e-01
  1.6115105e-01
 -2.4960637e+00
  2.2423892e+00
  9.2549846e-02
 -8.6184728e-01
 -3.2899272e+00
  5.4371011e-01
 -3.9954741e+00
  1.6139094e+00
  2.5597785e+00
 -1.6823239e-03
 -8.6404413e-01
  2.3092897e-01
  1.2868316e+00
 -5.2384591e-01
 -4.1534580e-02
 -1.7293015e+00
  2.5325736e-01
  1.0475905e+00
  1.8944477e+00
 -1.1009067e+00
  1.6484356e+00
 -1.0462702e-01
  3.9085989e+00
 -1.7182871e+00
  4.0119734e+00
  1.6971313e+00
  4.2804164e-01
  3.4662037e+00
  1.7373239e+00
  8.4282219e-02
  3.1509656e-01
 -1.2561494e+00
 -2.9652825e-01
  2.1235235e+00
  1.0071530e+00
 -1.8511747e-01
  5.3138356e+00
 -1.9050945e-01
  1.1547478e+00
 -4.6596032e-01
 -3.5072887e+00
 -4.1086807e+00
 -2.6694772e+00
 -3.1150978e+00
  1.6906772e+00
  1.4551164e+00
  7.1294940e-01
 -4.5286927e-02
 -2.0795083e+00
  1.2741256e-01
  2.4350483e+00
  7.4700050e-02
  7.4334139e-01
 -4.3897787e-01
 -3.5220924e-01
  1.1880947e+00
 -3.2827752e+00
  2.2001946e+00
 -1.6394043e+00
 -6.6415554e-01
  6.8611521e-01
  8.5987699e-01
 -1.3136977e+00
 -1.9830070e+00
  1.8019081e+00
  2.1087720e+00
  2.0605910e+00
  4.0860109e+00
  9.0155259e-02
 -9.2890507e-01
  1.6229800e+00
 -3.0228076e+00
 -2.2625484e+00
 -1.5248383e+00
 -1.7654915e+00
  3.1353155e-01
 -1.0364854e-01
 -2.3137724e+00
 -5.0510087e+00
  7.5852323e-01
  6.3583612e-01
  6.0293752e-01
 -1.1213766e+00
 -5.4794776e-01
  2.0820414e-01
 -6.9240505e-01
 -5.2392635e-02
  2.0213914e+00
  9.5481133e-01
 -8.4380352e-01
  2.3884809e+00
 -1.8262458e+00
 -1.6353769e+00
  5.4096319e-02
  1.2351397e-01
 -6.6309047e-01
  7.5864232e-01
 -5.7915008e-01
  1.9949214e-01
  3.5058349e-01
 -1.0953492e+00
  9.6577692e-01
 -3.2046750e-02
 -2.9738939e-01
 -4.2669505e-01
  2.4739130e+00
 -5.2566804e-02
 -3.6628479e-01
 -1.4595713e-01
 -4.2810237e-01
 -1.8830605e-02
  2.1590979e-01
  6.3024664e-01
 -1.5600694e+00
  7.9454046e-01
  1.1806517e+00
 -6.4229840e-01
 -3.8028198e-01
 -1.3757274e+00
 -1.1029739e+00
  3.9000571e-02
 -8.0649799e-01
 -2.1471086e+00
 -7.0917112e-01
  2.0970038e-01
  3.5213923e+00
  4.4333756e-01
 -2.6116190e+00
 -1.8873060e+00
 -7.3836911e-01
 -1.2121512e+00
 -4.8732993e-01
  1.5372427e-01
  1.1070540e+00
 -1.1811193e+00
 -4.4945984e+00
  1.8291364e+00
 -2.0212916e-01
  8.1304109e-01
  1.6881287e+00
  1.7209955e+00
 -1.6634682e+00
  1.1694468e+00
  1.3847325e+00
 -2.4754982e+00
  6.0429054e-01
 -3.3018157e-02
 -6.1524284e-01
 -1.4416032e+00
  5.1459473e-01
 -1.6330943e+00
 -1.8069278e+00
  1.7913757e-01
  4.5306382e-01
  2.4478195e+00
  1.3633218e+00
  3.0615129e+00
  7.7239907e-01
 -6.9438255e-01
 -6.3689530e-01
 -3.8339798e+00
 -5.3983557e-01
 -7.7353612e-02
 -1.0283604e+00
  1.6133884e+00
  3.3876820e+00
  1.6336715e+00
  1.7121580e+00
  3.3255011e-01
  4.9568492e-01
 -7.4559784e-01
 -2.0167940e+00
  6.1571336e-01
 -2.3457527e+00
 -5.2074641e-01
  4.5912873e-02
  6.4711541e-01
 -1.2174246e+00
 -5.9671223e-01
 -1.3672822e+00
 -1.4771852e+00
  2.1091549e+00
 -1.7292606e+00
  8.6398262e-01
  1.6854162e+00
  1.0526566e-01
 -3.6266048e+00
  1.1513873e+00
  4.1125908e+00
  8.5707569e-01
  4.1413289e-01
  2.0520382e+00
 -1.7649924e+00
  1.1906292e+00
  4.4929373e-01
 -9.0285707e-01
  1.2069113e+00
  2.7657956e-01
 -9.7993708e-01
  5.7642318e-02
 -4.4994029e-01
  3.5464142e-02
  2.5845833e+00
 -2.3668373e+00
 -4.9391815e-01
  1.2542659e+00
  2.4543812e+00
 -1.1577547e-01
 -1.9304354e+00
 -1.2039084e-01
  5.5760306e-01
  2.8537574e+00
  1.2293178e+00
 -1.6187334e+00
 -2.9787385e+00
  9.1225076e-01
 -1.1268377e+00
  1.5712492e+00
 -2.5311689e+00
  6.1448497e-01
 -3.3852479e-01
  1.1066735e+00
  9.3193626e-01
 -2.7215719e+00
  1.0325798e-01
  9.5808625e-02
  1.3596486e+00
  1.1482745e-01
  1.9755246e-01
 -2.5641525e+00
 -1.4639947e+00
 -3.1963989e-02
  2.1644180e+00
  1.7222137e+00
  1.8285918e-01
  1.6088268e+00
 -2.7710900e+00
  1.4902285e-01
  2.6080123e-01
 -8.9065343e-01
  2.9890709e+00
 -3.4789994e-01
  1.3167843e+00
  1.9629042e+00
 -7.4496990e-01
  3.9582589e-01
  1.0043027e+00
  5.9135842e-01
  6.8890184e-01
 -5.6221908e-01
  4.9797565e-01
  1.4102119e+00
 -1.0024926e-01
  2.8477011e+00
  1.8387955e+00
  2.4723413e+00
  4.6715942e-01
  1.8060716e+00
  3.2453959e+00
  4.9067497e-01
  8.2147318e-01
 -8.1372499e-01
  1.8875756e+00
  2.6963403e+00
  2.3741701e+00
  1.2996020e+00
 -1.3686205e+00
  2.8649706e-01
  4.0014515e+00
  4.7273886e-01
 -1.7467356e+00
 -5.8932118e-02
 -1.5675359e+00
  2.5760660e+00
  4.4697082e-01
  1.4650756e+00
  7.1167767e-01
 -1.1637337e+00
 -3.2123426e-01
  5.2584004e-01
 -3.8306910e-01
 -2.6081777e+00
  2.9069498e-01
  7.7286804e-01
  4.0152115e-03
  1.6370479e+00
 -2.1865559e+00
 -3.2101741e+00
 -8.7658703e-01
  1.8676643e+00
  1.8718137e+00
 -1.8767397e+00
  9.3218321e-01
  9.6401155e-01
 -1.0218925e+00
 -9.3339093e-02
 -7.1850246e-01
 -1.7703218e+00
  2.0696616e+00
 -3.9143016e+00
 -1.2034767e+00
 -6.9955271e-01
  3.8432629e+00
  5.1843196e-01
 -9.4439644e-01
  1.0108954e+00
 -1.4080942e+00
  2.1220806e+00
 -1.2432882e+00
 -2.8579754e-01
  2.2143283e+00
  9.6916556e-01
  2.1697400e+00
  2.9005280e+00
  1.3888335e+00
  8.8897198e-01
 -7.2185522e-01
  2.7428658e+00
 -1.0843676e+00
 -4.8646507e+00
 -2.6257360e+00
  2.4569359e+00
  2.8988945e+00
 -6.1361734e-02
 -1.8093735e+00
  7.0444822e-01
  4.5510426e-01
  2.6744461e+00
  1.9832282e+00
 -1.3085618e+00
  5.0718932e+00
  1.4834971e+00
  1.5005040e-01
  1.4782068e+00
 -2.3898551e+00
 -1.9221884e+00
 -2.6495841e-01
 -2.8139527e+00
 -7.6233381e-01
  4.9028856e-01
 -8.3458048e-01
 -1.8184346e+00
 -1.3764653e-03
 -3.7951879e-02
  2.7491531e+00
  2.1851027e+00
 -2.2566456e-01
  1.5233735e+00
 -7.1281004e-01
  1.7170763e+00
  1.4335057e+00
  5.5438060e-01
 -3.6990495e+00
  9.4493531e-02
  9.5253661e-02
 -1.5894923e+00
 -1.4091167e+00
  2.1388488e+00
  1.6401137e+00
  2.1582606e+00
  2.8158131e-01
 -1.4750693e+00
 -2.6805310e+00
  1.1492667e-01
  1.5066612e+00
 -3.8430366e-01
  3.1482148e+00
 -4.8006535e+00
 -2.0966034e+00
 -7.7600771e-01
  1.2264427e-01
 -2.8504789e+00
 -1.8108231e-01
 -1.4811099e+00
  2.8606167e+00
  2.8605139e+00
 -9.2198595e-02
 -1.8167470e+00
  1.5178792e+00
  2.7907887e+00
 -5.7194629e+00
  4.5027146e-01
  3.3938160e+00
  3.4174990e-02
 -8.8157070e-01
  1.9610103e+00
  1.4216716e+00
  1.7302723e+00
 -1.4263909e+00
 -5.6277943e-01
 -3.6198726e-01
 -8.7700444e-01
  1.2306060e+00
 -2.8416612e+00
 -2.2852690e+00
  3.2485595e+00
  4.8150861e-01
 -2.5784125e+00
  1.4905702e-01
 -1.2036828e+00
 -5.7400572e-01
 -2.0121856e+00
  6.8711311e-02
  1.5856426e+00
 -2.2032809e+00
 -5.4722220e-01
  3.4592299e+00
  1.6591400e+00
  1.2445573e+00
 -1.0036590e+00
  2.2871305e-01
  2.2600219e+00
  9.7811323e-01
  1.6187215e+00
 -2.3873632e+00
 -1.2838931e+00
 -9.7056448e-01
  1.3450947e+00
 -2.7149078e-01
 -1.2862201e+00
  3.9467224e-01
 -2.9397795e-01
  2.2138135e+00
  2.2047782e+00
 -1.3616689e+00
  4.6448469e-01
 -2.8180511e+00
 -3.3648205e-01
  6.7597669e-01
  1.1097792e+00
 -1.4516174e+00
  1.4511031e+00
  7.4437910e-01
  2.3165984e-01
 -1.3417234e+00
  3.0588994e+00
 -2.7074495e-01
 -2.4825566e+00
 -2.4389455e+00
  1.2448093e+00
  2.1937785e+00
  1.7320977e+00
 -7.3854828e-01
  1.2126638e+00
 -1.8143193e+00
  3.5358665e+00
 -1.4548451e-01
  1.2056793e-01
  1.9637307e+00
 -6.7607039e-01
 -5.4540640e-01
 -3.3034184e+00
  3.6785381e+00
  2.5333681e+00
  5.9389377e-01
 -2.3932121e+00
  7.3486978e-01
 -2.9073935e+00
 -6.3355619e-01
  3.5799706e+00
  3.1265726e+00
 -1.8761685e+00
 -2.5841234e+00
  3.6890697e+00
  5.7948309e-01
  1.7676934e+00
 -1.2638896e+00
  1.5024196e-01
 -2.3377003e-01
 -7.3322999e-01
  2.5796193e-01
  1.1775695e+00
 -6.8676454e-01
 -2.1236603e+00
  1.6369828e+00
 -1.0101264e+00
  7.1310484e-01
 -3.8247323e+00
 -5.4000372e-01
 -6.2139922e-01
 -2.1587157e+00
  3.2171270e-01
 -2.8914344e+00
 -4.4612387e-01
 -1.1114317e+00
  1.1187372e-01
 -7.9151577e-01
  4.3848815e+00
  3.0378070e+00
  2.1643077e-01
 -1.1269959e+00
  8.2426715e-01
  3.2020571e+00
 -3.1505566e+00
 -1.9950083e-01
  3.1138754e+00
 -2.1762347e+00
  6.3686699e-01
 -1.3449236e+00
  3.6109495e-01
 -1.2574427e+00
  1.6616195e-01
  1.9106340e+00
  1.1495149e+00
  3.2687452e+00
 -5.1353636e+00
  4.0212703e-01
  4.2092547e+00
 -1.9216541e+00
  2.6423647e+00
  4.4044271e+00
 -2.6656690e+00
  5.7561576e-01
 -6.4444607e-01
  4.1341567e+00
  1.7117143e-01
 -9.2853755e-01
 -1.1718143e+00
 -2.3498535e+00
 -8.1964201e-01
 -1.0557921e-01
  1.1482136e+00
  1.6866385e+00
  8.2105899e-01
 -1.2613964e+00
  1.3110934e+00
  7.6071942e-01
 -1.2701014e+00
 -1.8254577e+00
 -8.5939711e-01
 -1.5479056e+00
 -2.6376102e+00
 -1.4201313e-01
 -2.4730182e-01
 -6.7856002e+00
  9.9476838e-01
  1.5452418e+00
  1.6169678e+00
 -3.8979703e-01
 -1.4199083e+00
 -1.1837505e+00
 -1.2256302e+00
  3.3533216e-01
 -1.8145093e+00
 -4.0240999e-02
  2.1755097e+00
 -2.5553796e+00
  2.1192966e+00
  1.0454006e+00
  1.0890107e+00
  4.9758959e+00
  2.0641930e+00
  5.1583529e-01
 -2.5046284e+00
 -1.7755930e-01
 -2.4511549e-01
  8.6299348e-01
  3.5673280e+00
 -1.0325040e+00
 -1.4018903e+00
 -1.5500617e+00
  7.4934745e-01
  5.5511159e-01
 -2.1679738e+00
  1.8824024e-01
 -1.8947095e+00
  6.1026759e-02
  2.3893774e+00
 -6.0311544e-01
  3.6712928e+00
  6.4580582e-02
  2.4289987e+00
 -3.3825824e-01
  2.7402568e+00
  2.8225987e+00
  1.8824406e+00
 -8.0686152e-01
  1.6443144e+00
  4.2594266e+00
  7.3995304e-01
 -2.4399526e+00
 -8.7738639e-01
  4.7097387e+00
 -1.2884378e+00
  1.8683974e+00
  1.7562983e+00
  1.3483803e+00
 -1.0050435e+00
 -1.6800832e+00
 -6.8087929e-01
 -2.2303917e+00
  1.8603052e+00
  3.7699986e+00
 -3.0273914e-01
 -1.0087045e+00
  3.4647870e-01
 -1.8615189e-01
  2.0195629e-02
  5.1979381e-01
 -5.2076352e-01
  1.8562721e+00
  3.1481147e-01
  3.6527660e-01
  9.1571718e-01
 -8.2162648e-01
 -2.0198828e-01
  2.3508835e+00
 -2.0588939e+00
  7.1550578e-02
  1.2851690e+00
 -2.3003905e+00
 -1.6077755e-01
  1.8693054e-01
  3.1846087e+00
  9.8398477e-01
  1.4626961e+00
 -1.1046360e+00
  2.1146256e-01
  6.7961812e-01
 -1.3301901e+00
 -1.3716806e-01
 -3.8633257e-01
 -4.3539050e-01
  9.5493698e-01
  2.7766242e+00
 -1.4110258e+00
  3.4057755e+00
  8.0401874e-01
  2.4694552e+00
 -1.6005313e-01
 -2.2996855e+00
  1.9634478e+00
 -1.5198717e+00
 -1.5869462e+00
  1.8470986e-01
  1.7004950e+00
  2.1338704e+00
  3.3118770e+00
 -8.1216894e-02
 -1.7930608e+00
  4.3652093e-01
  1.7418008e+00
  2.2946665e+00
 -1.5659634e+00
  5.7793659e-01
 -4.7228232e-01
 -1.3586749e+00
  1.9841485e+00
  2.1193399e+00
  1.0173594e+00
 -8.2064676e-01
 -2.1660295e+00
 -1.2779924e+00
  8.1297940e-01
 -1.1322058e+00
  3.0809817e+00
 -8.3820891e-01
 -1.7034429e+00
 -2.4787021e+00
 -9.8354411e-01
  2.6325040e+00
 -4.6478909e-02
  1.7052433e+00
 -2.4308558e+00
 -7.3090172e-01
  1.1084647e+00
 -8.9611971e-01
 -2.3161390e+00
 -1.9276712e+00
 -7.1455395e-01
 -2.2495501e+00
  6.1479962e-01
 -1.8665829e-01
 -9.5724726e-01
 -6.7842036e-01
 -1.0491427e+00
 -8.2330537e-01
 -3.3051829e+00
 -1.4349502e+00
  1.5238488e-01
 -9.5431828e-01
  2.6055667e+00
  1.1885629e+00
  2.0290625e+00
 -5.7490802e-01
 -1.1304582e+00
 -7.8861928e-01
 -4.7927493e-01
  2.7014928e+00
  2.3216276e+00
 -2.0135133e+00
  2.2662396e+00
  7.0052165e-01
  2.9995642e+00
  2.3102057e+00
  4.2560806e+00
 -1.0795393e+00
 -7.7683192e-01
 -1.5232474e+00
  4.4263563e+00
 -7.1921724e-01
 -9.8950662e-02
  4.8685336e+00
 -8.5741818e-01
  1.3601663e+00
  3.4694464e+00
 -6.6832328e-01
 -2.1322064e-01
 -6.5728635e-01
  1.7149962e+00
  8.0817449e-01
  1.2266765e+00
 -1.0697906e+00
 -7.4676359e-01
  1.3879313e+00
  1.1986063e+00
 -1.0776223e+00
  1.5167066e+00
  1.3382980e+00
 -4.4760513e+00
 -3.4051268e+00
  3.3901498e+00
 -1.8652317e-01
  2.5003481e+00
 -1.0958968e+00
  8.8124812e-01
  1.5231088e+00
 -4.6390250e-02
 -2.7367742e+00
  5.5387039e+00
  1.9461354e+00
  3.3066096e+00
 -1.0255593e+00
 -4.4183779e+00
 -3.9073455e-01
 -2.8410790e+00
 -3.3549669e+00
  4.7343125e+00
  1.6309801e+00
  5.0997639e-01
  1.1971529e+00
  3.0903325e+00
  7.6484340e-01
  1.1601170e+00
 -1.5560024e+00
 -6.0550865e-02
  1.3033895e+00
  2.1381114e+00
  2.0461934e+00
 -8.5457933e-01
  4.7184973e+00
  1.9401776e+00
 -1.4963926e-01
  1.2907649e+00
  5.5554742e-01
 -3.6026064e-01
 -2.7993476e+00
 -1.8690923e-02
 -1.9101903e+00
  1.1469506e+00
  1.7390714e+00
  1.4517026e+00
 -1.0321784e+00
 -1.9252540e-01
 -5.4228300e-01
 -1.4646850e+00
  7.3846501e-01
 -3.1735814e+00
  1.4827721e+00
  6.3434970e-01
  1.0576106e-01
  1.1548325e-01
 -1.8200897e-01
 -2.3492382e+00
 -6.5486771e-01
 -2.0576468e-01
  1.9443886e+00
 -1.8460507e+00
 -8.1951338e-01
  8.4145218e-01
 -1.0155936e-02
 -3.5111528e-02
 -7.4832857e-01
  5.0734544e-01
  9.3475938e-01
 -7.9172105e-01
  1.4807858e+00
  1.1123646e+00
  2.1792977e+00
  5.7604581e-01
  1.1857895e+00
  2.0478809e+00
  7.7843946e-01
  1.5455106e+00
  1.3984251e-01
  2.7131886e+00
  3.0279996e+00
 -3.4550648e+00
 -1.8266304e-01
  2.7383714e+00
 -3.2824292e+00
 -1.3301665e+00
  1.3670362e+00
  1.3753293e+00
 -2.5797424e+00
  1.4758229e-01
  8.8826627e-01
  7.3770103e+00
 -1.5184736e-01
 -2.4372501e+00
 -4.2673016e+00
 -1.7310030e+00
  2.6711905e-01
  5.6929809e-01
  7.6192921e-01
  5.8802634e-01
 -2.4713569e+00
  6.4939994e-01
 -1.5499283e+00
  3.9930012e+00
  1.3564119e+00
 -1.1903105e+00
 -9.8092645e-01
  1.2678531e-01
  8.6857468e-01
  6.7765969e-01
 -3.6917999e-01
 -1.8936342e+00
  1.1225988e+00
  2.1910590e-01
  7.4982721e-01
 -5.5023652e-01
  1.5958643e+00
 -7.3511034e-01
 -1.4675316e+00
  1.5700948e+00
 -2.3940423e+00
  4.5747069e-01
 -9.9276811e-01
 -1.2831341e+00
  5.9193939e-01
  8.9002448e-01
 -1.1282961e+00
  2.2758329e+00
  1.0987424e-02
  2.8284070e-01
  2.8760973e-01
  5.5536878e-01
 -1.6953454e+00
 -1.0226721e+00
 -1.0795264e+00
 -1.1358942e+00
 -6.3871157e-01
  4.4416151e+00
  3.4154487e+00
 -1.0178779e+00
 -2.4491906e+00
  7.1374875e-01
  1.7550480e+00
  1.0143731e+00
  2.5365987e+00
  1.4336089e+00
 -1.3231548e+00
 -1.2461587e+00
 -1.8713857e+00
  1.9073360e+00
 -1.2265989e+00
 -1.8212247e+00
  1.1795211e-01
  1.1911179e-02
  1.1444488e+00
  5.1461273e-01
  1.4802791e+00
 -1.6755643e+00
  1.8474368e+00
  3.9035350e-01
  1.8535653e+00
 -1.1323915e+00
  2.3495557e+00
 -7.4347144e-01
  4.1698778e-01
  2.6706868e-01
 -1.5330000e+00
  1.2763767e-02
 -3.1084624e-01
  1.6320392e+00
 -2.0795238e+00
  5.0159734e-01
  1.2017453e+00
 -1.2379754e+00
  3.3773422e-01
 -1.5714974e+00
 -8.4874219e-01
  8.4696639e-01
 -1.9556276e+00
 -1.2245265e+00
  2.2935872e+00
 -9.7937055e-02
  8.1801359e-03
  2.3256974e+00
  1.0230018e+00
  2.3679705e-01
 -1.4378630e+00
  2.6587856e-01
  1.9302887e+00
 -1.4260393e+00
  2.4003298e+00
  9.5242608e-01
  1.5203918e+00
  1.4178090e+00
 -1.3325362e+00
 -1.9121774e-01
  3.1827331e-01
  9.7891086e-01
 -9.2644971e-03
  3.3623129e-01
  2.4902698e-01
  6.0801375e-01
 -9.1435385e-01
 -8.5057914e-01
  5.5164248e-01
  1.0052623e+00
  1.2525460e+00
 -3.0011874e-01
 -4.3317425e-01
 -3.0992645e-01
  4.3918151e-02
  1.3786615e+00
 -1.0349759e+00
 -1.1039641e-02
  2.5808442e-02
 -2.0225532e+00
 -2.7764785e+00
 -2.1985269e+00
 -3.5246700e-02
  1.9112108e+00
 -1.8109303e+00
  1.1732575e+00
 -1.3484274e+00
  1.9334682e+00
  1.5270970e+00
  2.5407106e-01
  2.6550519e+00
  2.5306861e+00
 -2.7610692e-01
 -6.1236638e-01
 -4.9946275e-01
 -4.4712240e-01
 -2.1151866e-01
 -1.7923431e-01
  1.8739641e+00
  2.6339242e+00
  5.5061803e+00
  4.6136303e+00
 -1.2241296e+00
  1.4148186e+00
  5.2532282e+00
  1.2888368e+00
 -1.4436542e+00
  6.5191704e-01
 -1.6207548e+00
 -1.7143196e+00
  2.7710671e+00
 -1.4437418e+00
  3.5186174e+00
  1.4337249e-02
  1.0432374e-01
  3.7437394e+00
 -1.8596538e+00
 -2.8987220e-01
  7.1374619e-01
  2.3662546e+00
 -2.0410223e+00
 -3.0315356e+00
 -7.4398831e-02
  3.6558473e-01
 -1.8378203e+00
 -1.6408532e+00
 -3.4816997e+00
 -1.0797200e+00
 -1.1542637e+00
 -4.9885535e+00
  8.7572962e-01
 -1.7842461e+00
  1.3385552e+00
 -2.1803043e+00
  1.0064726e+00
 -1.6967914e+00
 -8.6641037e-01
  2.1017767e-01
 -5.3296614e+00
 -2.9765499e+00
 -9.6824229e-01
  5.6374157e-03
 -6.5277833e-01
  2.1509719e+00
 -3.2164257e+00
  1.5899673e+00
 -4.0383949e+00
  2.0775495e+00
  2.0143070e+00
 -1.3127055e+00
  5.3734684e-01
  3.3145919e-01
 -2.5925744e+00
 -1.3219694e+00
  8.9548475e-01
 -3.3891950e+00
 -1.8837788e+00
 -8.7939334e-01
  4.6803231e+00
  1.1280628e+00
  1.6157352e+00
  2.7751572e+00
  2.3361933e+00
  2.7124810e+00
  1.0631804e+00
 -1.1471792e+00
  5.2261150e-01
 -2.7197582e-01
 -8.9999944e-01
  1.7516625e+00
 -4.0882167e-01
 -1.8035311e+00
 -1.1971105e+00
  4.9947748e+00
  2.1211681e+00
 -1.2318918e+00
  1.9285488e+00
  2.0411825e+00
  2.4509928e+00
  2.0520184e+00
  9.6593505e-01
 -1.5902150e+00
  3.3255546e+00
 -5.2370608e-01
  3.0683033e+00
  1.4826880e+00
 -1.9296058e+00
 -8.9111507e-01
  1.1333828e+00
  2.3009641e+00
  3.1794498e+00
  1.9546331e+00
  1.1254612e+00
  3.9770470e+00
 -2.2931082e+00
 -4.1877016e-01
  1.8337903e+00
 -9.4555295e-01
  1.9862554e+00
  4.4853488e-01
 -4.4324660e-01
  1.8968405e-01
 -8.6476767e-01
  2.2539358e+00
 -9.3985200e-01
  1.4177750e+00
  2.0524528e+00
 -2.4351368e+00
  6.2150365e-01
  7.6211624e-02
  7.8555040e-02
  1.0745090e+00
  1.3582207e+00
  6.9520402e-01
  2.8535151e+00
 -2.5185080e+00
  4.1942334e-01
  1.2684499e+00
 -5.2625084e-01
  3.6349726e+00
 -3.0469904e+00
  6.1557722e-01
  1.7534758e+00
  1.4435275e+00
  1.9414315e+00
 -2.1477277e+00
  2.0522529e-01
 -2.7018490e-01
 -2.2817957e+00
 -1.3854971e+00
 -8.9996964e-01
 -6.2275922e-01
 -2.2560868e+00
  1.3658481e+00
 -2.2182014e+00
  2.1453073e+00
 -5.8625376e-01
  1.4897051e+00
 -2.1572199e+00
  2.0752518e-01
  5.4225224e-01
 -2.8955445e-01
 -6.8093342e-01
  1.3651857e+00
  8.4103453e-01
  5.5101240e-01
  7.1390885e-01
  8.9956969e-01
 -1.7646279e+00
  3.2951573e-01
 -4.8153421e-01
 -1.0470670e+00
  2.5952315e+00
  9.3008399e-01
  6.4767480e-01
 -2.9917556e-01
 -8.3197242e-01
 -4.6120989e-01
 -1.1938697e+00
  3.1523374e-01
 -1.6888680e+00
 -3.1437669e+00
  2.9358932e-01
 -2.9833779e+00
  9.4966149e-01
 -1.6315686e+00
 -4.8772204e-01
  1.3146715e-01
 -5.3375602e+00
 -8.6070919e-01
 -1.3827109e+00
  2.4132212e-01
  2.7957718e+00
 -3.3311496e+00
 -3.7674448e-01
  3.5103741e+00
  2.2383864e+00
  7.7903062e-01
  1.0141521e+00
 -2.4433148e+00
 -1.8323861e+00
  1.7920195e-01
  1.6357754e-01
  2.5039706e-01
 -3.1005390e+00
 -6.3632405e-01
 -6.2763482e-01
  8.6443275e-01
 -4.7894096e+00
 -1.7128714e+00
  6.3607615e-01
 -4.0203462e+00
  1.2258602e+00
 -2.3695176e+00
 -1.5282620e+00
 -1.6037883e+00
  6.9652784e-01
 -1.1106058e+00
  1.0767560e+00
 -1.2152877e+00
 -3.4035358e+00
 -1.1412979e+00
 -9.3102598e-01
  2.7488482e+00
  8.6598277e-01
  1.9567093e+00
 -3.4578710e+00
  2.7535250e+00
 -1.2662163e-01
 -3.0057404e+00
  2.0688326e+00
  4.5683047e-01
 -3.0525818e+00
  4.0731001e-01
 -3.0304034e+00
 -1.1583791e+00
  1.7503167e+00
 -1.2296183e-01
 -2.2352457e+00
  2.3236892e+00
 -4.5949045e-01
  2.0930685e-02
  4.7507709e-01
  4.6846619e+00
  5.4094982e-01
 -2.5150654e-01
 -6.8341208e-01
  2.1207066e+00
 -6.8815708e-01
  3.2766893e+00
 -9.7404516e-01
  8.3565545e-01
 -2.5376138e-01
  3.9200100e-01
 -1.2069196e+00
  1.4200339e+00
  2.8731212e-01
 -1.7730469e+00
 -5.8543697e-02
 -8.8525093e-01
 -2.5498531e+00
  2.5179651e+00
 -1.1056801e+00
 -3.5359626e+00
 -2.9368324e+00
 -4.7536844e-01
  3.4804392e+00
 -1.2711769e+00
 -2.8393776e+00
  2.4042024e-01
  1.4229085e-01
 -2.5861487e+00
 -2.5254281e+00
 -1.5696859e+00
 -1.1485164e+00
 -5.4965907e-01
 -2.3054039e-01
  1.4373258e+00
 -2.6487396e+00
 -2.8454823e+00
 -2.5298114e+00
  4.5094979e-01
  1.9001167e+00
 -4.5868490e-02
  1.7138832e+00
  1.8685286e+00
  5.9635611e+00
 -1.8093154e+00
 -4.0074042e-03
  9.0884990e-01
 -7.8235084e-01
  6.0989970e-01
  3.3543172e+00
  3.5132185e-01
 -3.2170466e-01
  9.1422516e-01
 -1.6426881e-01
  3.6509478e+00
  1.6992855e+00
 -1.1616739e+00
  9.0485805e-01
 -4.0220183e-01
 -6.5184379e-01
 -2.9841426e-01
  6.8233353e-01
 -1.3392683e+00
  1.0870857e+00
 -3.4891822e+00
 -5.8622974e-01
 -1.7321954e+00
  1.4851072e+00
 -1.4857532e+00
  3.4235084e-01
  2.4079456e+00
  4.2538062e-02
 -3.3303466e-02
 -1.3253176e+00
  9.5205897e-01
 -1.2859689e+00
  1.8447304e-01
  1.1307091e+00
 -1.8854652e-01
  7.1032441e-01
 -5.1400924e-01
  5.5180573e-01
  2.2697005e+00
 -3.2809016e-01
  1.5768965e+00
 -1.0862750e+00
 -3.3757536e+00
 -7.0035785e-01
 -1.9818449e+00
  1.1379012e+00
 -2.2848442e+00
  2.9079428e+00
  2.4611864e+00
 -1.0868851e+00
  1.6413909e-01
 -6.9363117e-01
 -1.1199173e+00
  1.2406697e+00
  7.2427422e-01
 -2.3677616e+00
  2.1396534e+00
 -1.3732339e+00
  1.9581152e+00
 -6.9071662e-01
 -3.3643523e-01
 -2.6740522e+00
 -2.2208543e+00
  1.4468067e+00
  2.4730012e+00
 -1.3541043e+00
 -3.7027190e+00
  6.1610241e+00
  2.5760500e+00
  1.1023152e+00
  7.7087879e-01
 -8.7234718e-01
 -1.9300840e+00
 -5.2959108e-01
  6.6873479e-01
 -1.6325349e-02
 -6.7544663e-01
  7.2960472e-01
  3.0860782e+00
  7.5650476e-02
  6.2576520e-01
  3.0595782e-01
 -8.1407177e-01
 -2.5029039e-01
 -2.9924247e+00
  4.0614429e-01
  3.6940370e+00
  5.2272201e-01
 -7.7084655e-01
 -1.4141663e+00
  1.2430819e+00
 -4.1429436e-01
  9.3588650e-01
 -1.4205894e+00
  8.0735308e-01
 -5.1763207e-01
  1.5434716e+00
  2.7570369e+00
  2.5646038e+00
  1.5626876e+00
 -5.0653756e-01
 -9.1841847e-01
 -7.9388469e-01
  1.2017895e+00
 -8.7096238e-01
  4.6226830e+00
  9.4932479e-01
 -6.2583441e-01
  1.1386586e+00
  2.0625381e-01
 -4.2286067e+00
 -1.5658073e+00
 -5.1093292e-01
  4.1266069e-01
 -5.4401243e-01
  4.9985832e-01
  1.3826259e+00
 -4.4427136e-01
 -2.9119152e-01
  1.1478134e+00
 -1.5686742e+00
  1.4081107e+00
  2.2125070e+00
 -1.5695904e+00
 -1.1516759e-01
 -4.0201931e+00
  2.4053996e+00
  1.3157766e+00
 -9.1552114e-01
  1.4836862e+00
 -2.4180014e-01
 -1.0075907e+00
  1.3264924e+00
  2.3223550e+00
  5.0167627e+00
 -8.7426543e-01
 -1.4061096e+00
 -1.0374891e+00
 -1.0005563e-01
  3.0457953e-01
 -3.8312715e-01
 -1.2395073e+00
  1.0747896e+00
 -4.0103462e-01
  3.3361189e+00
  4.4365993e-01
 -1.0350255e+00
  3.4436758e+00
  9.1974574e-01
 -2.2758729e+00
  1.5648846e-02
  2.2332153e+00
  1.5636607e+00
 -1.0933832e+00
  5.4576421e-01
  1.0562247e+00
 -1.4874566e+00
  2.5271223e+00
  6.6103244e-01
  1.5426667e+00
  1.1270009e+00
 -7.2488350e-01
  1.9723769e+00
  5.2875847e-01
 -5.2188230e-01
 -2.3915632e+00
  1.2106448e+00
  5.5554467e-01
  1.1780694e+00
 -8.9053702e-01
  2.3710997e+00
  9.8174226e-01
  1.6689304e+00
  4.8545298e-01
 -2.5786588e-02
  8.9104140e-01
 -1.0315467e+00
  1.1124227e+00
  1.9854723e+00
 -9.2479718e-01
  7.0260119e-01
  1.1864523e+00
 -3.1661963e+00
 -1.0269961e-01
  2.7258936e-01
  5.4054493e-01
  3.2693822e+00
 -8.7769532e-01
  9.5261252e-01
  5.7771504e-01
  9.7915632e-01
 -2.7419934e+00
  1.7595169e-01
 -8.7360322e-01
 -2.7756259e-01
  9.3935692e-01
 -3.8546008e-01
 -7.5043327e-01
  7.7529037e-01
  2.2720394e+00
 -1.9856464e+00
  7.1650332e-01
 -1.2867601e+00
  1.1548697e-02
  1.0057874e+00
  4.0812057e-02
  8.9083530e-02
 -2.0732889e-01
 -3.8124743e-01
  2.5108355e-01
 -3.7385559e-01
 -4.8672199e-01
  5.2239418e-02
  2.0578958e-01
 -6.0932939e-03
  1.8474989e+00
  1.0880121e+00
 -1.7188064e+00
 -8.0553287e-01
 -1.4216477e-01
 -9.1228151e-01
  2.5324798e+00
 -1.6542017e+00
 -1.9078187e+00
 -3.6154985e-02
  6.5046233e-01
 -3.3038068e+00
 -3.5107231e+00
 -1.8197668e+00
  2.5933220e+00
  5.7882422e-01
 -2.8456662e+00
 -3.6001823e+00
  1.6373260e+00
  8.5750759e-01
  1.4142814e+00
  1.1940535e+00
  1.6470308e+00
  1.5162337e+00
  4.7581723e-01
 -2.7530715e+00
 -2.2012680e+00
 -7.7780092e-01
 -8.7101571e-02
 -2.3210466e+00
  1.4505392e+00
 -3.6925309e+00
 -2.9797883e+00
  2.4215796e+00
 -1.6625601e+00
 -9.8175842e-01
 -2.8787038e+00
 -1.7220541e+00
  1.2027476e+00
 -8.7472367e-01
 -2.5411379e+00
 -2.7635024e+00
 -7.9647183e-01
  3.9086014e-01
 -2.8132415e+00
 -1.3602151e+00
 -3.7880013e+00
 -3.7990751e+00
 -6.1405545e-01
 -9.5142859e-01
 -1.2269207e+00
  5.1517540e-01
  1.6843737e+00
  1.3204386e+00
 -4.0991250e-01
 -2.7173402e+00
  1.6093236e+00
 -1.4747435e+00
 -2.4481566e-01
 -1.8916246e+00
  6.9443113e-01
 -4.6048036e-01
  3.3026494e-02
 -7.4495435e-01
  1.6156405e+00
 -6.5442433e+00
 -1.1053654e+00
 -5.2396577e-02
  2.4956560e+00
 -1.4094917e+00
  1.1847047e-01
  1.0747344e+00
  2.3018956e+00
 -3.0957632e+00
  2.4389794e+00
 -1.4010549e+00
  5.7514817e-01
 -2.0618345e-01
  7.6370114e-01
  2.6590850e+00
  1.1593753e+00
  1.6165357e+00
 -3.4468046e-01
 -2.2005410e+00
  1.6301334e+00
  1.1832913e+00
  3.7611778e+00
  1.1987617e+00
 -2.3622429e+00
  1.8241606e+00
  1.3462975e+00
  1.5458504e+00
  1.6979872e+00
 -2.1835642e+00
  5.8432806e-01
  5.4015291e-01
 -2.0619156e+00
  8.4001803e-01
 -1.1036290e+00
  4.2518383e-01
  6.9778299e-01
 -6.2200952e-01
 -3.3439767e-01
  1.5015081e+00
 -1.4595326e-02
 -4.5862918e+00
  1.9127727e+00
 -3.9608517e-01
 -1.6907512e+00
  1.6205604e+00
 -1.2798615e+00
  2.1225853e+00
  1.8757024e+00
  5.8487878e+00
 -1.2726258e+00
 -2.5830691e+00
  3.0495999e+00
  8.5297078e-01
  4.6385708e+00
  8.7717229e-01
 -1.3517689e+00
  3.7514296e+00
 -4.4511051e+00
  2.2277653e-01
 -1.9257349e+00
  1.0622339e+00
 -1.2574711e+00
 -1.5434191e+00
 -4.0475655e+00
  1.0861014e+00
 -3.4636307e-01
  5.1168931e-01
 -4.3988591e-01
  1.1949463e+00
 -8.3136499e-01
  1.7970272e+00
 -3.8407753e+00
  3.7187827e+00
  1.8677967e-02
  4.3322563e-01
  9.1263920e-01
 -1.5895750e-01
  7.8029382e-01
  3.6304564e+00
 -1.8834543e-01
  9.4521511e-01
 -1.6986126e-01
 -2.5319639e-01
  1.8547802e+00
 -1.3395677e+00
 -1.1666229e+00
 -8.9067680e-01
 -9.5575237e-01
 -4.0829530e+00
 -8.4668338e-01
  4.4322701e+00
  1.1755625e+00
  2.6315296e-01
 -1.1666466e+00
 -2.0693157e+00
  1.1532394e+00
  3.3076259e-01
 -7.4798100e-02
 -1.5463818e+00
 -3.1473114e+00
  5.8768314e-01
  6.1804209e-02
 -1.1757916e+00
 -1.5563554e+00
  1.0479906e+00
 -1.2273974e+00
  1.1921883e+00
 -4.1616667e-02
 -5.3281558e-01
  2.9193895e+00
  4.3656898e+00
 -1.5798420e+00
 -9.8120642e-01
 -5.5160421e-01
  1.2176365e+00
 -9.1056514e-01
  3.1275897e+00
  3.6950314e+00
 -2.1470492e+00
  1.1970353e+00
  2.9020836e+00
 -2.3779142e+00
  1.5461922e+00
 -1.4695002e+00
  4.3603187e+00
 -6.4276606e-02
  5.2020602e+00
 -1.1830224e+00
 -7.4720883e-01
  1.2326012e+00
  1.3145075e+00
 -1.3811251e+00
  7.4902695e-01
  2.8974168e+00
 -1.3711654e+00
  2.5153563e+00
 -1.6825560e+00
 -1.2399762e+00
  1.9754578e+00
 -8.6059648e-01
  2.7035840e+00
  9.5501328e-01
  2.0035043e-02
  1.2031325e+00
  4.2332034e-03
 -5.1522934e-01
 -2.7918205e-01
  2.5167158e-01
 -1.1088166e-01
 -1.0024565e+00
 -1.4293503e+00
 -1.7643853e+00
  8.7463245e-02
 -1.4400712e+00
  2.5968051e+00
 -4.9833691e-01
 -8.9860219e-01
 -1.0186933e+00
 -1.5677226e+00
 -5.7750052e-01
 -6.2069066e-02
 -3.2105598e+00
 -3.1106846e+00
  8.0787092e-01
  1.0495661e+00
  5.3880531e-01
  3.6818814e+00
  1.3893173e+00
  1.7049023e+00
  1.4756094e-01
  5.4961371e-01
  4.0211856e-01
 -1.0183660e+00
  3.1811234e-01
 -7.1945643e-01
 -3.7616906e+00
  1.2128645e+00
 -1.8670920e+00
 -8.0051816e-01
  1.3732116e+00
  1.0459846e+00
  3.1102839e-01
  1.0309161e-01
  2.9591835e+00
 -1.1931884e-01
  3.0752096e+00
  3.2446232e+00
  4.8856063e+00
 -2.6245284e+00
  1.7083944e+00
 -9.5267427e-01
 -2.6412344e+00
  1.3324680e+00
  2.8193338e+00
  4.5056644e-01
  1.9406689e+00
  1.1161406e+00
  1.9198606e+00
 -1.2168854e-01
  3.6005139e-01
 -4.2535949e-01
  1.4775385e+00
 -1.1968427e-02
  4.1423863e-01
 -4.9574271e-01
 -2.1075573e+00
 -1.8643978e+00
 -1.8324246e-01
  1.1081215e+00
  3.2526538e-01
 -3.3413574e-01
  1.6906564e+00
  8.4419996e-01
  1.1965338e+00
 -3.7405479e+00
  3.8263509e+00
 -8.5919923e-01
 -2.1816567e-01
  1.0424821e+00
  4.0475461e-01
 -6.8950903e-01
 -3.4824862e+00
 -3.6086127e-01
 -1.7814746e+00
 -8.9007843e-01
 -1.4857537e+00
  6.4470184e-01
  1.2833884e+00
  4.1362491e+00
 -1.5217772e+00
  1.3036202e+00
  2.0763686e+00
 -9.9877000e-01
 -4.5764428e-01
 -2.8368163e+00
  5.4552655e+00
  5.3883457e-01
  1.1805611e+00
 -4.8157576e-02
  2.6308606e+00
 -1.2517896e+00
  2.1694551e-01
  3.3906188e+00
  2.7120280e+00
  1.4599168e+00
  2.8091128e+00
  2.6425803e+00
 -2.7749629e+00
 -7.3465061e-01
  3.3745656e+00
  5.9215802e-01
  1.5381975e+00
 -2.1139590e-01
 -2.6157019e-01
  3.1255090e-01
 -1.0723660e-01
  1.4182353e+00
  1.4192221e-01
 -5.4327458e-01
  1.3500140e+00
 -5.7096654e-01
  1.5825268e+00
  5.8889216e-01
  7.6006395e-01
  8.3931524e-01
 -2.2012553e+00
  1.9336720e+00
  2.7715797e+00
  1.3965087e+00
  3.9229283e-01
 -2.0264060e+00
 -7.0094639e-01
  2.7736539e-01
  3.4418023e+00
 -6.0610762e+00
  1.8289565e+00
 -6.5996595e-02
 -1.5405354e+00
 -2.3805485e+00
 -1.7061639e+00
 -3.4474127e+00
 -8.4999079e-01
  2.5936174e+00
 -2.0493526e+00
 -1.2815161e+00
 -8.2479417e-01
 -5.6369263e-01
  1.3349161e+00
 -9.5622218e-01
 -3.8038328e+00
 -1.7034605e+00
 -8.6154711e-01
  1.0958351e+00
 -1.7659290e+00
 -1.8418835e+00
 -3.4155161e+00
  1.3938520e+00
  4.8504561e-02
  3.6887002e-01
 -1.7508395e-01
 -5.4378015e-01
  6.5772146e-02
 -2.2545588e+00
 -6.4793915e-01
 -4.0538011e+00
 -9.9496990e-01
 -1.4226291e+00
 -3.0348773e+00
  1.1302043e+00
  6.7930561e-01
 -4.5450869e-01
 -2.2563486e+00
  1.3660085e+00
 -2.1613929e+00
 -5.4019988e-01
  2.2395539e+00
  8.6616343e-01
 -7.6271474e-01
 -2.3109362e+00
 -1.1305219e-01
 -2.4637957e+00
  5.3209609e-01
 -1.6476148e-01
  1.1680667e-01
 -1.6528282e+00
 -2.1991291e+00
 -1.9186778e+00
  8.3560854e-01
 -1.0318588e+00
  3.9041039e-01
 -1.6412422e-01
  8.6075433e-02
  1.9878334e-01
 -1.7463777e+00
 -4.1851091e-01
  1.2735052e+00
  2.0268942e-01
 -1.2311503e+00
  1.8344122e+00
 -1.5816838e-01
 -2.9895675e-01
 -9.4973493e-01
 -1.1503856e+00
 -2.1774259e+00
 -2.4447152e-01
 -9.4817184e-02
  4.9080014e-01
 -2.4926300e+00
  1.4385411e-01
 -1.9813799e+00
 -2.5744355e+00
  1.6152610e+00
  2.2654989e-01
 -2.1560460e-01
  9.7007520e-02
  3.8549089e+00
 -3.6018625e-01
 -1.9698808e-01
  1.8672942e+00
 -6.8358439e-01
 -1.1965054e+00
 -2.6445963e+00
 -3.4032398e-01
 -1.3642676e+00
 -1.2589572e-01
  2.6751549e+00
  2.2485402e+00
 -2.6138902e+00
  2.5397913e+00
  2.9272568e+00
 -1.5661908e+00
  9.6063867e-02
  6.1815059e-01
  1.7557441e+00
 -8.7565207e-01
 -1.5900104e+00
  3.0667083e+00
 -8.0990714e-01
  9.9670464e-01
  1.3520277e-01
 -1.9797935e+00
  7.5489891e-01
  3.3332043e+00
  1.9010433e+00
  1.2100410e-01
  2.5529008e+00
 -2.2582498e+00
 -8.6635336e-02
 -3.1325102e+00
 -2.0630143e+00
 -4.4128919e-01
  3.0602494e-01
  3.5846260e+00
  9.4058150e-01
  1.8827363e+00
 -1.6576871e+00
 -1.2925950e+00
 -9.2383903e-01
 -2.1147513e+00
  2.5191146e-01
  1.4327832e+00
 -2.5046341e+00
  1.6555785e+00
  8.4941101e-01
 -2.9908428e-01
 -8.4460688e-01
  5.1214871e+00
 -4.4719343e+00
  4.1797986e+00
  1.2012668e+00
 -3.5460560e+00
  2.7983552e-01
  1.1772755e+00
 -1.6366242e+00
  4.9203196e+00
 -1.0388809e+00
  9.6703470e-01
  2.1436431e+00
  5.2724156e+00
  4.3634555e-01
  2.3207624e+00
  1.4740020e+00
  1.3570480e+00
 -3.1807935e-01
  2.2585971e+00
  5.6285417e-01
 -5.6231489e+00
 -6.9276559e-01
 -1.9740775e+00
 -1.3549510e+00
  7.6971424e-01
 -1.3211025e-01
  1.6162581e+00
 -1.9233443e-01
  1.4388878e+00
  1.3336577e-01
 -1.9814275e-01
 -1.1860331e+00
 -1.6396573e+00
 -3.0479009e+00
  9.3835962e-01
 -1.1237305e+00
  2.0691492e-01
  3.0844173e+00
  1.0680995e+00
  3.0224295e+00
 -7.8993475e-01
  5.0658339e-01
 -8.9310288e-01
 -1.0949718e+00
  2.4932380e+00
 -3.0468543e+00
 -4.4038433e-01
 -7.1663731e-01
  1.0837884e+00
 -2.6819974e-01
  1.0598938e+00
 -1.9469131e+00
 -4.5228818e-01
 -1.0660688e-01
  3.0399835e-02
 -7.3703480e-01
  6.5618378e-01
  2.4440417e+00
 -4.1124135e-01
  4.8280433e-01
 -1.3827769e+00
 -4.9300978e-01
 -6.4838988e-01
 -1.8580159e+00
  5.2731495e+00
 -6.0115749e-01
 -2.4684766e-01
  5.0885433e-01
  2.6597733e+00
  9.7612810e-01
 -1.4090332e+00
  4.0866905e-01
 -2.7305322e+00
  1.0107046e+00
  3.5565326e-01
 -2.4206152e+00
 -4.6454027e-01
  9.3822038e-01
 -4.0710852e-01
 -1.8729399e-01
  1.5042567e+00
 -1.8683631e+00
 -1.5136955e+00
  4.1319675e+00
  2.7645934e+00
 -2.4965942e+00
  2.2573473e-01
 -2.7811122e+00
  7.0342451e-01
  3.7838323e+00
  1.9954644e-02
 -1.2516457e+00
 -1.9841279e+00
 -1.2727457e+00
  1.8352221e+00
  2.1267014e+00
  8.3903992e-01
  2.5181448e+00
 -8.6937547e-01
 -6.1196434e-01
  9.0631342e-01
 -2.5794718e+00
 -7.6805604e-01
  5.6801820e-01
 -1.3279529e+00
 -3.1314704e+00
 -1.1381274e-01
 -3.6856803e-01
 -1.4559624e-02
 -7.5890309e-01
  4.9673657e+00
 -1.5821729e+00
  7.0570391e-01
  2.4521401e+00
 -1.5283359e+00
  2.0920603e+00
  7.7786762e-01
  1.7357858e+00
 -2.0141163e+00
 -1.0624253e+00
 -3.4550250e+00
  1.1762887e+00
 -7.4806738e-01
 -2.2452002e+00
  1.3532624e+00
  2.4695508e+00
 -3.7571554e+00
  4.5826018e-01
  2.0820417e+00
 -2.2803302e+00
 -3.6199679e+00
 -1.8032603e+00
 -7.3852873e-01
 -9.8944597e-02
  1.0753827e-01
 -5.3236980e-02
 -3.7383944e-01
  4.8565203e-01
  6.1131620e-01
 -4.1352424e-01
  7.8434527e-01
  7.0631725e-01
 -1.5975063e-01
  1.5356462e-02
  2.1135832e-01
 -1.5872576e+00
  4.4959393e-01
 -3.7517305e-02
 -2.5791562e-01
 -4.7168196e-03
  8.9727938e-01
 -3.5878491e+00
  1.3906851e+00
  3.0986521e-01
 -4.9766579e-01
 -5.9390604e-02
  3.1037876e-01
  2.7906325e+00
 -6.7240998e-02
 -9.9688339e-01
 -1.7962420e+00
 -5.1460505e-01
 -1.8770139e+00
  6.2694526e-01
  3.9472184e+00
 -3.0695701e+00
  1.5567876e+00
  8.1739467e-01
 -1.5202831e+00
 -2.3730467e-01
  3.5298672e-01
 -9.8690951e-01
 -5.3060108e-01
 -4.9463055e-01
 -1.4867446e+00
 -1.8322188e+00
  3.8401830e-01
 -1.5790826e+00
 -2.2237718e+00
  2.5450253e-01
 -2.5251138e-01
 -6.7709821e-01
 -1.5654968e+00
  6.0696578e-01
 -2.0478592e+00
  6.5750247e-01
 -2.8937820e-01
  1.1183761e+00
  3.2848188e-01
  2.5269525e+00
 -7.0572430e-01
  3.9773939e+00
  3.3088663e+00
 -2.3427469e-01
  5.9929389e-01
  7.1030599e-01
 -7.8220081e-01
  3.6973318e-01
 -1.3228956e+00
 -2.9258485e+00
 -2.5240767e-01
  2.9247906e+00
  3.3368068e+00
 -1.7117336e-01
  2.7631253e-01
 -1.7070156e+00
  2.7157121e+00
 -9.4270349e-01
 -3.4793663e+00
  6.8352067e-01
  1.2635249e+00
  3.7816887e+00
 -5.9659821e-01
  4.6251997e-02
  2.0649385e-01
  9.8241866e-01
  8.0971420e-02
 -1.6933975e+00
  1.4550152e-01
  8.9151102e-01
  4.4328424e-01
 -3.0007413e-01
 -6.0045207e-01
 -9.1559660e-01
  1.2284790e+00
 -1.0970492e+00
  1.8634717e-01
 -4.0817362e-01
  9.0048678e-02
 -4.3704271e-02
 -6.4302504e-01
  5.7233429e-01
  5.3723329e-01
 -2.9736343e-01
  1.4470123e-01
  7.9346411e-02
  3.2148802e-01
 -1.4541698e-01
  3.4159413e-01
 -5.2124649e-01
 -2.5353810e-01
  1.4338194e+00
  1.2976162e-01
  1.0965133e-01
 -1.4850114e-02
  1.4210153e+00
 -3.3484751e-01
  6.7236859e-01
  1.3426449e+00
 -2.2525914e+00
 -1.3942602e-01
 -4.9902880e-01
 -2.3457377e+00
  5.9592402e-01
 -1.9070417e+00
 -1.0101355e+00
 -8.1639849e-02
  2.2628942e-01
 -6.3745010e-01
  2.3299624e-01
 -1.1360211e-02
  5.5384874e-01
 -4.2194266e-02
  1.1332071e-01
 -1.8363949e-02
 -1.1932817e-01
 -1.0043385e-01
  5.2694261e-01
  1.0273902e+00
  2.6616721e+00
  2.1199174e-01
  6.0181570e-01
  1.0773182e+00
 -3.0112913e-01
  4.0957522e+00
  1.0492052e+00
  9.9073863e-01
  1.4621702e+00
  1.0969543e+00
  1.3174394e+00
 -7.5197834e-01
  9.7229935e-02
  5.6204152e-01
  9.4583851e-01
  1.2605306e+00
  1.9218485e+00
  2.7764449e-01
  1.6505356e+00
  1.8674286e-01
  6.6549313e-01
  1.6601507e-01
  2.8821902e-02
  8.6612546e-01
  4.1650945e-01
  6.9390607e-01
  7.3350066e-01
  4.2059284e-01
 -1.8076909e+00
  3.3411297e-01
  2.7006823e-01
  3.1683925e-01
  1.1125382e+00
 -3.2942113e-01
  6.7599452e-01
  5.6601381e-01
  7.4267930e-01
 -3.3618860e-02
  1.1066592e-01
 -2.4490458e-01
  1.0217793e-01
  4.3777540e-01
 -2.1106850e-01
  3.2301256e-01
  2.6160855e-02
  8.1411451e-02
 -2.0882805e-01
  5.6996170e-02
  3.1259593e-01
  4.3635111e-02
  3.1065241e-01
 -1.9828369e-01
  3.9973599e-01
  2.6249948e-01
 -9.1802114e-01
 -5.3191954e-01
  3.9844823e-01
  3.0867001e-03
 -2.6033333e-01
 -1.9864829e-02
  1.1628376e+00
  3.6906174e-01
 -6.7491785e-02
 -1.8712020e-01
  1.2199967e+00
 -8.2348980e-02
 -2.4550889e-01
  2.4487616e-01
 -9.3798751e-01
 -9.6353754e-02
 -3.7400883e-01
 -4.8628340e+00
 -3.5073826e-01
  2.1927757e-02
 -5.4280245e-01
  1.4450003e+00
 -1.4808891e+00
 -1.5453167e-01
  2.2790925e-01
 -1.1037085e+00
 -6.1943750e+00
 -3.4001169e-01
  1.3743168e+00
 -2.0357878e+00
 -2.2677352e-01
 -5.5181427e+00
 -2.1848943e+00
  1.2684578e+00
  7.7970642e-01
 -1.2240442e+00
  1.1973344e+00
  2.5738947e+00
  1.0437920e+00
 -1.0655633e+00
 -1.2298379e+00
 -2.0898037e+00
  3.2138240e-02
  4.4413504e-01
 -1.3772006e+00
 -1.7322066e-01
 -5.0038986e-02
 -8.3619937e-02
  2.3250339e+00
  8.7816358e-01
 -9.4230521e-01
 -1.0944105e+00
 -4.3689817e-01
  1.5818025e+00
 -2.9064202e+00
 -2.1359031e+00
  4.7489071e-01
  3.6492462e+00
 -1.7261072e+00
 -3.9748061e-01
 -8.5075414e-01
 -1.3452146e+00
 -3.3063889e-02
 -1.4292376e-01
 -6.0608309e-02
 -1.4974893e+00
 -9.3471980e-01
 -2.7278653e-01
 -1.5638626e+00
  8.4585756e-01
  2.3127148e+00
 -1.1677985e+00
 -1.6311533e+00
  7.7053130e-02
 -9.8166108e-01
  4.7232616e-01
  1.5633200e+00
  6.6547287e-01
 -7.8888416e-02
 -7.0438452e-02
  1.3284160e-01
  3.0053589e-01
 -1.3335596e+00
  1.1813236e+00
  1.0645299e+00
  1.6579425e-01
 -3.5482953e+00
  7.9239756e-01
  9.6721911e-01
 -2.3006229e-01
 -6.1810269e+00
  1.7259084e+00
 -1.8886571e+00
  5.3651935e-01
 -1.5197505e+00
 -2.2134893e+00
 -1.2396847e-01
  2.2303240e+00
 -6.5958178e-01
 -3.4239635e+00
 -6.7100680e-01
 -2.5288160e+00
  1.3986552e+00
 -2.2602326e-01
  2.8607500e+00
 -1.3531736e+00
 -1.1407199e+00
  6.5148091e-01
  1.9428408e-01
  5.0518804e+00
  6.0434949e-01
 -9.1206300e-01
  4.2740870e+00
 -1.1565163e+00
 -3.9943939e-01
 -3.2685771e+00
 -3.5552934e-01
  4.9581852e+00
  1.6254972e-01
 -2.3204715e+00
  1.5553732e+00
  6.0431534e-01
  4.8353596e+00
 -1.3337772e+00
 -1.5248363e+00
 -8.8624366e-02
  5.5341065e-01
  8.7355006e-01
 -2.1273346e+00
 -1.8150594e+00
 -4.0714869e+00
  6.2605727e-01
 -6.1734802e-01
  4.4095638e-01
  9.6284890e-01
 -1.2811928e+00
  1.6163684e+00
  2.5920806e+00
 -4.4402879e-01
  4.0950408e+00
 -3.3920589e-01
  6.6672432e-01
  7.4960870e-01
 -2.1715479e+00
  2.5978580e+00
 -1.6265395e+00
 -1.2924446e-01
 -2.4887779e+00
  1.1238862e+00
 -1.8738033e+00
  5.5254579e-01
 -1.9569904e+00
  7.2526288e-01
 -2.9950244e+00
 -1.5250568e+00
 -7.7249318e-02
  5.7655823e-01
 -2.9752970e-01
 -4.0320644e+00
  5.9566660e+00
  2.4133649e-01
  1.1937194e+00
  1.7768445e+00
  1.0590448e+00
  3.6336687e+00
  2.8030689e+00
  1.9088417e+00
 -5.6412810e-01
 -1.6420785e-01
  2.6003380e+00
 -3.0179358e+00
  3.0766630e-01
 -1.6956583e+00
 -3.1086626e+00
 -5.8877954e+00
 -3.6738944e+00
 -4.0669653e-01
 -5.4385942e-01
 -3.4493870e-01
 -1.6959882e-01
  6.0881621e-01
  8.0629528e-01
  4.2877519e-01
  1.8823078e+00
  4.9345054e-02
  3.0417757e+00
 -1.1005607e-01
  1.6982934e+00
  5.0287194e+00
  4.2023081e-01
  1.2375040e+00
  2.3463402e+00
  7.1245110e-01
 -1.2629359e+00
  2.3050641e-01
  5.6527686e-01
  5.4507728e+00
  3.3874724e+00
 -2.0808911e+00
  2.1748617e+00
 -1.3376477e+00
  1.5869119e+00
  2.6493576e+00
 -2.1239944e+00
  6.1067939e-02
 -3.6512897e+00
 -1.3265622e+00
 -2.2499583e+00
  2.8293335e+00
  8.4659301e-02
  3.3636555e-01
  6.1310697e-01
 -2.4576161e+00
  2.0853369e+00
 -2.3178367e-01
 -1.3723782e-01
 -2.4569609e+00
  1.1567061e+00
  1.2625092e-01
  9.1016495e-01
  7.5405753e-01
 -4.1861850e-01
 -3.5205755e-01
 -1.2975334e+00
  2.1019450e-03
 -4.9341884e-01
 -7.3052400e-01
  5.8127421e-01
 -1.4702520e-01
  4.9732333e-01
 -1.5439154e+00
 -9.7730416e-01
 -5.7582378e-01
 -6.1380762e-01
 -7.2344072e-02
  1.9378507e-01
 -4.0108857e-01
  4.8496398e-01
  3.2466680e-01
 -7.3294818e-01
  3.6526608e-01
 -4.4540548e-01
 -4.3295735e-01
  3.7931365e-01
  5.9400737e-01
 -8.0666184e-01
 -1.2740787e+00
 -5.2859610e-01
 -6.7684114e-01
  1.3318694e+00
  1.6652319e-01
 -9.6163459e-02
 -1.4008330e-02
  1.1822060e+00
  1.0384692e+00
 -8.2434875e-01
 -1.3051684e+00
 -1.2228349e+00
  5.4759544e-01
 -9.9019718e-01
  1.4721751e+00
  2.7627029e+00
 -1.3829573e+00
  2.1688175e+00
 -1.0753629e+00
 -3.1268522e-01
 -1.4980985e+00
 -1.4254452e+00
 -1.0898171e-01
  1.2904465e+00
 -2.6572382e+00
 -1.1294302e+00
 -6.3756746e-01
  4.0812510e-01
  4.7358990e+00
 -1.2286563e+00
  2.8731993e-01
  8.6581588e-01
  2.4309895e+00
 -2.4605539e+00
 -5.0876093e+00
  2.1969972e+00
 -3.5476720e+00
 -2.5126560e+00
 -2.6102388e+00
  6.9796497e-01
 -1.9176937e+00
  1.7907364e+00
  1.1601148e+00
 -4.1912552e-02
  6.8485099e-01
  1.9641031e+00
 -2.9516113e-01
 -3.3600387e-01
  1.4246670e+00
  3.2227757e+00
 -5.4750770e-02
 -9.5093542e-01
  1.9737093e+00
 -7.5524151e-01
  4.1105418e+00
 -5.0637901e-01
  1.3781126e-01
  3.8885221e-01
 -1.7307431e+00
 -1.5690727e+00
  1.1451129e+00
  3.1373422e+00
 -4.1145113e-01
  2.6863915e-01
 -7.8227776e-01
  9.2354470e-01
  4.2884350e-01
  5.8803195e-01
 -1.3681797e+00
  4.6133995e+00
 -1.4080132e+00
 -3.4020536e+00
 -2.4618323e+00
 -1.5447563e+00
 -1.9443738e+00
  2.1056349e+00
 -2.1232224e+00
 -3.2855394e-01
  2.7423255e+00
 -1.0558497e+00
  2.4836113e+00
  1.1792037e+00
 -8.8698071e-01
  2.1910337e-01
  6.1299765e-01
  4.6519306e-01
  3.1448491e+00
 -2.6304550e+00
  3.8282317e-01
 -1.2359786e+00
  2.6406500e+00
 -7.9235220e-01
  2.7320104e+00
 -1.1129682e+00
 -5.2107978e-01
  8.5731548e-01
 -1.7173327e+00
  1.3409072e-01
 -8.1530702e-01
 -2.5433397e+00
 -9.2806131e-02
  2.5123580e+00
 -8.6839581e-01
 -1.7728733e+00
 -4.4877858e+00
  1.3050848e+00
  3.6770764e-01
  4.2110033e-02
 -2.4706264e+00
 -2.4491339e+00
 -5.7008857e-01
 -1.7533010e+00
  2.5534837e+00
  5.1255095e-01
  3.3814490e-01
 -2.9346618e-01
 -2.5874713e-01
  4.5448413e-01
 -1.1409333e+00
  2.4651761e-01
 -2.9665685e-01
  2.5662143e+00
 -8.1087422e-01
 -2.9876201e+00
  4.9311188e-01
  4.9757290e-01
  1.7989602e+00
  3.7475007e+00
 -1.3690493e-01
 -1.6425009e+00
 -1.0086561e+00
  1.1239557e+00
 -8.9169554e-02
  4.4709972e-01
 -2.5024939e+00
 -1.8754324e-01
 -3.4369931e+00
 -5.4777092e-01
  1.8392771e-02
  2.5404471e-01
  8.0538452e-01
 -5.9954381e+00
  1.2741561e+00
  4.5999688e-01
  3.6392696e+00
 -5.3011054e-01
 -3.4993447e-02
  1.9592272e+00
 -1.3107162e+00
  8.7735698e-02
  1.3253185e+00
 -2.1184711e+00
 -2.6981121e-01
  1.1727601e+00
  1.0564436e+00
 -1.8588436e+00
  3.6174983e-01
 -6.5680248e-01
  2.6376848e+00
  8.1889755e-01
  8.3573055e-01
  1.6327002e+00
  7.1515000e-01
 -8.5625130e-01
  7.1474320e-01
 -1.2930556e-01
 -5.5216706e-01
 -8.3013636e-01
  8.8661247e-01
 -3.6954496e+00
  2.7722795e+00
  3.4990175e+00
 -2.3312457e+00
  4.7094733e-01
  2.1884643e-01
  1.3097937e+00
  1.5356503e-01
 -1.0416126e+00
 -8.0929333e-01
  1.1056758e+00
 -7.7554852e-01
  1.0270267e+00
 -3.0883298e+00
 -4.6277928e-01
 -2.4944887e+00
 -3.1569080e+00
  4.1474584e-01
 -2.3461754e+00
 -3.0314882e+00
 -5.4042780e-01
  4.4338074e+00
 -1.5245913e+00
  3.6870196e-02
  2.2594831e+00
 -6.5958685e-01
 -2.0930885e-01
  1.5341088e+00
 -2.6618199e+00
 -2.4352911e+00
 -5.7440603e-01
  2.2014175e-01
 -2.6902795e-01
  1.3760780e+00
 -9.8322427e-01
  2.2686217e+00
 -3.2136050e-01
 -1.4367288e+00
  4.0880173e-01
 -3.6856309e-01
  1.5638609e+00
 -7.7363396e-01
 -2.3281717e+00
 -2.5223746e+00
 -8.0444747e-01
  2.1236391e-01
 -1.4406058e+00
  1.0711635e+00
 -9.1523802e-01
 -2.3677397e+00
  1.3779831e+00
 -1.6919154e+00
 -2.6598012e+00
 -7.6404715e-01
  1.7955377e+00
 -3.1398529e-01
 -1.1395199e+00
 -5.2109960e-02
 -1.0717199e+00
 -1.1152837e+00
 -2.9231901e+00
 -2.2127676e+00
 -1.0204346e+00
  4.1785669e-01
 -4.3276148e-03
 -1.6927567e+00
 -3.4963395e-02
 -6.0672641e-02
  1.4046009e-01
  3.4752831e+00
 -2.4445333e+00
 -1.3728739e-01
 -1.7325104e+00
 -1.8680761e+00
 -1.0466294e+00
  6.0928106e-01
 -3.3963355e-01
  1.2315422e+00
 -3.0215475e-01
 -6.7074317e-01
 -6.2864095e-01
 -1.1279007e+00
  6.6041315e-01
 -2.5700516e-01
  2.4233772e-01
  2.3842983e+00
 -4.0338106e+00
  1.6481838e+00
 -3.8184226e-01
 -4.1541486e+00
  3.0055969e+00
  4.9409407e-01
 -1.1454007e-01
  4.6119907e-01
  2.0601375e+00
 -1.5868314e-01
  2.1501215e-01
 -1.2620528e+00
 -8.7128359e-01
 -1.5992941e+00
 -2.1237030e+00
 -9.7601235e-02
 -2.9026639e+00
  2.2075014e-01
  4.0853019e+00
 -2.0021334e+00
  3.1424197e-03
  1.5053005e+00
 -2.7183344e+00
 -7.7465552e-01
 -1.4710151e+00
  7.6137233e-01
 -1.2613150e+00
  1.8392295e+00
 -1.7453372e+00
  4.5141074e-01
 -3.4016055e-01
  1.1292278e+00
 -1.1565297e-01
  2.5518639e+00
 -1.9840069e+00
 -1.5340415e+00
  2.7678874e+00
  4.9655771e-01
 -3.3846006e-01
 -1.5720941e-01
 -1.5661196e+00
 -1.5782471e-01
 -1.2390453e+00
 -1.0407280e-01
 -8.2956940e-01
 -2.3956187e+00
 -1.3670963e+00
 -2.0724146e-01
  1.1500578e+00
 -1.2183236e+00
  3.9062059e-01
 -2.6090574e-02
  1.9634603e+00
  2.1602476e+00
  6.7572409e-01
  3.8641509e-01
  2.9015994e+00
  2.8708735e+00
 -2.4293926e+00
 -2.5024619e+00
  1.5183090e+00
 -2.1782775e+00
 -3.0539268e-01
 -7.7009594e-01
  2.3432682e+00
  3.0324909e-01
  1.4994775e+00
 -3.5865896e+00
 -1.3730026e+00
  3.9551970e-01
 -9.1146487e-01
  4.4432025e+00
  2.4404515e-01
 -1.4692500e+00
  6.0279989e-01
 -8.9331955e-01
  5.2061979e-02
 -8.9524573e-01
  1.7135547e+00
 -5.9294885e-01
 -2.2028174e+00
 -3.9618974e+00
  2.3234043e-01
  3.4027223e-02
  3.0367985e+00
  4.4854313e-01
  5.2504969e+00
  3.4703863e-01
  5.0110245e-01
  3.1412117e+00
 -1.1316996e+00
 -1.6265962e-02
  1.7662807e+00
  1.4537333e+00
  4.1780349e-02
 -4.6078980e-01
  2.6410255e-01
 -1.5448169e+00
 -1.3816682e+00
  3.1646094e-01
 -4.6239483e-01
  1.5297885e+00
 -2.8699777e+00
  1.7813941e+00
 -8.1358969e-01
 -4.1142111e+00
  5.9815872e-01
  5.3580159e-01
 -1.8136681e+00
 -1.7795844e-01
 -2.7259040e+00
  3.7715156e+00
  2.3969837e-01
  2.5035040e+00
 -3.5115809e+00
  1.1780226e+00
 -4.5920831e-01
  2.4685216e+00
  3.4801710e+00
  2.9075497e-01
 -9.6039772e-01
  2.0275967e+00
 -1.0252187e+00
 -6.0443521e-01
 -9.5608336e-01
  4.5675671e-01
 -6.1971068e-01
 -5.4454499e-01
  1.1304855e+00
 -1.8370880e+00
  2.5858060e-01
  2.7153785e+00
 -2.0598257e+00
 -3.0676943e-01
 -1.5419767e+00
 -3.2842237e-01
 -1.3923888e+00
 -1.7061383e+00
 -8.8383788e-01
  5.6042546e-01
  2.3086619e+00
 -1.3775944e+00
  3.4801595e-02
 -1.6616863e+00
 -5.6983513e-01
 -2.9545338e+00
 -3.6160341e-01
  1.4407235e+00
  6.4018315e-01
  9.9355645e-02
  1.9426093e+00
  9.1132641e-01
  7.0053637e-01
 -2.8213315e+00
 -2.0051510e+00
 -1.4547006e-02
 -3.3567140e+00
 -4.8776013e-01
 -8.8906026e-01
  2.4781766e+00
  2.1315508e+00
  3.4591722e-01
 -1.1127243e+00
 -1.7162820e+00
 -3.6026623e-02
  1.1494894e-01
 -5.3873432e-01
 -6.8707573e-01
 -3.6843841e+00
 -1.4082776e+00
 -1.7781810e+00
  4.2826852e-01
  2.0691419e+00
 -1.4840436e+00
 -4.4906652e-01
  3.3070202e+00
 -2.2376895e+00
  7.9969585e-01
 -9.9966055e-01
  1.4696845e+00
 -2.1836200e-01
  1.3782562e+00
 -2.3217149e+00
 -2.6578825e+00
 -1.3294661e+00
  1.3448098e+00
  2.8790658e+00
  6.3203496e-01
 -1.5884836e+00
 -2.0574698e+00
 -3.8244712e-01
 -3.4520974e+00
 -1.0026140e+00
 -2.5145552e-01
 -2.2203004e-01
 -2.2109628e+00
 -2.0212555e+00
  1.1682072e+00
  1.3555934e+00
  2.6861623e-01
 -1.5609211e+00
 -1.8086630e-01
  2.1022391e-01
  1.6220375e+00
 -1.2261661e-01
 -3.1540849e+00
 -7.0958650e-01
 -2.2545059e+00
  5.2920514e-01
 -3.3749321e-01
  1.0344367e+00
 -2.1273246e-01
 -7.8007370e-01
  1.1489863e+00
  7.9750496e-01
 -8.0632120e-01
 -3.2605999e+00
  1.0058393e+00
  5.4458624e-01
 -1.4513429e+00
  3.1879816e+00
  1.2247888e+00
 -2.1249893e+00
  4.6040975e-02
  9.4920731e-01
  2.3324724e-01
 -1.1915081e-01
  7.5872940e-01
  1.8300627e-01
 -1.0534730e-01
  1.5195192e+00
 -1.3926977e+00
  4.4332705e+00
  8.4185672e-01
  2.5737309e+00
 -1.8629524e+00
  2.6905921e-03
 -4.2592749e-01
 -2.1589954e+00
  1.3902574e+00
  9.8779154e-01
  1.2781441e+00
 -6.0049891e-01
  1.1343716e+00
 -6.5264165e-01
  1.7364620e+00
  6.1362013e-02
 -2.7741008e+00
 -3.1463993e-01
 -6.3762605e-01
 -1.0585593e-01
 -3.3955693e+00
 -8.5015076e-01
  4.9406480e-02
  1.6113096e+00
  5.1867288e-01
 -9.9274117e-01
  2.2247467e+00
 -1.6016972e-01
 -1.8511525e+00
 -2.9264181e+00
 -3.0657363e+00
 -9.5410734e-01
 -1.8033587e+00
  2.4365070e+00
  1.2181522e+00
  1.4101131e+00
  1.9882238e+00
  1.6335609e+00
 -8.1713837e-01
 -1.5258914e+00
 -4.2256665e+00
 -3.0568204e+00
 -2.6900208e-02
  6.1554986e-01
  8.3447087e-01
  7.8848869e-01
  2.2564631e+00
  1.2516558e+00
 -2.9735501e+00
 -2.3933949e+00
 -9.7087674e-02
 -1.4809033e+00
  3.8064870e-01
  1.5765850e-01
  6.2343615e-01
  1.2931134e+00
  9.6262956e-01
  8.2062316e-01
 -2.9935801e+00
 -7.8832585e-01
  1.3103548e-01
  1.7880448e+00
  2.1562235e+00
  9.1740835e-01
 -5.9913796e-01
  1.4690303e+00
 -3.5373850e+00
 -3.2035303e+00
 -3.5995657e+00
 -2.3655660e+00
  8.8326824e-01
 -2.6192226e+00
 -2.8912064e-01
  8.1008039e-02
  1.6368233e+00
  6.8940538e-01
  8.7811035e-01
  1.6223851e+00
  2.6283938e-01
  1.2579719e+00
 -1.1137538e+00
  9.0631318e-01
 -4.4155687e-01
 -3.5137625e+00
  1.5715330e+00
 -1.9657469e+00
 -2.4624565e+00
  3.5275972e+00
 -3.2145267e+00
  9.1617100e-02
 -1.7248485e+00
  8.9825070e-01
  4.3842399e-01
 -5.3142123e+00
 -9.6240866e-01
 -2.5412703e+00
  1.1444049e+00
  2.4775393e-01
 -3.2192060e-01
  9.5798218e-01
  4.8548153e-01
  2.4288201e+00
  1.2865380e+00
 -7.9311186e-01
 -2.5466478e-01
  1.0597638e+00
  3.9373286e+00
 -1.0008017e+00
 -4.8103232e+00
  7.1485341e-01
 -2.4162061e+00
 -2.6684046e+00
  1.0020593e+00
 -1.3133497e+00
 -2.7186601e+00
  2.1689763e+00
 -3.3282685e+00
 -1.6420953e+00
 -2.0865526e+00
  4.0314841e-01
  2.5667286e-01
 -6.0420346e-01
 -3.1539567e+00
 -1.2086979e-01
  6.1722416e-01
 -2.4420149e+00
 -2.2804914e+00
  8.8293713e-01
 -2.1143374e+00
  1.6257989e-01
  3.0879040e+00
 -1.6084878e+00
  5.2130342e-01
  9.0355265e-01
 -1.0998369e+00
  1.6658258e-01
 -2.1625724e-01
 -2.3617744e+00
  9.2765778e-01
  2.6631763e+00
 -1.6819609e+00
  1.2468319e+00
  1.6503285e+00
 -3.4731472e+00
  5.9636378e-01
 -2.8203928e+00
 -3.5178964e+00
 -6.7931616e-01
 -1.2450064e+00
 -8.1665891e-01
  4.3388190e+00
 -6.7304879e-02
 -3.8942099e-01
 -3.4979937e+00
  2.8059024e-01
 -1.2456135e+00
 -3.4491289e-01
  1.1129671e-01
  3.2607713e+00
  9.0733415e-01
  1.6390437e+00
  1.7848155e+00
 -2.9805532e-01
  3.2349610e+00
 -1.2820528e+00
 -2.7437041e+00
 -2.9082140e-01
 -1.6803093e-02
  2.6990941e+00
  2.1317406e+00
 -1.4009898e+00
 -2.1208416e-01
  8.2959402e-01
  1.3961874e+00
  4.6135178e+00
 -9.5475388e-01
  1.1118190e+00
  1.6731982e+00
 -4.5349073e-01
  3.0030692e+00
 -4.2345719e+00
  1.6101328e+00
 -1.5054898e-01
 -2.9991135e-01
  3.1688672e-01
 -2.6936219e+00
 -4.4971716e-01
 -1.1976273e+00
 -2.0304196e+00
 -6.1948246e-01
 -4.4220915e-01
  1.9628284e+00
 -9.8169136e-01
  2.4387717e+00
 -1.4400743e+00
  8.9804120e-02
  1.6768588e-01
  2.6171336e+00
 -9.6764678e-01
 -3.0456585e-01
 -3.2203850e-01
  9.1432309e-01
 -2.8226912e+00
 -1.4708323e+00
 -3.1102333e+00
 -1.1236475e-01
  2.2879190e+00
  1.3990291e+00
  1.2592454e+00
  2.5728877e+00
  5.2570486e-01
  2.8811753e+00
 -1.4351202e+00
  1.7252341e-01
  1.8398875e+00
 -1.4393094e+00
  1.6559888e+00
 -1.0559056e+00
 -1.1302613e+00
 -1.4646503e+00
  5.5741863e+00
 -1.5053838e+00
  1.9292338e+00
 -1.5436221e+00
  2.7917767e+00
  2.2326360e+00
 -8.9626020e-01
  9.7029924e-01
 -2.4192941e+00
  2.3859973e+00
 -9.1053188e-01
  1.6829063e+00
 -1.0115410e+00
  1.5210426e+00
 -2.2205429e+00
 -8.7616575e-01
 -4.2941408e+00
 -2.3768704e+00
  2.5594540e+00
  2.0119066e+00
 -4.7208290e+00
 -2.3590736e+00
 -1.9283442e-01
  1.1975279e+00
 -1.3969606e-01
  2.1569045e+00
 -1.6855010e+00
 -2.0264812e-01
  6.6199489e-02
  8.8367224e-01
  1.4844587e+00
  2.3341372e+00
 -8.8288414e-01
  3.1651831e-01
 -2.8777888e-01
 -1.7771599e+00
  2.6768909e+00
  4.4523019e-01
 -4.0220628e+00
 -1.1462061e+00
  2.7941926e+00
  3.0981956e+00
  7.3506904e-01
 -3.8296485e+00
 -2.4167912e+00
  4.0709448e+00
  5.1594013e-01
  2.6791954e+00
 -1.8290274e+00
  3.8309805e+00
 -3.3744156e-02
  3.3857283e-01
  3.9298470e+00
 -2.3228028e+00
  6.8046522e-01
  1.1478219e+00
  2.2177966e+00
 -2.4383767e-01
  1.4278066e+00
  1.2680316e+00
  7.8189689e-01
  4.0385513e+00
  3.1439457e+00
  9.4476306e-01
  2.6495736e+00
  1.0556487e+00
  1.2807170e+00
 -2.8766203e+00
 -1.8453373e+00
  8.3897173e-01
 -5.8013159e-01
  6.2286347e-02
  1.2777930e+00
  2.4517179e+00
 -5.0427693e-01
 -1.5009811e+00
 -4.0149707e-01
  1.8141761e+00
  9.9487108e-01
 -3.4007401e+00
  3.2224022e-02
  3.5504477e+00
  2.3156650e+00
 -1.9413693e-01
 -4.0568314e+00
  2.9919839e-01
  1.7991432e+00
  8.4674126e-01
 -1.8131983e+00
  2.0895393e+00
 -6.8909252e-01
 -2.3157644e+00
  4.3918166e-01
  1.1645391e+00
  1.3483781e+00
  1.6306081e+00
  3.6876905e+00
  6.1354507e-02
 -1.6391981e-01
  2.5294928e-02
 -4.0394872e-01
 -2.0867941e+00
 -2.9495690e+00
  3.5013311e+00
  3.9484475e+00
  1.0211922e+00
 -2.2787354e+00
 -8.4201194e-02
  9.2034364e-01
 -5.3781861e-01
 -6.9584084e-01
 -1.2929102e+00
  8.1352335e-01
  2.4001095e+00
  6.6180736e-01
  1.4996674e+00
 -1.5316758e+00
 -2.3028310e-01
  5.7768023e-01
 -8.0721211e-01
  9.3808317e-01
  2.5475605e+00
 -2.1039450e+00
 -7.0139313e-01
 -1.7221262e+00
 -2.5760736e+00
  5.2036061e+00
  2.0019835e-01
  4.8286501e-02
 -2.9157743e+00
  5.7410703e+00
  3.7176709e+00
 -4.8933978e+00
  2.1454003e+00
  1.6108317e+00
 -2.3043861e+00
 -3.2068746e+00
  1.2673457e+00
 -1.1133462e+00
  2.3717396e+00
 -1.0279037e+00
 -3.9162150e-01
  2.5733314e+00
  2.7431746e+00
  1.2121853e+00
 -1.3230088e+00
  1.3664442e+00
  3.3569238e+00
 -1.4084272e+00
  1.6294975e+00
 -2.7931792e-01
  7.3551305e-02
  1.8907411e+00
 -7.4119276e-01
  2.2870302e+00
  1.8721406e+00
 -6.2304964e+00
  6.0924041e-01
 -1.6325300e+00
  1.9989103e+00
  3.8311413e-01
 -6.6078162e+00
  2.8810909e-01
 -3.3848944e+00
 -7.0497602e-01
  3.3106172e+00
  1.5543721e+00
 -9.4409347e-01
 -1.4622682e-01
  7.2354808e-02
 -2.5232360e-02
 -9.0651840e-02
  7.5161196e-02
  2.6831722e-01
  2.0641391e-01
  5.1134666e-03
  1.4529275e+00
 -2.1009891e-01
 -2.0053391e-01
  3.6262414e-01
  3.4739238e-01
 -2.9076609e-01
 -2.3641832e-01
 -7.1483076e-02
 -1.0731973e-01
 -1.3424248e-01
  5.7473477e-02
 -1.4720082e-01
 -1.7844595e+00
 -1.6014602e-02
 -1.8470098e-01
  1.4403008e-01
  1.8890099e-01
  3.1329896e-02
  4.0007144e-01
  1.0132578e-01
 -7.3119447e-02
  1.4374979e-01
 -1.2776501e+00
 -1.8996242e-01
  9.6200168e-02
  1.6443156e-01
  2.0152862e-01
  4.0385154e-01
  1.5612227e+00
 -5.9106126e-02
 -1.3065938e+00
 -5.8039731e-01
  5.7070497e-03
  1.5377028e-01
  1.9200823e+00
  4.4959623e-01
 -5.2650962e-02
 -1.3980079e-01
  1.5101682e-01
 -8.9607984e-01
 -2.0311692e-01
 -1.6644746e-01
 -1.0998540e+00
  9.6109581e-01
  2.4111375e-01
  6.1978452e-02
 -4.4843096e-02
  8.1453657e-01
  1.1758083e+00
  1.9949344e+00
 -3.2400656e+00
  1.9245369e-02
 -8.1014186e-01
 -2.1288292e+00
 -3.4513280e-01
  6.0299420e-01
 -1.3803729e+00
 -1.1025597e+00
  5.3764045e-01
  6.7586690e-01
  5.3437716e-01
 -3.6613965e-01
 -2.7853236e-01
 -6.1726456e+00
 -7.9368007e-01
  2.2682126e+00
 -5.2508134e-01
  2.1478124e-02
 -1.5985283e+00
  7.9557770e-01
  8.0235845e-01
  6.6662449e-01
  1.3851173e+00
  4.3516335e-01
  1.6558917e+00
  4.9262567e+00
  1.9118422e+00
  2.2125776e+00
 -5.7677901e-01
  4.6537992e-01
  2.1347239e+00
 -1.7821231e+00
 -2.6789489e+00
  2.9977092e-01
 -1.3810072e+00
  3.8680115e+00
 -7.1711130e+00
 -1.7573439e+00
 -2.2875388e+00
 -1.0472316e-01
  1.6882663e+00
  2.0008869e+00
  2.2252266e+00
  1.0813468e+00
 -1.3152088e+00
  1.0469949e+00
  8.1669730e-01
 -3.0048296e+00
  3.3651643e+00
 -4.0881228e-01
 -2.9482895e-01
  5.6171048e-01
 -3.4497077e+00
 -1.2529006e+00
  2.6870495e-01
 -7.3604286e-01
  3.4545372e+00
  6.5910935e-01
  2.1578692e-01
  1.5056521e+00
  2.4950159e+00
  1.4248041e+00
 -1.6647915e+00
 -8.8087994e-01
 -6.2882072e-01
 -1.8057443e+00
 -1.5783405e+00
 -2.1286135e+00
 -2.2082133e+00
  4.9486893e-01
 -4.7508928e-01
 -2.9727912e+00
  3.6090705e+00
  2.6465883e+00
  3.3262804e-01
  1.6840156e+00
 -3.8062807e-02
 -2.9165323e+00
  2.0008416e+00
  3.2052800e-02
 -1.8971066e+00
 -3.9819300e+00
  8.3043402e-01
  2.1791413e+00
 -4.1532159e+00
 -6.8098319e-01
  1.1458627e+00
  1.0973762e+00
  4.0090859e-01
 -1.1418784e+00
  8.0455118e-01
  8.1989372e-01
 -1.4117851e+00
  7.2883147e-01
 -8.3529890e-02
 -2.5558257e+00
  3.2964575e+00
 -5.1319140e-01
  1.6661451e+00
 -9.4950929e-02
 -1.9491453e+00
  3.9531741e-01
 -2.9995888e-01
  4.0558699e-01
 -1.4846414e-01
  1.1920484e+00
  2.0133195e+00
  3.5920659e-01
  1.0525554e+00
 -1.7867969e+00
  2.0514197e+00
  1.4281163e+00
  2.7096283e+00
  1.5565138e+00
  7.4888396e-01
 -2.3566098e+00
  1.0809557e+00
 -1.4852638e+00
 -1.4614073e+00
 -2.7006693e+00
  1.8043152e+00
 -1.7327007e+00
  2.2898879e+00
  1.2595581e+00
  2.9487216e+00
 -4.2789742e-01
  4.3439814e-01
  2.3882568e-01
  4.1836825e-01
 -1.5487801e+00
  2.6564455e-01
  3.1878054e+00
  9.9110788e-01
 -2.8139019e+00
 -3.0345926e+00
 -1.0617571e+00
  2.1548967e-01
 -2.1804100e-01
 -9.4507933e-01
  2.9334064e+00
  9.9298096e-01
  9.0818871e-03
 -6.5061909e-01
  1.8424429e-01
 -6.0108023e+00
 -2.2346997e+00
  2.8247726e+00
 -5.7099819e-01
  2.6168478e-01
  3.4796579e+00
 -4.4362616e-02
  1.4856426e+00
  1.8876642e+00
 -2.0650065e+00
  4.6691370e-01
  1.3757553e+00
 -4.3880544e+00
  4.4606429e-01
  3.3041081e+00
  5.4691601e-01
  3.3499134e+00
 -1.6170254e-02
 -2.5977976e+00
 -2.6356572e-01
  3.6461696e-01
  2.6215237e-01
 -4.8221183e-01
 -1.6231028e+00
  2.5815928e+00
 -9.4332087e-01
 -6.6189444e-01
 -8.3385818e-03
 -3.2764993e+00
 -4.0366074e-01
  1.0718937e+00
  8.6951673e-01
 -1.3455220e-01
  1.7921703e+00
 -6.2181812e-02
  1.7000269e+00
 -2.0490482e+00
  3.2044516e+00
 -1.2613264e+00
  5.1823193e-01
  1.4798502e+00
 -2.5270941e+00
  2.3938268e-02
  2.9055867e+00
  2.3962335e-01
 -2.0905216e+00
  5.5757147e-01
 -2.4486127e+00
 -2.6880401e-01
 -2.7015707e-01
  8.5626745e-01
 -8.7415057e-01
  1.4906626e+00
  2.7154682e+00
  1.8183321e+00
 -1.5023791e+00
 -4.8731294e-01
  5.4189169e-01
  6.5782905e-01
 -2.0066071e+00
  9.9003208e-01
  1.4984189e+00
 -4.4141191e-01
  2.5005262e+00
  2.6770329e-01
  2.6785524e+00
  5.2023458e-01
  5.2430421e-01
 -9.3234873e-01
  1.7433171e+00
 -3.0768311e+00
  6.5700579e-01
  2.3464949e+00
  3.9657187e-01
  1.4893149e+00
 -1.0292932e+00
  2.1192975e-01
 -2.1733322e+00
 -3.4364510e+00
 -2.0980738e-02
  4.1772416e-01
 -1.0756806e+00
  1.2738885e+00
  4.9169970e+00
 -1.5635259e+00
  1.7506863e+00
 -1.4672488e+00
 -1.9248829e+00
  2.6213076e+00
 -2.2243676e+00
 -1.5423272e+00
  7.9746351e-02
  2.3690186e+00
 -4.3382459e+00
  3.0921078e+00
 -1.0251145e+00
  1.8327905e+00
  7.8655496e-02
 -6.6317302e-01
  2.1413906e+00
  3.7954998e+00
 -1.5451686e+00
  2.4144385e+00
 -9.0471977e-01
  3.3686200e-01
  9.1652995e-01
  3.2195370e+00
  2.4615049e+00
  6.1384046e-01
 -1.0877697e+00
  3.9085129e-01
  3.3767995e-01
  1.3020685e+00
 -1.8824016e+00
 -1.1357632e+00
 -2.3376205e+00
  1.7210422e-01
  2.9407260e-01
 -2.5054402e+00
  2.3471437e-01
 -1.2582475e+00
  4.7398975e-01
 -1.6710579e+00
  2.3619447e+00
 -4.2790139e-01
 -2.7338369e+00
 -2.1478953e+00
  2.0668206e-01
  9.2925334e-01
 -2.5552404e+00
  2.4352926e-01
  1.6688427e-01
  1.2920126e+00
  2.6797962e+00
  7.2414005e-01
 -1.7223899e+00
  1.4258018e-01
 -2.1794279e+00
 -1.3244115e+00
  1.5156524e+00
  4.2339692e-01
  6.2857080e-01
  2.9731798e-01
 -8.6758506e-01
 -8.0103964e-01
 -2.9951272e+00
  7.0845699e-01
  5.3907198e-01
  8.9004958e-01
  2.8180339e+00
 -1.4695295e+00
  1.7730355e+00
 -1.1674141e+00
 -7.3268867e-01
  2.2546484e+00
  3.4358876e+00
  3.8428468e-01
  1.5685554e+00
  8.7614125e-01
  8.3555067e-01
  6.5082800e-01
  1.1588477e+00
  3.9799351e-01
  2.3540664e+00
 -3.0634503e+00
 -1.9914089e-01
  2.7991040e+00
  4.7728834e-01
 -8.3630872e-01
 -4.0292048e-01
 -7.6789606e-01
 -9.9318606e-01
 -6.6949314e-01
 -7.7503115e-01
 -1.6727319e+00
 -2.9486114e-01
  4.2973629e-01
  5.2728945e-01
  1.4596612e+00
  1.0363871e+00
 -5.3927439e-01
  6.0560626e-01
  3.3783078e+00
 -1.7273121e-01
  1.3810598e+00
 -1.1265306e+00
 -2.4855337e+00
 -8.3352733e-01
 -4.0731397e-01
 -1.0529892e+00
  1.4022921e+00
  5.9923387e-01
  1.5623102e+00
 -2.5380409e+00
 -7.1418399e-01
  8.5125875e-01
 -2.9555163e+00
  1.1725564e+00
  3.3750100e+00
 -1.6574644e+00
 -2.3543425e+00
  2.0188496e+00
  6.8189806e-01
  2.1569898e+00
 -6.3960516e-01
  1.5070752e+00
  2.3701010e+00
  1.9088751e+00
  1.5999891e+00
  5.9415573e-01
  1.2460079e-01
  6.8046939e-01
 -1.4645721e-01
  5.1845419e-01
 -2.7793130e-01
 -1.0338852e+00
 -1.8933154e+00
 -8.1562310e-01
  3.0377707e-01
 -9.0062630e-01
  2.0000043e+00
  8.3630364e-03
 -1.2676864e+00
  1.0112438e+00
  2.3273308e+00
 -1.4442809e+00
 -1.3869365e+00
  1.2864749e+00
  3.4124308e+00
  2.3434300e+00
  1.9219170e+00
  7.0056176e-01
 -4.8218340e-01
  6.4697951e-01
 -2.4076674e+00
  6.7743206e-01
 -1.5405767e+00
 -6.7622805e-01
 -1.2981229e+00
 -1.7719510e+00
  4.0730095e-01
 -8.0181879e-01
  7.2501934e-01
 -1.8332237e+00
 -2.1619811e+00
 -9.0322256e-01
  4.5267943e-01
 -8.2375455e-01
  1.6175376e-01
 -1.4088125e+00
  2.5387642e-01
 -6.5835136e-01
  2.5994198e-02
  2.3128113e-01
 -7.3492604e-01
  8.1844199e-01
 -1.7466281e-01
 -2.1610512e-01
 -9.6868372e-01
 -1.5184221e-01
  9.0223793e-03
  3.4989357e-01
  1.2101766e+00
  2.7115669e+00
 -4.4914812e-01
  1.2832656e+00
 -2.3017757e-02
 -2.4042528e+00
  3.0961344e-01
 -2.1783926e+00
  5.2629310e-01
 -3.2776172e+00
  1.0805321e+00
 -1.1503429e+00
  1.2960693e+00
  8.2827830e-01
 -3.0952032e+00
  3.7042594e-01
  3.2006972e+00
  1.8334006e+00
  2.4768097e+00
  1.3239824e+00
  2.5022414e+00
  3.6252439e+00
  3.3508384e-01
 -1.3503709e+00
 -4.1482279e-01
  3.7299266e-01
  1.5023645e+00
  2.3453383e+00
 -2.1923447e+00
  2.5248984e-01
 -4.8545817e-01
  7.1235543e-01
  1.8433341e+00
 -5.2497566e-01
  8.8665980e-01
 -3.2141740e+00
 -3.1796026e-01
 -1.0755558e+00
  1.3597052e+00
  1.8707873e+00
  3.7228063e-01
  2.6776304e+00
  1.2429854e+00
 -4.0987320e-04
  1.4278220e+00
  4.8171968e+00
 -1.5244716e+00
  2.2455308e+00
 -4.7659149e+00
 -8.3896047e-01
 -4.7266498e+00
 -1.7951626e+00
  1.8764510e+00
 -1.3877250e+00
  2.4550022e-01
 -1.7162212e+00
  3.1846705e-01
 -9.1655524e-03
 -1.6120037e+00
  1.5584587e+00
  8.7072486e-01
 -2.2657275e+00
 -3.2198465e+00
 -2.4828832e+00
 -1.2523460e+00
 -1.3127581e+00
  3.2584467e+00
 -1.2597888e+00
 -1.4964412e+00
 -1.5411478e+00
 -9.4413596e-01
  8.9254886e-01
  3.2241249e-01
 -1.5157608e+00
 -8.5329336e-01
  7.2720331e-01
 -4.9212754e-01
  4.5971389e+00
 -7.6673448e-01
 -2.4708395e+00
  1.9606909e+00
 -3.6478761e-01
 -1.0586515e-01
  2.1306107e+00
 -2.9417737e+00
 -2.1308613e+00
  3.1718391e-01
  3.2674091e+00
 -2.2549362e+00
  4.5281982e+00
 -1.7203041e+00
 -7.7453002e-02
 -1.9873934e+00
  1.5807526e-01
 -1.2019711e+00
 -1.4530073e+00
 -3.2210493e+00
  1.1221058e+00
 -3.8806746e+00
 -2.1884787e+00
 -8.5718513e-02
 -1.5119062e-01
 -1.0792798e+00
 -5.9282374e-01
 -1.4379463e-01
 -2.1699123e+00
 -2.1971562e+00
  7.2222060e-01
  1.7490003e+00
  1.6996336e+00
 -2.9180759e-01
 -1.3771733e+00
  1.8349735e-01
 -5.1226195e-02
  2.0751221e-01
  9.9237490e-01
  1.4176382e-01
 -1.4935272e+00
  1.6219051e+00
  1.6173700e+00
 -1.5057677e+00
  9.4350117e-01
 -2.1274195e+00
  1.6287869e+00
  6.5837830e-01
 -1.6863270e+00
  9.4689304e-01
 -3.5031426e-01
  1.0492773e+00
 -6.1046463e-01
  6.4892101e-01
  7.1657407e-01
  2.2684787e-01
  1.0521325e+00
  3.2368391e+00
  2.4718018e+00
  6.3005602e-01
  5.2246410e-01
 -4.6461260e-01
 -1.1218495e-01
 -6.1018997e-01
 -6.0346836e-01
  1.4763858e+00
  3.1211388e-01
 -1.2082434e-01
  1.4826449e+00
  1.0781177e+00
  2.2605076e+00
 -4.7114933e-01
 -3.2567539e+00
 -3.7651124e+00
  1.1214162e+00
  5.2539992e-01
  4.6560863e-01
  1.4569125e+00
  4.9045014e-01
  1.1194230e+00
  1.5896484e+00
  8.2801066e-02
 -6.1824946e+00
 -2.0788458e-01
 -1.7218273e+00
  4.8615971e-01
  2.8258917e-01
  1.1573117e+00
 -1.7109963e+00
 -1.5865515e-01
 -1.8097097e+00
  1.8536088e-01
 -2.1818046e-01
  2.5693314e+00
 -2.7444920e-01
  1.4145486e+00
  1.3182440e+00
  2.2161381e+00
  8.5949838e-01
  1.4080273e-01
 -5.3043699e-01
 -1.1252858e-01
 -8.2403022e-01
  1.7422873e-01
  1.9002503e+00
  2.4777167e+00
  3.1447649e+00
  8.2250726e-01
  1.2344223e+00
  8.4220099e-01
 -3.7713057e-01
 -9.0322977e-01
 -1.1234912e-01
 -5.3452373e-01
 -9.2310452e-01
 -3.9888409e-01
 -2.7000666e+00
  3.4055769e+00
 -3.4144291e-01
  3.4224916e-01
  8.0025846e-01
 -1.6607920e+00
  2.8442928e-01
  1.2206869e+00
 -7.9129797e-01
  1.8689880e+00
 -3.8265578e-02
  6.4281905e-01
  4.7239137e-01
 -1.8599913e-01
 -4.7536311e+00
  1.8941181e-02
  8.5328770e-01
  1.0417238e+00
  1.1102107e+00
 -1.0149175e+00
  8.1251842e-01
  2.4749851e+00
  1.4532951e+00
 -3.0965338e+00
  2.5970674e-01
 -2.1185381e+00
  1.8656539e+00
 -1.5804935e+00
 -1.2959201e+00
 -1.3391795e+00
 -9.6131690e-02
  1.4758312e+00
  4.6696849e+00
  1.4266548e+00
  9.3137336e-01
  9.8292112e-02
 -2.9146664e+00
 -5.4184741e-01
  2.5577149e-01
  1.6769198e-01
  3.3722692e+00
 -4.2699318e+00
 -2.1394613e+00
  1.0129841e-01
 -2.1806211e+00
  1.4984294e+00
 -1.0735708e+00
 -1.2450879e-01
 -1.4321946e+00
  1.0927957e-01
 -3.8254100e-01
  5.8829564e-01
  6.8654239e-01
  4.7498810e-01
  2.7607250e+00
 -7.1498239e-01
  5.9411836e-01
  1.3305901e-01
 -6.5411389e-01
 -1.4803643e+00
  2.5473945e+00
  8.9577985e-01
  3.0220180e+00
  3.5735816e-01
 -1.2628037e-01
 -1.7776599e+00
  1.0258863e+00
 -3.0694125e+00
 -1.9327703e-01
  3.5423679e+00
 -5.3551111e+00
  2.0095663e+00
 -1.4847609e+00
  2.1454167e+00
  2.8545539e+00
  8.3615988e-01
 -7.2020918e-01
 -8.9696288e-02
  1.4976873e+00
  2.3800594e-01
 -5.6153542e-01
 -1.6656785e+00
 -4.1771615e-01
  9.8576421e-01
 -1.7652965e+00
  9.9805421e-01
 -8.2115620e-01
 -1.0887082e+00
  1.1510736e+00
 -2.2862313e+00
 -1.2367275e+00
 -5.2652192e-01
 -4.8239839e-01
  4.4020715e-01
 -1.7901494e-01
 -1.4456310e+00
  3.2895336e-01
  1.2070786e+00
  5.4181796e-01
 -4.6195478e+00
 -1.4356232e+00
 -5.4685074e-01
  2.8859146e+00
  4.0583944e+00
 -4.1208854e-01
  2.1392634e+00
 -2.7667377e+00
  2.1286182e+00
 -1.8574594e+00
 -2.5394145e-01
  2.8585730e+00
  1.9498301e+00
  3.9920270e-01
  1.2883538e+00
  8.9207798e-01
  4.7686830e-02
 -1.0543915e+00
 -2.5544968e+00
 -2.9388077e+00
  7.8761436e-02
 -1.9250242e+00
 -3.7542087e-01
  5.7353672e-02
  7.3132741e-01
  6.8874186e-01
  1.7715610e+00
  2.2575215e-01
 -6.1324894e-01
  1.8516611e+00
  1.5602849e+00
 -2.8506238e+00
  1.1087294e-01
 -8.5426456e-01
 -5.8752737e+00
  1.4046499e+00
  4.9574692e-03
 -1.5761274e+00
  4.0700004e-01
 -2.7708483e-01
 -1.9524273e+00
 -2.2859476e+00
 -1.0199450e+00
  3.9823222e+00
 -5.0162208e-01
 -2.4713899e-01
 -2.3957133e+00
 -2.6757407e+00
  1.8184818e+00
 -5.4706740e-01
  3.0764288e-01
  2.7249320e+00
 -1.1458242e+00
 -2.5483066e-01
 -1.2593223e+00
  1.0091196e+00
  1.9769892e-01
 -2.9423778e+00
 -1.3428074e+00
  1.3285228e+00
  1.4980081e+00
  2.0417171e+00
 -4.1079182e-02
 -7.5460255e-01
  2.4540946e+00
  1.5524523e-01
  9.6124560e-01
 -2.3638107e-01
  1.3372950e-01
 -2.4104080e+00
 -4.7621974e-01
 -1.2018921e+00
 -4.5714465e-01
  2.3376353e+00
 -3.2560588e-03
  1.5091393e+00
 -2.3320203e+00
  1.3301604e+00
 -8.2163447e-01
 -1.5296578e+00
 -6.5883142e-01
 -9.2899632e-01
 -2.1452730e+00
  2.1471901e+00
 -7.9627210e-01
 -2.8770330e+00
  1.0916995e-01
  2.2592330e+00
 -2.4970741e+00
  1.9839256e+00
 -1.0846750e+00
  8.5327697e-01
  1.8950672e-01
  9.4481677e-01
 -5.8477092e-01
 -1.6638066e+00
 -6.7242134e-01
 -3.9319444e+00
 -1.2048301e+00
 -2.6091301e+00
 -4.9617372e+00
 -2.6011491e+00
 -3.7811059e-01
 -4.8769978e-01
 -1.3749156e+00
 -2.3042188e+00
  1.5529085e+00
  8.1859094e-01
 -3.1090906e+00
 -3.3275139e+00
 -1.4837868e+00
  2.9224205e+00
  4.2176720e-01
  1.1183591e+00
 -2.5695512e-01
  4.2765508e+00
 -7.1096015e-01
  1.0742004e+00
  5.1160345e+00
 -1.1475196e+00
  2.8021841e+00
  1.1474878e+00
  6.9863415e-01
  5.7911235e-01
  2.3626447e+00
 -1.7185540e+00
  1.4786500e-01
  1.1951855e+00
 -3.1030658e-01
  1.9447598e+00
 -2.9650164e+00
 -1.5945933e+00
 -8.4514439e-01
  4.8255098e-01
  1.3706537e+00
  6.9993995e-03
  1.2643365e+00
  1.8479815e+00
  9.2029089e-01
  2.1933081e+00
 -3.0238664e-01
 -1.6386945e+00
 -3.6946860e-01
  1.4310048e+00
  1.6413747e+00
 -1.5541567e-01
 -2.8972230e+00
 -4.5867510e-02
  4.3787771e-01
 -6.6976672e-01
  3.4041536e+00
 -1.4068953e+00
 -1.6778466e+00
 -3.3761075e+00
 -3.8636765e+00
 -9.9434681e-02
  1.0884814e+00
  2.6199329e+00
  2.2308705e+00
  1.0437611e+00
 -8.5451461e-02
 -5.4124498e-01
 -1.9902045e+00
  9.2628962e-01
 -1.0348630e+00
  8.5514075e-01
  1.7430799e+00
 -5.8658046e-01
  3.7937513e-01
  1.4994582e+00
  2.4466434e-01
  1.6019070e+00
  3.8232186e+00
  4.4774747e+00
 -3.4726205e-01
  1.1345643e+00
  1.1496731e+00
  1.9370437e+00
 -5.4221022e-01
  5.1146518e-03
  1.2495277e+00
  4.3724537e+00
 -9.8811114e-01
 -2.9390066e+00
 -3.0126432e-01
 -4.3176961e+00
  8.3933407e-01
 -8.0293280e-01
  7.4499168e-02
  4.1180859e+00
 -2.5120213e+00
  5.1836360e-01
  1.8083239e+00
 -5.1439874e-02
  1.3751259e+00
  2.3204224e+00
 -3.3620514e-02
 -1.1708977e+00
  1.8642272e-01
 -1.5605213e-01
  6.7962229e-02
 -4.7767948e-02
  1.6002166e+00
  1.9346359e+00
  6.1546206e-01
 -1.4533843e-01
 -1.5213360e+00
 -1.8139176e+00
  1.2047751e+00
 -2.7311358e+00
 -1.3366175e+00
 -2.0812414e+00
  2.7171426e+00
  2.1028347e+00
  2.7826338e+00
 -1.2479995e+00
 -6.9070965e-02
 -7.1967816e-01
 -1.2915479e+00
 -2.9655843e+00
  3.4942508e-01
  3.1019146e+00
 -1.3404158e+00
  3.0905715e-01
 -4.7267117e-03
  1.0467559e+00
  4.4310281e-01
  1.1367377e+00
 -1.0632921e+00
  4.9923024e-01
 -1.6397570e-01
  1.1951275e+00
  1.7357794e+00
  3.4724516e-01
 -3.2605451e-01
  2.9466558e+00
 -1.0373619e+00
  6.3917451e-02
 -7.0380375e-02
 -9.0080810e-01
 -1.3661935e+00
  3.5274941e-01
  2.6252060e+00
 -1.5192105e+00
 -6.8169534e-01
 -2.4062278e+00
 -2.2007611e-01
  2.7832410e+00
  2.2558439e-01
  2.1294837e+00
  8.1375301e-01
 -3.0908427e+00
 -9.1259253e-01
 -1.6849806e+00
  2.9488735e+00
 -1.2527696e+00
  2.0052407e+00
  3.1870122e+00
 -2.0420220e+00
  1.2641559e+00
 -8.1488484e-01
  1.7021377e+00
 -9.9921149e-01
 -1.5923204e-01
  1.9519774e+00
 -3.5795182e-02
  2.7561288e+00
 -1.3165123e+00
  1.9114073e-01
 -1.5569447e+00
  3.6847925e-01
  2.8495508e-01
  2.4843392e+00
  3.0866570e+00
 -9.9319512e-01
 -1.6514866e-01
  1.0368494e+00
  1.4771864e-01
  3.4628153e+00
 -1.7678567e+00
 -1.7130817e+00
  1.5828857e-02
 -1.4671292e+00
  7.4724191e-01
 -1.1193012e-01
  8.1323844e-01
  1.0216339e+00
 -2.5789845e+00
  1.6729677e+00
 -1.9895377e+00
  8.9337981e-01
  3.1586211e+00
  2.0437045e+00
  2.7327087e+00
 -5.8232135e-01
  1.4306538e+00
 -1.0943195e+00
 -1.9034886e+00
 -3.1047721e+00
  1.3365659e+00
  9.7924185e-01
  2.1787360e+00
 -2.4425550e+00
 -6.3485086e-01
 -1.7106998e-01
  2.5065127e-01
  5.5578274e-01
  5.7925367e-01
  3.4014240e-01
  9.0975201e-01
 -7.1400625e-01
  2.0962157e+00
 -2.0970991e+00
 -4.0184107e-01
 -6.4311826e-01
 -1.8786430e+00
 -1.7639498e+00
  1.6119664e+00
  1.9301835e-01
 -1.6440643e+00
  2.0844214e+00
 -8.4563904e-02
  2.7133241e-01
  1.8105303e-01
 -1.8687369e+00
 -1.5556747e+00
  3.3916435e+00
  7.2757381e-01
  3.8668237e+00
 -2.1184280e+00
 -5.5826974e-01
 -7.9014957e-01
  1.2485017e+00
 -1.6992358e+00
  1.1658860e+00
  5.0457001e+00
  3.7330034e+00
  5.2326065e-01
 -4.2418327e+00
 -2.1836348e+00
  7.5059295e-01
  2.0509405e+00
 -5.6235272e-01
 -4.3868396e-01
  9.1903323e-01
 -1.3613992e+00
  2.4738257e+00
 -1.2637881e+00
  8.3336741e-01
 -2.3612775e-01
 -4.6927422e-01
  1.7827906e-01
  9.7357744e-01
 -1.6015290e+00
  2.0328763e+00
 -2.1991213e-01
 -1.4772352e+00
  1.2497658e+00
 -1.6256233e+00
 -2.2346992e+00
  2.7092569e+00
 -1.1600691e+00
 -1.3213642e+00
  2.8235819e+00
 -1.6163799e-01
  9.7107774e-01
 -2.1555114e+00
  1.5791285e+00
 -7.6965141e-01
 -1.6340362e-01
  1.6821824e+00
  1.8161319e+00
 -4.4390440e-01
 -1.8640292e-01
  3.8565149e+00
 -2.8675678e-01
 -1.3230573e-01
  4.3287339e+00
 -4.3131697e-01
  9.9799788e-01
 -1.1172462e+00
 -3.8749120e+00
 -6.9860160e-01
  1.5066839e+00
  1.4234364e+00
 -7.5535131e-01
 -1.7500145e+00
  1.1990371e+00
  1.6194847e+00
 -1.0804067e+00
  1.2980077e-01
 -6.9604762e-02
  1.3660372e+00
 -8.0937572e-02
 -1.7363631e+00
  7.9548550e-01
 -1.3399950e+00
  2.8754344e+00
  3.5625424e+00
  1.6302660e-01
  7.2573954e-01
  2.0551713e+00
 -3.5333881e-01
  8.5469551e-02
  4.0023050e+00
  2.7355459e+00
  3.5235941e+00
 -4.0708452e-01
  5.9101909e-02
 -3.1468296e-01
  3.6695256e+00
  2.2438598e+00
 -1.7487637e+00
 -3.6644708e-02
 -4.4101548e-01
 -1.0907735e+00
  6.1358547e-01
 -6.2360626e-01
 -5.6600599e+00
 -3.2965784e+00
  1.1130533e+00
 -3.9212938e-02
  2.0263772e+00
  1.8533878e+00
  1.4048184e+00
  2.7563546e+00
 -1.9826217e+00
  1.6128755e+00
 -2.3331275e+00
  2.7058845e+00
  5.8298099e-01
  6.9299293e-01
 -2.6874752e+00
 -4.4453937e-01
 -5.9522223e-01
  2.7763355e-01
  1.5607413e+00
 -1.5529611e+00
  3.7987918e-01
 -5.5322158e-01
 -1.8462894e+00
 -1.8173378e+00
  3.6410742e-02
  2.0145962e+00
 -4.3197703e+00
 -6.3508648e-01
 -3.1431055e+00
 -2.1857224e+00
 -4.1316271e-01
  1.1962649e+00
  2.8746423e-01
 -2.6037082e-01
 -6.3817233e-01
 -1.5830907e-01
  2.4463205e+00
  1.4504958e+00
  3.1867599e-01
 -4.4603184e-02
 -1.2173394e+00
  2.3861132e+00
 -2.1683702e-01
  7.8188723e-01
 -3.0898643e+00
  1.5441056e-01
  4.5899432e-02
  3.8240409e+00
 -2.8426930e-01
  1.4594074e+00
 -3.1534686e+00
 -1.0558840e+00
  7.1837151e-01
  2.9579833e-01
  1.9803425e+00
  2.7422647e+00
 -1.7381892e-01
  1.5074967e+00
 -2.7461720e-01
  3.3951828e-01
 -1.6107066e+00
 -2.7556953e+00
 -2.8419101e+00
  9.5989513e-01
 -8.8309932e-01
  5.0952899e-01
 -1.7093050e+00
 -2.0470316e+00
 -7.2719842e-01
 -1.3653125e+00
 -2.1895379e-01
  8.2982081e-01
 -4.9220413e-01
 -7.6836282e-01
 -6.7741561e-01
  1.2267712e+00
  4.2585596e-01
 -6.8822652e-01
 -8.8491094e-01
 -4.2484008e-02
  4.0108144e-01
 -1.0356939e-01
 -2.0720921e+00
 -3.6963755e-01
 -1.8057537e+00
 -1.6209149e-01
  1.3504363e+00
  1.2234027e+00
 -1.4799534e+00
  1.6199584e+00
 -1.1028079e+00
 -6.4627594e-01
  1.0760926e+00
 -7.9040313e-01
  3.3712552e+00
  1.7920103e+00
  1.4031131e+00
 -1.6901134e+00
 -2.2876191e+00
  2.3294480e-01
  1.5079284e+00
  2.7000902e+00
  6.4490694e-01
 -2.8776067e-01
  1.5049036e-01
 -9.9506623e-01
  3.5085380e+00
 -3.1546187e-02
 -9.9519712e-01
 -2.1243277e+00
  1.9686017e+00
 -2.4010339e-03
  2.0365064e+00
  1.0028707e+00
 -4.5354322e-01
  5.3387296e-01
 -3.2789986e+00
 -8.7043804e-01
 -4.3363925e-03
  1.8764285e+00
 -1.2005606e+00
 -3.3359921e-01
 -2.7075458e+00
 -1.2643182e+00
  1.2489495e+00
  2.0334830e+00
 -2.7650723e+00
 -1.1394337e+00
 -5.8222347e-01
 -1.7731589e+00
 -2.3559070e+00
  1.5249543e-01
  5.0701088e-01
 -1.9684418e+00
 -2.2419519e+00
  1.6571321e+00
 -4.0174861e+00
  2.7952411e+00
 -1.0425185e+00
  2.0724745e-01
 -6.7869461e-01
 -1.0288916e+00
  4.3497827e-02
  2.2702919e-01
  6.7805266e-01
 -1.9862452e+00
  6.0781211e-01
 -1.1791434e+00
  4.3556532e-01
 -1.6203266e+00
  2.2960186e-01
  1.2966784e+00
 -1.0176570e+00
 -1.5327984e-01
 -7.6543838e-02
 -1.3440545e-01
 -6.3761914e-01
  3.0269136e+00
 -1.0308523e+00
  2.6786447e+00
  2.0975497e+00
  1.3403712e-01
  4.9393341e-01
  2.7403135e+00
 -4.4103780e-01
 -1.7724204e+00
 -2.1291382e+00
  4.4679084e-01
 -1.1116351e+00
  3.8288147e+00
  2.5864068e-01
  7.4420363e-01
 -1.5431281e+00
  2.6749885e+00
 -1.3305720e+00
 -1.4469256e+00
  1.6961716e+00
 -4.5247129e-01
  1.4425578e+00
 -5.6934482e-01
 -5.8003817e+00
 -3.1602785e-01
 -4.6830013e-01
 -2.7799685e+00
  2.6353040e+00
 -3.9592391e-01
 -1.6186234e+00
 -7.7297622e-01
 -2.3532491e-02
 -1.5575260e-01
 -8.2727951e-01
 -2.6093497e+00
 -5.7310498e-01
  2.0596898e+00
  1.7354879e+00
  1.4004284e+00
 -7.3129290e-01
 -1.5515903e-02
  2.6118288e+00
 -7.1354884e-01
 -3.5344324e+00
  4.0503785e-01
  5.0406492e-01
 -1.3699218e+00
 -3.8841888e-01
 -4.0079699e+00
  1.9582194e+00
  3.2127211e+00
  1.0181279e+00
  3.5838645e+00
 -1.3287810e+00
 -1.5322477e+00
  9.9467546e-01
  1.4339707e+00
 -5.1139939e-01
 -8.3343387e-02
 -1.0036900e+00
  1.1128298e+00
  2.3178377e+00
 -8.8055670e-01
  8.0840915e-01
  1.3990529e+00
 -9.3692648e-01
  4.5169356e-01
  8.1904775e-01
 -9.9102902e-01
 -3.6609879e+00
 -2.7079544e+00
 -3.0060472e+00
  3.1889544e+00
  3.6204329e-01
  2.2288299e-01
  2.1116292e+00
  6.5348935e-01
  1.2489318e+00
 -1.5697899e-01
 -1.1354188e+00
  1.0252409e+00
  1.1823349e+00
  1.3662604e+00
 -1.7456880e+00
  2.0767628e-01
  2.0373900e+00
 -2.1408632e+00
  4.3255382e+00
 -3.8795033e+00
 -1.3761756e+00
  1.8594924e+00
 -1.0316113e+00
 -4.9585444e-01
 -5.9385675e-01
  2.6006238e+00
 -1.0083305e+00
 -2.1723526e+00
 -2.1636587e-02
  4.1451028e-01
  1.0154691e+00
  6.6923338e-01
  2.1536655e+00
  3.2433491e+00
  1.0707068e+00
  3.3207211e+00
 -6.3454103e-01
  4.9654951e+00
  1.7499174e-01
 -8.2652283e-01
  1.0024139e+00
 -3.5470840e-01
  2.1874735e+00
 -4.9996996e-01
 -4.0893326e+00
 -3.9838243e-01
 -1.0172310e+00
  2.3574424e+00
  1.5243474e+00
 -5.8771616e-01
 -1.5185326e+00
 -1.4520166e+00
 -2.0574853e+00
  2.0591524e+00
 -7.7803046e-01
  1.5582596e-01
 -1.1391547e+00
  7.8801954e-01
  6.4809752e-01
 -2.8253043e+00
  2.2993610e+00
  2.3291726e+00
  3.1758335e-01
  3.7109503e-01
  2.9122651e-01
 -4.1939116e+00
  8.9132851e-01
 -2.1804469e+00
 -1.4808526e+00
 -1.9801118e+00
  1.3220183e+00
 -1.1975309e+00
  5.4410309e-01
  1.0207314e+00
  1.8610405e+00
  2.5279355e+00
 -2.6845062e+00
 -9.7543287e-01
  8.4208108e-02
 -1.4132044e+00
  3.1845920e+00
  6.8297666e-01
  3.0828962e-01
 -5.1197529e-01
 -7.4601167e-01
  2.3061316e+00
 -2.7132988e+00
  7.7938050e-01
 -9.1205031e-01
  1.0542318e+00
  1.6409333e+00
  1.6543026e+00
 -2.4606733e+00
  9.0288121e-01
 -2.2328539e+00
 -6.9815770e-02
  1.6410369e+00
 -1.0727600e+00
 -8.9695597e-01
  9.5578212e-01
 -8.8492268e-01
 -6.5492824e-02
 -5.8068544e-01
 -1.2625402e+00
 -1.7000085e+00
  1.3282362e-01
  1.1971409e+00
  2.7394721e-01
  1.4628928e+00
  1.8066162e+00
  1.4066931e+00
  9.0958554e-01
 -2.1968071e+00
 -3.1463971e+00
  7.1132861e-02
  4.9476057e-01
 -3.7530761e-02
 -2.6844335e+00
  1.8292599e+00
  1.8064991e+00
  1.9074739e+00
  1.2093872e+00
 -1.7278970e+00
 -3.2581134e+00
 -5.3099757e-01
 -2.5615625e+00
  2.1134086e+00
 -5.7696396e-01
 -4.8763502e-01
  1.0401747e+00
 -3.3285758e-01
 -5.7386476e-01
  1.1880985e+00
 -3.9010985e+00
 -5.1312470e-01
  1.0978962e-01
 -9.4636220e-01
 -1.5978542e-01
  1.5872428e+00
  4.4407797e-01
  1.3131986e+00
  2.9776607e+00
 -6.2139034e-01
  1.1238949e+00
  1.4338860e-01
 -1.2084544e+00
  1.0076977e+00
 -2.3044727e+00
 -3.1477847e+00
  1.2694739e+00
 -1.1113091e-01
  2.5463848e+00
  8.5913396e-01
 -9.1325182e-01
  3.1148956e+00
 -8.3609819e-01
 -3.8292825e+00
  1.9550803e+00
 -2.4963295e+00
 -1.7385790e+00
 -1.1223584e+00
 -5.2592826e-01
  3.2780788e+00
  2.5453947e+00
  1.1742094e+00
 -7.4050206e-01
  7.1392894e-01
 -7.6993161e-01
  6.1600918e-01
 -8.8241422e-01
  1.8724160e-01
 -2.6686893e+00
  3.4897262e-01
 -6.2389201e-01
  9.2561889e-01
  1.4595128e+00
 -1.7004848e+00
 -2.1309054e+00
  1.0824716e+00
 -1.5676128e+00
  9.7205806e-01
  4.6517320e+00
 -2.2400014e-01
 -6.7416030e-01
 -2.7605147e+00
 -2.0625899e+00
 -8.3736074e-01
 -1.1665955e+00
 -1.2383772e+00
  5.1101190e-01
  3.1428763e-01
  2.0154469e+00
  4.7813830e-01
  1.6608667e+00
  9.7370267e-01
  5.8359581e-01
  2.1610131e+00
  1.2450389e+00
  2.3282378e+00
  1.8048041e+00
  1.3724194e+00
  2.4111142e+00
 -9.9218255e-01
 -1.5945903e+00
 -1.6237280e+00
  3.9576277e-01
  6.6076827e-01
 -7.5860399e-01
 -2.5672247e+00
 -2.1588850e+00
 -1.1952245e+00
  2.7414015e-01
 -1.3992928e+00
 -2.0422750e+00
  1.7874867e+00
 -5.5118245e-01
  1.4422145e+00
  5.6701803e-01
 -6.0778707e-02
  3.2856014e+00
 -2.9501623e-01
  7.7517909e-01
  3.5506356e+00
  9.1390061e-01
  6.6255969e-01
  9.8181689e-01
  1.1093516e-01
  1.6043473e+00
 -5.2606547e-01
  1.8319685e+00
  7.5755960e-01
 -2.1335230e+00
 -2.1810167e+00
 -1.2904687e+00
  1.1376475e+00
  5.0030208e-01
 -8.7654084e-01
 -2.7073348e-01
 -1.3119807e+00
 -7.6295471e-01
 -2.7589543e-02
  2.3048053e+00
 -2.4962221e-01
  1.8547322e+00
 -7.0447713e-01
 -2.6782176e-01
  1.8106813e+00
  6.6176558e-01
  9.5298940e-01
  7.6851714e-01
 -7.0055449e-01
 -7.0939130e-01
  2.9182451e-02
  1.3780957e+00
 -1.0494270e+00
  2.6637766e-01
 -5.4624820e-01
 -2.3231716e+00
 -1.3056309e+00
 -3.1944933e+00
  1.5606734e+00
 -1.3070852e+00
 -1.8432353e+00
  1.1908233e+00
 -2.6113489e+00
 -1.7002119e+00
 -1.0649096e+00
 -1.5068946e+00
 -3.5753989e-01
  1.5534879e+00
 -1.7842515e+00
 -4.1795704e-01
  1.7750045e+00
  5.2636498e-01
  1.9919682e-01
 -3.9676943e-01
  2.0084479e+00
  8.6008936e-01
  8.0085224e-01
 -1.7267728e+00
  2.3380895e-01
 -1.5813230e+00
 -6.0565960e-01
 -1.0758330e+00
 -3.0624642e+00
  1.1709816e-01
 -8.9717335e-01
 -1.7644041e+00
 -1.0652615e+00
  9.3937308e-02
 -3.0823286e+00
  2.8741696e+00
 -3.3842742e-01
  2.2317484e-01
  2.8486738e-01
  1.5415889e+00
 -6.9318432e-01
  2.3087804e-01
 -1.9273764e+00
  5.9890783e-01
 -2.0666869e+00
 -8.0444211e-01
 -7.5607020e-01
 -5.7866913e-01
  1.7718351e+00
  3.4104276e+00
 -1.8726599e+00
  2.4683864e+00
  7.2389632e-01
  6.2554240e-02
 -1.3611057e+00
  3.5625614e-02
 -1.6176949e+00
 -9.6917532e-02
 -1.9159404e+00
  1.0349258e+00
  4.3459916e-01
  1.3793761e+00
  8.4162647e-01
  1.8210201e+00
  1.5578876e-01
  3.2513949e-01
 -1.1323862e+00
  9.4547802e-01
  3.3546251e-01
 -2.0903549e+00
 -1.5475053e+00
  5.3669709e-01
  1.9600786e+00
  1.8472215e+00
  2.2520492e+00
 -2.0320766e+00
  1.5618132e+00
 -2.2435236e+00
 -1.0948942e+00
 -1.9987403e+00
 -1.4335690e+00
  1.0103576e+00
 -2.9119291e+00
 -1.7454511e-01
 -1.0750300e+00
 -2.0899103e+00
  3.0072865e-01
 -1.4136197e-01
  1.2334123e-01
 -6.0672110e-01
 -9.8948050e-01
  1.6497970e+00
 -1.1830920e+00
  9.0347385e-01
 -5.2977735e-01
 -1.0933070e+00
 -9.2078537e-02
  1.6224396e-01
  6.1095285e-01
  1.3281953e-01
  1.0938126e+00
 -5.9325796e-01
  5.6820208e-01
 -7.7691334e-01
  9.2842113e-03
  6.0127431e-01
  1.1328902e+00
  1.1083820e+00
 -2.6294680e+00
 -2.1259539e+00
  1.9616332e+00
 -2.0556664e+00
  2.2192028e+00
 -2.2572663e-02
 -2.7105982e+00
  3.8855579e+00
  5.8688068e-01
  1.7470500e+00
  2.8621294e+00
  4.0471306e+00
  1.0672467e+00
  3.4078381e+00
 -3.7548940e+00
  6.5296048e-01
  2.8605241e-01
 -2.3025817e-01
 -6.6616076e-01
 -2.7219194e-01
  9.5891583e-01
  2.3741977e+00
 -2.9788461e+00
  1.1334677e+00
  1.3708354e+00
 -4.0374783e-01
  2.5963178e-01
  5.9356141e-01
  1.7089773e+00
  5.3784323e-01
  7.8167552e-01
 -1.1208570e+00
 -6.4293915e-01
 -3.9638543e-01
  1.6045707e+00
 -1.5230441e+00
  8.4521258e-01
  1.8923354e-01
 -3.2049912e-01
 -4.7920349e-01
  1.0184842e-01
  2.2346249e+00
 -2.5252435e-01
  1.2523570e+00
  3.4712982e+00
  6.4424652e-01
 -4.0857487e+00
  4.4897981e-02
  3.2122340e+00
  2.1953020e+00
 -2.3268459e+00
 -4.1556180e-01
  6.3243407e-01
 -5.0434804e-01
  1.0130142e+00
 -6.5464705e-01
 -1.0314435e+00
  1.4558415e+00
 -5.9761429e-01
  8.0884975e-01
 -3.0001527e-01
 -5.0898343e-01
 -2.6892209e+00
  2.4262559e+00
  1.2435125e+00
  1.5703573e+00
  1.0666413e+00
  1.9042839e-01
 -3.8473883e-01
 -2.9854712e+00
 -6.3004894e+00
 -2.2524652e+00
 -2.3461268e+00
 -1.0316641e+00
  2.5744469e+00
 -1.6150989e-01
 -3.2272480e+00
 -6.2632698e-01
  4.1953143e-01
  3.9977341e+00
  2.3120213e+00
 -1.1181462e-01
 -1.5272179e-01
 -1.4903475e+00
  6.2543273e-01
 -1.4275681e+00
 -4.3594351e+00
  2.5567353e+00
  1.6970315e+00
 -1.7943945e+00
 -1.9718887e+00
  1.7850232e-01
  7.7216613e-01
 -2.0599174e+00
 -1.3117449e-01
  2.0270736e+00
  4.8930254e-02
 -9.0502053e-01
 -1.8752705e+00
  4.8292676e-01
 -4.3891475e-01
  1.3435302e+00
  1.3202655e+00
 -1.1261657e+00
  7.1216655e-01
  1.3490832e+00
  1.8460824e-01
  2.1106658e+00
 -2.6660647e+00
  1.2452524e+00
 -1.1459575e+00
 -2.8644705e+00
  1.5166256e+00
 -2.5337188e+00
 -8.8952565e-01
  5.7838935e-01
 -3.8660988e-01
  2.3926497e-01
 -1.4954470e-01
  1.9481876e+00
 -2.2494040e+00
 -1.0793191e+00
  7.8442419e-01
 -2.5849802e+00
  2.6531639e+00
 -5.4378235e-01
 -3.4005821e+00
 -5.9658140e-01
  1.2007754e+00
  1.1093673e+00
 -6.1242521e-01
  1.0929973e+00
 -5.4493648e-01
 -5.6371808e-01
  1.0050083e+00
  9.6977001e-01
 -8.6943591e-01
 -1.9377238e+00
  1.4516515e+00
 -1.4507515e+00
  1.8299903e-01
  1.4041268e+00
 -3.5135529e+00
  8.8307101e-01
 -1.3169980e+00
 -9.0151304e-01
 -4.3532782e+00
 -6.7379212e-01
 -3.2930568e-01
  2.5144956e-01
 -5.0814724e-01
 -2.3566482e+00
 -6.2332267e-01
  1.5020969e+00
 -1.6619887e+00
  3.1064017e+00
 -1.7762446e+00
 -6.3824467e-02
  9.1864198e-01
 -1.2987701e+00
 -1.9891838e+00
  9.1734308e-01
 -1.1770513e+00
 -3.8110992e-01
 -1.4617267e-01
 -1.4441334e+00
 -5.8527470e-01
 -9.2258191e-01
 -2.0993960e+00
 -6.7311585e-01
 -1.0413171e+00
 -1.5657285e+00
 -1.2497780e-01
 -1.0905937e+00
  7.8391892e-01
 -1.1939760e+00
  8.2328469e-01
  2.4325688e-01
  3.2312292e-01
  1.5121068e+00
 -1.3717594e+00
 -1.0162202e+00
  3.4232960e+00
 -3.1714126e-01
  2.1132934e+00
 -1.1530735e+00
  1.3424606e+00
  3.1276848e+00
 -7.3266923e-01
 -1.0187174e+00
  1.6369420e+00
 -2.5801384e-01
 -3.8434284e+00
 -1.2130629e+00
 -3.6412939e-02
 -1.7302215e+00
  6.5457654e-01
 -9.3535519e-01
 -7.6499438e-01
 -7.5764203e-01
 -5.3186744e-01
  1.5520951e+00
  1.3501514e+00
 -1.2241294e+00
  2.6307529e-01
 -1.1532866e-02
 -2.2640586e-01
  6.2758607e-01
  5.6957662e-01
  1.3184088e+00
  1.1109804e+00
 -3.6990130e-01
 -7.7331811e-01
  1.6914186e+00
  9.8627627e-01
 -1.7272317e+00
  7.7405369e-01
 -2.2424650e-01
 -5.5233556e-01
  1.6195898e-01
  2.7872097e+00
  7.7237755e-01
 -1.1255239e+00
  3.3846599e-01
  4.3001423e+00
 -1.3285743e+00
 -8.2767054e-02
 -1.1885283e+00
  1.2594285e+00
 -5.1761001e-01
 -1.2156688e+00
 -1.1823400e+00
 -1.8460493e+00
  3.8623774e-01
  1.0742283e+00
 -9.6046054e-01
  3.2816343e-02
  6.7517388e-01
 -1.9853613e+00
  1.2264898e+00
 -2.2088220e+00
 -9.4812131e-01
 -1.8878032e+00
  2.4780989e+00
  6.3012344e-01
  2.5191367e+00
  2.0053248e+00
 -7.5232828e-01
 -5.7627648e-01
  1.0907209e+00
  2.0063939e+00
  1.3726113e+00
 -3.2151774e-01
 -8.4351885e-01
 -1.0898073e+00
 -4.9757400e-01
  7.7665639e-01
 -2.3699985e+00
  2.0375693e+00
 -1.4272943e+00
  2.1976352e+00
 -2.6902187e+00
  2.7085626e+00
  2.1395953e+00
 -7.9573683e-02
  1.1996502e+00
 -3.2160774e-01
 -1.0772595e+00
 -1.9459655e+00
  1.4458317e+00
  1.2276184e-01
 -9.9219018e-01
  4.4580209e-01
 -7.0797491e-01
 -8.6333120e-01
  2.1084571e+00
  9.1689432e-01
  2.0008190e+00
  4.2935887e-01
 -8.6161941e-01
  2.6726155e+00
  3.3804059e+00
 -2.7959064e-01
 -6.5587533e-01
 -7.3211372e-01
 -3.5248489e+00
 -3.0165730e+00
  2.1234350e+00
 -1.5878054e+00
  6.2796772e-01
 -1.7128856e+00
 -2.7736046e+00
 -1.5143865e-01
 -4.6965823e-02
  9.9320084e-01
 -8.4133989e-01
  1.8088185e+00
  4.5316947e-01
  6.4989132e-01
 -1.9885069e+00
 -1.9254192e+00
  4.1953921e+00
 -1.7099470e+00
  1.2268605e+00
  4.8615468e-01
 -1.3565044e+00
  3.8456675e-01
  8.9490616e-01
  3.5470477e-01
 -1.1585497e-01
 -3.5477302e+00
 -1.4264671e+00
  3.6973917e+00
  1.3772538e+00
  7.5453448e-01
 -1.0841514e+00
 -1.2144963e-01
 -2.1171358e+00
 -4.8319110e-01
  3.8843405e-01
  1.8496441e+00
 -4.1422358e-01
  8.0982846e-01
 -2.9543447e-01
  1.9935106e+00
  8.6422068e-01
 -8.9895457e-01
  2.3694439e+00
  6.2102661e+00
  2.3469779e+00
  1.3310760e+00
  8.8109720e-01
 -2.1988080e+00
 -3.3153226e+00
  1.2579972e+00
  1.9029367e-01
 -3.5200727e+00
  7.6732260e-01
  6.4837790e-01
  2.1727445e+00
  1.3303365e+00
  7.1635264e-01
  2.0575121e-01
 -9.4843382e-01
  9.3700838e-01
 -2.0130985e+00
  9.2599720e-01
  1.5732625e+00
  2.8378594e-01
 -5.2385771e-01
 -6.2699181e-01
 -7.2060037e-01
  1.4711773e+00
  1.5367322e-01
 -3.1138572e-01
  5.7873678e-01
  2.4910893e+00
  2.5778844e+00
  3.3749502e+00
 -4.6136039e-01
  2.8979325e-01
 -2.4648535e+00
  2.3701510e+00
 -9.0895355e-02
 -2.5817766e+00
  4.2973810e-01
  1.2710147e+00
 -2.9011416e+00
 -5.3620636e-01
  1.0954775e+00
  9.1965473e-01
 -1.1536063e+00
  2.9203188e+00
  2.1837282e+00
  6.1562377e-01
 -9.6171111e-01
 -6.8254328e-01
 -2.8016356e-01
 -2.2782922e-01
  5.9080210e-02
 -1.3644451e+00
 -5.3283978e-01
  1.1256773e+00
 -6.2861085e-01
  3.3956563e-01
 -3.6251450e-01
 -8.3373350e-01
  8.1501979e-01
  1.2312040e+00
  1.1101528e+00
 -2.7952764e+00
  1.1965877e+00
 -7.6848102e-01
  8.9706409e-01
 -5.0374055e-01
  1.4648629e+00
 -1.5058449e-01
  3.1501956e+00
 -6.3275373e-01
  9.5574564e-01
 -1.8168920e+00
 -2.1809018e-01
  3.0810003e+00
 -1.0986621e+00
 -4.5525244e-01
  1.0683203e+00
  4.2997727e+00
  2.9828844e+00
 -6.4955206e+00
 -2.9914551e+00
 -1.7918868e+00
  1.2970036e+00
  3.6967188e-01
 -2.3344991e+00
 -7.6599920e-01
  2.5409663e+00
  2.0635450e+00
  1.1028392e+00
 -2.5356817e+00
 -2.1325133e+00
  1.0207564e-01
 -6.7538422e-01
 -1.0214992e+00
 -3.0636959e-02
 -1.6074756e+00
 -2.0637505e+00
  3.7093422e-01
 -1.3417202e+00
 -1.3828049e+00
 -4.7221500e-01
 -1.6582983e+00
 -3.4915106e+00
 -7.9566491e-01
 -1.4857734e+00
  1.0611353e+00
  1.7626023e+00
 -1.7777650e-01
 -1.5013404e-01
 -5.2594755e-02
  1.9577017e+00
  2.1773911e+00
  2.1321881e+00
 -2.5171733e+00
 -1.9893817e+00
  1.6049030e-01
  4.1028470e-01
  7.2079021e-01
  2.3798783e+00
  2.5122705e+00
  1.5127434e-01
 -3.5663080e-01
  6.4759445e-01
 -1.6809586e+00
 -8.9764498e-02
  6.5459800e-01
 -2.3509648e+00
 -1.7929746e+00
  1.4046813e+00
 -5.1203340e-01
 -8.0733019e-01
 -2.3943450e+00
 -2.5630546e-01
 -9.8468825e-02
 -3.7247398e-01
 -9.7368795e-01
 -1.6094800e+00
 -1.4434144e+00
 -5.4788208e-01
  2.3581123e+00
 -3.8486865e-01
 -2.4749544e+00
  4.8132196e-01
  1.4693840e+00
  6.4070648e-01
  1.3584589e+00
  8.5696703e-01
  2.4671040e+00
  2.5090637e-02
  1.5403554e+00
  3.0163174e+00
 -2.4928021e+00
  9.3298060e-01
  5.3113294e-01
 -8.9387774e-01
  1.5182242e+00
 -2.1368959e+00
 -3.3896276e-01
  2.3947451e+00
  7.8825784e-01
 -1.7009472e+00
  1.4733341e+00
 -6.4362609e-01
  1.3925335e+00
 -3.1288305e-01
  1.0600009e+00
 -2.0682059e-01
  1.6231946e+00
  1.6465770e+00
  4.0468685e-02
  3.4496802e-01
 -9.8120522e-01
  1.9207618e+00
  1.4254980e+00
  3.5779616e-01
  1.2577373e-02
 -5.6041766e-02
  2.7233541e+00
 -8.1361935e-02
 -1.4755589e+00
 -1.2828906e+00
  1.7528234e+00
 -1.5428640e+00
  2.6595185e+00
  1.5735916e+00
  7.9202574e-01
  1.8584006e+00
 -9.6013859e-02
 -8.0290991e-01
 -3.6015978e-01
 -1.5714546e+00
  2.7516285e-01
  4.6422318e-01
  9.8900670e-01
  1.1518798e-01
 -7.4669331e-01
 -1.3574478e-01
  1.9993248e+00
 -1.4493405e+00
 -3.0861456e+00
  3.0574423e-01
  1.1414652e+00
  8.1901670e-01
  1.1761481e+00
  2.8283713e+00
 -8.4013408e-01
  1.0036221e+00
  7.8097832e-01
  1.8687375e+00
 -1.1196810e-01
  8.0445838e-01
  1.5500240e-01
  5.6115353e-01
  1.5776306e+00
 -1.6918260e+00
 -1.2774286e+00
 -1.0844275e+00
  3.3453047e-01
 -1.7124912e+00
  1.4964479e+00
  3.9791608e+00
  2.6815925e+00
  1.7908328e+00
 -1.0215242e+00
  1.9361804e+00
  3.1352991e-01
 -1.1536908e+00
 -1.8538997e+00
  3.4803858e-01
  1.4970771e+00
  1.2606198e+00
  9.2718971e-01
  3.2163515e+00
 -1.9943112e+00
 -1.4215955e-01
 -4.9337658e-01
  4.0773332e-01
 -1.4774652e+00
  3.4982488e-01
  2.9129711e-01
 -1.9151023e-01
 -3.0796628e+00
 -2.7971414e-01
  6.4790636e-02
  4.0448654e-01
  4.6126800e+00
  3.8327398e+00
 -1.6560497e+00
 -1.6134375e+00
 -2.5049169e+00
  2.1325300e+00
  2.2476900e+00
 -3.6149623e+00
  2.6145730e+00
  2.8930786e-01
 -1.6975390e+00
 -1.3106912e+00
 -1.3417684e+00
 -1.5467269e+00
 -2.0631261e+00
 -7.4982542e-01
 -2.2375875e+00
 -1.5361452e+00
  1.3215908e+00
  9.1908652e-01
  3.2291129e-01
  3.6431152e-01
 -5.3180760e-01
 -7.6863831e-01
  5.5625963e-01
  8.7652498e-01
  4.8578021e-01
 -1.3390619e+00
 -1.9164232e+00
  2.4111412e+00
 -7.1854182e-02
  1.7691263e+00
  9.5947599e-01
 -1.4349910e+00
 -1.7680427e-01
  2.2367618e+00
  1.4607424e+00
  1.7981622e+00
 -1.9036146e+00
 -7.3092508e-01
 -1.4136155e+00
  6.9296938e-01
 -2.0349450e+00
  1.4415156e+00
  1.0358222e+00
 -5.2090639e-01
 -4.1281301e-01
 -7.5065088e-01
 -8.1148022e-01
  9.5987356e-01
  2.2638392e-01
  5.2286440e-01
 -9.5896810e-01
 -2.2816858e-01
 -1.1244854e+00
 -4.8306040e-02
 -1.3997180e+00
 -4.9140012e-01
 -1.6944258e+00
  1.2460618e+00
  4.6364552e-01
  1.2761682e+00
  1.0063716e+00
 -2.3027196e+00
  3.7700242e-01
  7.6873058e-01
  6.7797232e-01
  1.5628120e+00
  2.0602546e+00
 -1.0645348e+00
  8.0875623e-01
 -3.1275983e+00
  7.8642017e-01
 -1.0265808e+00
 -2.4672141e+00
  1.6027989e+00
 -4.4447989e+00
  5.5201602e-01
 -3.0864587e+00
  1.4990172e+00
 -1.9593437e+00
 -6.2215042e+00
 -4.3049815e-01
  4.1740307e-01
  1.1243665e+00
  8.4991443e-01
  9.4851416e-01
 -1.1121155e+00
  7.9683298e-01
 -2.5548182e+00
  2.1444333e+00
  2.5528362e-01
  7.8180975e-01
  1.8668393e+00
  1.2022548e+00
 -2.1384062e-02
  1.8838617e+00
  8.2325757e-01
 -7.2815400e-01
 -1.0662411e+00
  1.3526578e+00
  4.6729639e-01
  1.2139996e+00
 -8.6083293e-02
 -2.1202222e-01
 -1.7656778e+00
 -1.3912958e+00
 -6.3939178e-01
 -1.2493249e-01
  1.7256520e+00
  7.5092707e+00
 -2.1715183e+00
  2.6456585e+00
 -2.1426005e+00
  7.3893452e-01
  3.4679320e-01
 -1.0886124e+00
  2.6043825e+00
  2.6333079e+00
 -1.0087264e+00
 -2.1412992e+00
 -3.9492960e+00
  7.1766727e-02
  1.3971331e+00
 -1.5546051e+00
 -2.2877162e+00
 -8.8424975e-01
 -2.3003523e-01
 -1.6723144e+00
  2.1823142e+00
 -5.0667489e-01
 -3.7815359e+00
 -2.0917256e+00
 -1.3921341e+00
 -2.5778764e-01
 -1.7404795e+00
 -1.8149905e+00
 -7.4727809e-01
 -2.4926783e-01
 -5.5741739e-01
  6.5005636e-01
  2.0294543e-01
 -1.2537084e+00
 -9.9682212e-01
  7.7486020e-01
 -8.5031092e-01
  9.3887585e-01
  4.9781675e+00
 -2.8497368e-01
 -4.4266849e+00
  3.6290569e+00
  5.3460398e+00
 -1.7252603e+00
  2.3007618e-01
  1.5785363e+00
 -2.2154140e+00
 -2.7217522e+00
  2.8065195e+00
  8.5760194e-01
 -3.1829951e+00
  9.6436375e-01
  1.8307889e-01
  7.6161605e-01
 -1.5482703e+00
 -2.1910183e+00
  9.6136069e-01
  3.3534062e+00
 -1.9769429e-01
  7.6405942e-02
  7.4986649e-01
 -9.9234152e-01
 -1.9264622e+00
 -1.3338181e+00
 -1.0197557e+00
 -5.7424331e-01
  1.4636211e-01
 -4.5876941e-01
 -2.7076700e+00
  3.3798197e-01
 -1.7225336e+00
  2.4774764e+00
  2.2566218e+00
 -1.9588358e+00
  1.5416563e+00
  8.0962116e-01
 -1.8139616e+00
 -9.0139478e-01
  1.1679485e+00
 -9.2203444e-01
 -3.9286880e+00
 -1.2662606e+00
 -3.4732890e+00
 -2.1979187e+00
  9.4050050e-01
  2.3967512e+00
 -1.5890639e+00
 -8.1518479e-02
  2.7457240e+00
 -2.0198148e-01
 -2.6737109e-01
  5.7316676e-02
 -7.0369464e-01
 -2.2051442e+00
 -2.9510036e+00
 -5.9171248e-02
 -1.0062554e+00
 -1.1968396e+00
 -1.5443633e+00
 -2.3706639e+00
  7.9041529e-01
 -1.4369639e+00
  1.4582950e+00
  1.4693799e+00
 -1.8516921e-01
 -1.2601061e+00
 -2.7763307e+00
  3.5096273e+00
 -1.0282202e-03
  2.2586884e+00
 -5.7551283e-01
 -6.7424244e-01
  1.7032753e-01
  3.4647954e-01
  4.2031150e+00
  2.9053276e+00
 -2.0808055e+00
 -8.0564654e-01
  2.4191248e+00
 -2.4410163e-01
 -2.4098063e+00
  5.5453044e-01
  1.4821332e+00
  3.2231224e+00
 -4.1777954e+00
  1.7191842e+00
  4.0529394e-01
 -9.3957335e-01
  2.0347993e-01
 -1.9483574e-01
  6.9181579e-01
 -3.5559027e+00
 -8.8588935e-01
 -1.8970195e+00
 -1.0230000e+00
  2.1430926e+00
 -2.2468247e+00
  1.7584094e+00
  9.6906799e-01
  8.4867793e-01
  6.4702533e-02
  2.3017871e+00
  2.3136463e+00
 -6.0756612e-01
  1.3793347e+00
  1.5160758e+00
 -9.8722655e-01
  2.7221174e+00
  1.4069082e+00
  2.7400181e-01
  1.7861279e+00
 -1.2833499e+00
  1.8631363e+00
 -5.1831540e-02
  4.3798146e+00
  1.3410974e+00
  1.1601793e+00
 -2.5741475e+00
  2.4285507e+00
 -3.2812009e+00
 -1.7239108e+00
  1.1503334e+00
  2.0022542e+00
  7.7106290e-02
  9.7848445e-01
 -9.6288025e-01
 -1.7797931e+00
 -3.5739727e+00
 -3.0201957e+00
 -1.6519532e+00
 -5.7799608e-01
 -7.6159275e-01
 -1.1401454e+00
 -2.5626104e+00
 -4.4561734e+00
  3.5611248e+00
 -1.0054833e+00
 -6.2555254e-01
  2.3965878e+00
 -1.1617858e+00
 -4.6370110e-01
  3.5189718e-01
  7.4044579e-01
 -1.5998609e+00
  8.8329965e-01
 -8.0984712e-01
  2.3824427e+00
 -3.7616551e-01
 -7.6947302e-02
 -1.0948343e+00
  4.0870028e+00
 -1.7690339e+00
  2.7727773e+00
  3.6227593e-01
 -2.3716798e-01
  1.6931180e+00
 -1.8834096e+00
 -1.5865976e-02
 -7.8625613e-01
  4.7834826e-01
 -3.3777020e+00
  8.8899291e-01
 -3.4092301e-01
 -1.6151448e+00
 -1.6943104e+00
  1.2912803e+00
  4.3934792e-01
 -3.5816514e-01
  1.3613545e+00
  1.2873702e+00
 -7.5682563e-01
 -3.4460443e-01
 -1.5636184e+00
 -1.2905439e+00
 -3.0003481e+00
 -3.3699164e+00
 -2.0647192e+00
  3.5616024e+00
  3.8073928e+00
 -5.9232295e-01
  3.2665164e+00
 -2.2408010e-01
  1.8000336e+00
  3.3609622e+00
  2.3514905e+00
  2.9128957e+00
 -1.7633671e+00
  1.7232893e+00
  1.4685760e+00
 -2.2581072e+00
 -1.9649014e+00
 -3.9857686e-01
  2.5685825e+00
  7.8067940e-01
 -5.9313685e-01
 -1.4518112e+00
 -1.3255954e+00
 -2.9403147e-01
  1.6849062e+00
  7.0133239e-01
 -1.2747047e+00
 -4.9940601e-01
 -1.4658238e-01
  1.2390310e+00
  7.7756351e-01
  1.9626631e+00
 -4.6865019e-01
 -4.7291347e-01
 -2.7272165e-01
 -1.0357248e+00
  2.1805394e+00
 -2.2648923e+00
  7.6520860e-01
 -1.3073573e+00
  5.4075676e-01
 -4.5402011e-01
  4.1498146e+00
 -2.4862893e+00
  8.5119396e-01
 -2.1763252e-01
  1.5428417e+00
  9.9019986e-01
  1.0178105e+00
 -2.0821300e-01
 -1.6986769e+00
 -6.8920541e-01
 -1.4547361e+00
 -2.3064778e+00
  7.0864744e-02
  1.0401821e+00
  4.2936277e+00
 -1.3206733e+00
  1.1294789e+00
 -8.0580735e-01
 -1.0952787e+00
  1.7905259e+00
 -9.2263538e-01
 -1.1971692e+00
 -6.8648839e-01
  3.0477395e+00
  2.9023830e-02
 -3.0694249e-01
 -1.4201012e+00
 -1.9488238e+00
 -8.7706484e-02
  7.8591931e-01
  2.0882833e+00
  8.6773533e-01
  3.5189564e+00
  1.4320296e-01
  3.8093052e+00
 -2.0684571e+00
 -1.6718956e+00
  1.2386067e+00
  1.5807424e-01
 -1.5655820e+00
 -3.2515979e+00
  1.1510957e+00
 -2.8328532e-01
 -1.4437135e-01
 -1.7775178e+00
  1.3853980e+00
  1.3258612e+00
  3.1388679e+00
  1.9953532e+00
 -2.3125746e+00
  1.4853355e+00
  4.0927741e-01
 -1.3367414e+00
  1.7887037e+00
  4.8669094e-01
 -3.5119042e+00
  1.7976768e+00
 -1.0459164e-01
 -4.6619954e+00
 -1.5551620e+00
 -2.6602110e-01
  1.0821766e-01
  1.6774973e+00
  7.0306975e-01
 -1.3904116e-01
 -1.3210528e+00
  3.3077452e-01
 -3.9347383e-01
  5.0442833e-01
 -2.7285583e+00
  9.9117309e-01
  4.6300840e-01
 -1.6234280e+00
  3.9442775e+00
 -2.3874350e-01
  4.8046759e-01
  1.2245669e+00
 -3.5391724e+00
  4.5267975e-01
  2.0428004e+00
 -1.2448462e+00
  1.2299113e+00
 -1.0521692e-01
  5.7614813e+00
  1.5149000e+00
  2.3654037e+00
 -5.3708714e-01
 -8.5862696e-01
 -1.9519711e+00
  2.2799957e+00
  8.6246781e-02
  9.6816218e-01
  7.9786116e-01
  1.0136007e+00
 -9.0421623e-01
 -1.0302119e+00
 -5.1483208e-01
  2.7828290e+00
 -4.2378911e-01
 -7.4556187e-02
 -1.0886761e+00
  4.3661505e-01
 -9.7286129e-01
  4.3714256e+00
 -3.3831182e-01
  2.1463201e+00
 -5.7017332e-01
  7.3384351e-01
 -1.4294605e+00
 -1.6130575e+00
  1.1568284e+00
 -4.3546863e+00
 -2.5374951e+00
 -6.7819734e-03
  6.4945722e-01
 -1.7731313e+00
  1.3012189e+00
  1.7241701e+00
 -8.4659916e-01
 -3.7479657e-01
  1.3451517e-01
  2.3298173e+00
 -4.1303620e+00
 -1.0386972e+00
 -1.5031985e+00
 -3.3713043e+00
  7.5084108e-01
  2.4886379e+00
  2.9981155e+00
 -8.1704450e-01
  3.6237102e-02
  1.0005449e+00
  1.3210964e-01
 -1.6248372e+00
 -3.3981979e-01
  1.3608371e+00
 -1.3565282e+00
  8.8488841e-01
 -8.0375028e-01
 -1.1935488e+00
 -1.3384929e+00
  2.5399780e+00
 -1.2228374e-01
 -2.6293919e+00
 -2.2899454e-02
 -1.0715132e+00
  1.3693434e+00
 -2.5878039e-01
 -1.9133574e+00
 -3.6173171e-01
 -3.1217462e-01
 -1.5630984e-01
 -2.4416155e-01
  2.0847800e+00
 -1.1398951e+00
  2.4456961e+00
  2.7709041e+00
  1.0130699e-01
 -4.1212553e-01
  1.0608965e+00
  3.8347366e-01
  5.2494413e-01
 -1.6244205e+00
 -3.0471736e-01
 -1.7153307e+00
 -1.1376379e+00
 -2.9193230e+00
  1.1184074e+00
  3.7377247e-01
  5.3993523e-01
  4.3949026e-01
  2.2345755e+00
  9.4840950e-01
  1.8096174e+00
  2.0160343e-01
 -2.5660803e+00
 -1.0436201e+00
 -3.0810456e+00
 -1.9904337e+00
 -2.3513093e+00
  1.6696658e+00
  8.5206944e-01
  4.7605219e-01
 -2.5495121e-01
  2.3160827e+00
 -3.7989923e-01
 -1.5423642e+00
 -1.9792840e+00
  2.5056121e+00
 -1.7458289e+00
  8.2643665e-02
  1.1866448e+00
 -4.8546872e-01
  7.7993506e-01
  5.1111370e-01
 -8.1409633e-02
 -3.1386688e+00
 -5.9959573e-01
  1.3545222e+00
 -5.4900389e+00
 -2.6224971e+00
 -9.2498475e-01
 -1.6388091e+00
  3.9910245e-01
 -6.2169379e-01
  4.8716605e-01
  5.9902126e-01
 -5.9525240e-02
  7.0589107e-01
  9.2536891e-01
  2.7296042e+00
 -1.0666821e+00
  2.1379600e+00
 -1.5490776e+00
  6.0347086e-01
  1.9320196e+00
  3.5729592e+00
  2.2258835e+00
 -3.2325283e-01
 -4.1686019e-01
  5.6593931e-01
  2.5316353e+00
 -4.4769427e-01
  4.4228039e+00
  2.8094798e-01
 -2.5563437e-01
  3.9818442e-01
 -8.7062865e-01
  1.7582573e+00
  3.6458157e-02
  2.3063600e+00
 -2.0444114e+00
  1.3210090e+00
 -4.6266159e-01
  6.8737453e-01
 -2.4380887e+00
 -9.8495239e-01
 -1.6200204e+00
 -1.9520186e+00
  1.1796539e+00
 -1.3804498e+00
 -1.5130761e+00
 -6.2830305e-01
  3.4155822e-01
 -6.2562132e-01
  2.9872930e-01
  1.4210516e+00
  1.4619378e+00
  4.1231098e+00
  1.0247165e+00
  2.0437999e+00
 -1.9753648e+00
  2.5961931e+00
 -2.1389480e+00
  1.3138680e-01
 -5.4680519e-02
 -8.1194922e-02
  3.5893302e+00
 -1.3036482e+00
 -1.2292407e+00
  1.3085620e+00
  1.2562687e+00
 -2.5795162e+00
 -2.0035703e+00
 -1.7166902e+00
  6.6289848e-01
 -3.3955309e+00
  1.0012662e+00
 -7.5913036e-01
  4.1101044e-01
 -4.9445891e-01
  2.2481108e-01
  1.2857202e-01
  1.1031914e+00
 -7.3246127e-01
 -5.6152362e-01
 -1.5148826e+00
 -3.3679670e-01
 -4.5727277e-01
 -9.2685908e-01
  1.8279549e-01
  7.1792953e-02
  6.1546594e-01
  1.1758559e+00
  4.1112528e+00
 -1.1828305e+00
  3.3868628e+00
  9.2886144e-01
 -5.8425826e-01
 -1.4910825e+00
 -2.8258805e+00
  2.7512081e+00
 -1.4611399e+00
 -2.4544022e+00
  2.8243308e+00
 -7.4266768e-01
 -3.2273674e+00
  6.3233578e-01
  5.9568775e-01
 -2.1874366e+00
 -1.1898459e+00
  2.1900425e+00
 -1.8260938e+00
  2.2405820e+00
  9.9713184e-02
 -8.1584013e-01
 -2.6938877e+00
 -3.7465844e+00
 -4.9819889e+00
 -1.2832261e+00
 -1.5570326e+00
  2.2611451e+00
 -1.3450605e+00
 -1.9841814e+00
 -2.0459206e+00
  2.0985148e+00
 -5.9029603e-01
 -1.9362752e+00
 -3.1174972e+00
 -2.1797848e+00
  1.4266887e+00
  1.1117245e+00
  7.4133831e-01
 -4.1186934e+00
 -2.6601338e-01
 -8.7661636e-01
 -8.1359071e-01
  1.9423249e+00
  6.7458773e-01
  1.8774033e+00
  3.2839096e+00
  2.7365732e+00
 -1.8181984e-01
 -6.8666238e-01
  8.3429480e-01
  7.6550764e-01
  3.7523308e+00
  7.2787458e-01
  3.5882094e+00
  7.2294432e-01
  6.8751419e-01
  2.3269930e+00
  1.0593997e+00
  3.4576104e+00
  3.5788304e-01
  1.0670092e+00
 -5.4508275e-01
 -1.1630025e+00
  1.8089018e+00
  4.1116629e-02
  1.9956498e-01
 -7.3256063e-01
  1.5091872e+00
  5.0632787e-01
 -4.6223572e-01
  1.8342313e+00
 -1.9911879e+00
  4.0322194e+00
 -6.4864182e-01
  8.8206494e-01
 -1.0447960e+00
  2.6047695e+00
  4.4688277e+00
 -6.0571772e-01
  8.8235760e-01
  3.0410177e-01
  1.0830101e+00
 -6.1927929e+00
  2.4190557e+00
 -9.4280565e-01
  4.5144877e-01
  1.9834472e+00
  1.2850245e+00
 -1.0473156e+00
  2.5373235e+00
  1.7583865e-01
  1.3992803e+00
  5.0796449e-01
 -1.6327956e-01
  2.8021078e+00
 -1.7459854e+00
 -3.4586295e-01
  2.1481349e+00
  1.3465664e+00
  3.0444634e-01
 -1.2387828e+00
 -1.0018320e+00
 -4.2209828e-01
 -6.3116980e-01
  9.1572005e-01
  1.9644147e+00
  1.5119236e+00
 -2.9861116e+00
  1.3845638e+00
 -4.4423202e-01
 -7.6839231e-02
  1.0177821e+00
 -1.6783839e-01
  8.0724323e-01
 -1.0081913e+00
  1.1307485e-01
  3.3442909e-01
 -4.0987593e-01
  1.7250237e+00
  2.5113218e+00
  1.0097444e+00
  2.2859600e+00
 -1.1466519e+00
 -2.4788849e+00
  2.1635907e+00
 -3.1023779e+00
 -5.9731805e-01
 -5.0805289e-01
 -1.4900737e+00
  1.8126808e-01
 -1.9715943e+00
 -2.4723417e-01
 -1.4352882e+00
 -1.3254737e+00
 -5.1457000e-01
 -4.4644091e-01
 -8.5788190e-01
 -8.3213526e-01
 -6.6316545e-01
 -6.2024891e-01
 -1.5284870e+00
  4.3330221e+00
 -2.1945095e+00
 -7.1804367e-02
  2.7727488e-01
 -9.0904343e-01
 -3.4997029e+00
  3.0334583e-01
 -4.6868582e+00
 -2.3712115e+00
 -1.3051841e+00
 -4.0312290e+00
  1.5201446e+00
 -3.3364065e+00
 -3.8096559e+00
 -1.2263193e+00
 -1.4333168e+00
  2.4913608e-01
 -1.3964192e+00
 -1.0671818e+00
  2.9921322e+00
 -1.2745658e-01
 -4.1911584e-01
 -1.1179255e+00
  7.5229043e-01
 -3.0960622e-01
 -3.2666373e+00
 -7.4759966e-01
 -1.2743403e+00
  9.6799338e-01
 -1.6987536e+00
  1.3083850e+00
  1.7135788e+00
  3.0058489e+00
 -2.2439442e+00
  1.9360892e+00
 -1.3244034e+00
 -6.0833853e-01
 -2.4464903e+00
  8.8898659e-01
 -3.7901509e+00
 -4.4463401e+00
 -1.8650179e+00
  6.5301639e-01
 -1.6756188e+00
 -8.5563672e-01
 -3.1868416e-01
 -1.6319786e+00
  1.1851350e+00
 -2.7279809e+00
  2.4097993e+00
  2.6991928e+00
  6.6056430e-01
 -2.0810390e+00
  3.1549139e+00
 -3.0104378e-02
 -1.4047127e+00
  6.9728285e-01
 -1.6283876e+00
 -1.2167011e+00
 -5.6008720e-01
  1.0424247e+00
 -1.5507354e+00
  2.3259747e+00
 -7.7437842e-01
 -5.7048285e-01
 -1.8158809e+00
  3.3221060e-01
  1.4400142e+00
  1.0336832e+00
  4.0365562e-01
 -2.0298781e+00
  4.0110940e-01
 -1.6333035e+00
 -8.2440823e-01
  1.2252062e-01
 -1.5769047e+00
  1.5812417e+00
  2.5203755e-01
 -9.6792835e-01
  1.5659477e+00
  8.7355262e-01
 -4.0197793e-02
  8.9852309e-01
  2.0190854e+00
 -1.2765828e+00
  2.6469905e+00
  9.2558765e-01
 -1.3444216e+00
 -1.7444800e+00
 -8.7019324e-01
  1.4372100e-01
 -3.3070378e+00
  1.4870055e+00
 -1.9909934e+00
  6.7030948e-01
 -1.4352357e+00
 -2.9337848e-02
 -6.5467909e-02
  1.4502782e+00
  7.5032555e-02
  1.3199371e+00
 -1.1007940e+00
 -4.4271094e-01
 -1.0818983e+00
 -1.1694610e+00
  1.0965061e+00
 -1.4789641e+00
  1.1237665e+00
  1.4277431e-01
 -2.2613002e-01
  6.1530070e-03
 -3.3747411e-01
 -1.5544870e-01
  6.4175236e-01
  1.0890529e-01
  2.4909575e+00
  1.0353498e+00
 -2.0691838e+00
  2.9419963e+00
  1.4753048e+00
  2.1724819e-01
  3.9813679e-01
 -2.8478676e-01
  1.3466709e+00
  6.2805730e-01
 -1.0020813e+00
  6.0936809e-01
 -1.9328504e+00
 -3.3647534e-02
  4.4789681e-01
 -1.7499620e-01
 -1.3385139e+00
 -2.2032672e-01
 -9.2339098e-02
  5.8104569e-01
 -7.4607998e-01
 -1.3526094e+00
  2.0414140e+00
 -2.2955772e-01
 -8.9463151e-01
 -1.3504930e+00
  1.5139894e+00
 -1.1674947e+00
 -6.9180709e-01
  5.0532305e-01
 -1.3360624e+00
 -1.0712670e-01
 -1.0599278e+00
 -1.1137456e+00
 -5.5391628e-01
 -6.7592496e-01
  7.8028482e-01
  3.2540438e-01
 -2.0283558e+00
  6.0563898e-01
 -5.1402527e-01
 -2.3032318e-01
 -1.7674173e+00
 -2.3375611e+00
 -9.7482902e-01
 -1.1865052e+00
 -1.1813440e+00
  3.3590844e-01
  3.3578320e+00
 -1.7530446e+00
 -2.0437233e+00
  1.1956728e+00
 -1.5456553e+00
  1.3581069e+00
 -1.2748631e+00
 -9.6577710e-01
 -6.2764114e-01
  3.2858002e-01
  7.2329926e-01
  5.9722018e-01
 -1.7207544e+00
 -2.5030506e-01
 -1.8008591e+00
 -3.1816876e+00
  1.4728260e+00
 -3.0667098e+00
  1.0440819e+00
  8.7210342e-02
  1.3410394e-01
 -2.3114126e+00
  6.2043016e-04
 -1.1799128e+00
 -3.9346435e+00
  1.6132028e-01
  1.8514983e-01
  7.8204644e-01
 -1.0052667e+00
  2.0014532e+00
 -1.9937205e+00
  1.6741198e+00
  2.9577785e+00
  6.4515650e-01
 -2.8485969e-01
 -3.6048844e+00
  2.5533402e+00
 -4.6034994e+00
 -1.8052588e+00
 -1.9897839e+00
 -3.3087894e-01
 -1.9048542e+00
 -7.3545367e-01
 -1.6298379e+00
 -6.8691218e-01
 -1.1702148e+00
  2.6679854e+00
  1.8445433e+00
 -4.9799740e-01
 -5.6773984e-01
 -1.4178686e+00
 -5.9958231e-01
  2.2368073e-01
  2.8794596e+00
 -4.7286444e+00
 -3.3857298e+00
 -2.6945438e+00
  2.1422069e+00
 -1.1856203e+00
 -2.9318948e+00
  2.7145129e-01
 -1.3277063e+00
 -1.8338830e+00
  2.5512054e+00
  5.3903550e-01
  7.0920730e-01
  1.2479558e-01
 -2.6662896e+00
  5.5435437e-01
  2.6453264e+00
  1.4783421e+00
  9.5241767e-01
 -8.2455754e-01
  1.4493976e+00
 -1.2689320e+00
 -7.8091729e-01
 -9.4692153e-01
  4.7923535e-01
  2.9551942e+00
  3.5533595e+00
 -1.8212545e+00
  3.0413530e+00
 -5.6867921e-01
  3.7295203e+00
  2.8598912e+00
  1.6141374e+00
  3.5267788e-01
 -7.6098198e-01
  2.6391301e+00
  1.7682046e+00
  6.3492769e-01
 -2.2633038e-01
 -2.8325796e+00
  1.3233545e+00
 -1.1385052e+00
  2.1930585e+00
 -1.0097516e+00
  1.6744128e-01
 -1.0139134e+00
 -3.7380123e+00
  8.8903493e-01
 -1.4233127e+00
 -4.2063818e+00
 -3.2943387e+00
  1.6371888e+00
  3.7811890e+00
  3.2153983e+00
  1.1088680e+00
 -3.9011998e+00
  2.7665429e+00
  2.1013498e-01
 -1.4943478e+00
  1.5448214e-01
  3.7760618e-01
  2.1012509e+00
  2.4758580e-01
  4.6080893e-01
  1.6819543e+00
 -1.1429833e+00
  1.1644815e+00
  5.1476264e-01
  7.4773818e-01
  2.2394807e+00
 -1.2558440e+00
 -5.1843667e-01
 -7.4592066e-01
  9.3190259e-01
 -3.9638343e-01
  9.2418090e-02
  3.4745562e+00
 -1.6387846e+00
 -2.1354479e-01
  2.0520730e+00
  4.1792912e+00
  1.2158685e+00
  2.2235529e+00
 -1.6900188e-01
 -2.6525555e+00
  2.6537049e-01
  3.2177788e-01
 -1.1116459e+00
 -1.0863538e+00
 -2.0108119e-01
 -1.0456265e-01
 -1.1567070e+00
  1.4934094e+00
 -4.5204777e-01
  1.7747746e-01
 -9.5846093e-01
 -1.1547536e+00
 -2.8848941e+00
 -2.8487692e+00
 -1.1004751e+00
 -5.2126512e-02
 -3.1017952e+00
 -2.3772211e+00
 -4.4151397e+00
 -4.1783185e+00
 -3.4799564e-01
 -2.5481090e-01
  1.1097245e+00
  3.2040958e+00
  2.0024445e+00
 -2.3055055e+00
  1.4627403e+00
  4.7336662e-01
 -1.3702459e+00
  2.5624156e+00
  2.9785659e+00
  2.3166633e+00
 -1.9932379e+00
 -2.5310344e-01
  3.0106137e+00
  1.2245039e+00
 -9.0193361e-01
  5.1866883e-01
 -1.2466397e+00
 -3.7864494e+00
  7.5777113e-02
 -3.1624575e+00
  2.7833531e+00
 -3.3936355e+00
  7.2621638e-01
 -5.3986657e-01
 -8.7591267e-01
 -3.0842417e-01
 -1.5364923e+00
 -2.8427446e+00
  3.5608193e-01
 -2.7733257e-01
 -1.1287647e+00
 -2.4319789e+00
 -2.5321238e+00
 -1.5807850e+00
  1.6951334e-01
  3.4983559e+00
 -8.9191401e-01
  1.7929877e+00
 -1.9768927e+00
 -2.4710369e+00
  7.7789122e-01
 -2.0620737e+00
  5.8531517e-01
 -7.7287251e-01
 -8.7026989e-01
 -3.0649347e+00
 -2.9800348e+00
 -9.3277824e-01
  7.7367932e-01
  1.6097187e+00
  1.7237608e+00
 -3.6672941e-01
  8.7242508e-01
 -6.0472661e-01
  8.1857795e-01
 -1.6828560e+00
  2.3160329e+00
 -9.2092133e-01
  2.3677034e+00
  1.7667327e+00
  4.1070130e-01
 -2.0278583e+00
  3.6999699e-01
  1.1913548e+00
 -1.4798720e-01
 -4.9049672e-01
 -2.2005751e+00
 -1.2101113e+00
  1.7821864e+00
  8.4943867e-01
 -2.0004350e-01
  3.8640468e+00
 -1.4742813e+00
 -1.9654030e-01
  6.1883163e-01
  2.5119750e+00
  2.1351149e+00
 -1.8492483e+00
 -8.7135631e-01
  9.8250699e-01
  2.2200818e+00
 -7.8046823e-01
 -2.7083489e-01
  9.7723383e-01
 -7.8402035e-02
  6.2969917e-01
  2.2874012e+00
 -1.4475106e-01
  8.6740267e-01
  2.0584030e+00
 -3.8618767e-01
  1.3018461e+00
 -2.8907402e+00
  5.4158998e-01
  3.4797037e+00
  3.2273242e-01
  1.6207500e+00
 -9.5237279e-01
  8.4184784e-01
  8.4206206e-01
 -1.3467802e-01
 -3.6175323e+00
  2.1762750e+00
 -8.7674487e-01
  2.5806646e+00
  1.5576234e+00
  5.1158369e-01
  1.8858698e-01
 -1.7917609e+00
 -1.3149540e+00
 -1.3746090e+00
  1.6420522e+00
  2.3344011e+00
  8.8645887e-01
  1.6377381e+00
 -3.5661784e-01
  3.8699403e+00
  7.9818708e-01
  1.8728080e+00
  2.0400867e+00
 -1.4245354e+00
 -1.2078391e+00
  3.7748427e+00
  3.7515077e-01
 -8.2016975e-01
 -2.9932721e+00
 -2.9414389e+00
  1.7245054e+00
 -3.4952760e+00
  3.1517167e+00
 -4.2196360e-01
 -2.2819551e-02
  2.2390122e+00
 -1.6434669e+00
 -9.1413152e-01
  9.6257925e-01
  1.5791120e-01
 -8.6078489e-01
 -9.6667874e-01
 -8.4507626e-01
  7.5439161e-01
 -3.7349391e-01
 -3.0734324e-01
 -1.8863457e+00
 -1.1282200e+00
  9.5318890e-01
  1.1783462e+00
  1.4907372e+00
  6.7080861e-01
  1.8153981e+00
  4.7960779e-01
  1.6659839e+00
  2.5717082e+00
  7.6822889e-01
  1.3945398e+00
  6.5215245e-02
  2.1626523e+00
 -7.7900624e-01
 -8.6989594e-01
 -4.8801866e-01
 -3.5884552e+00
 -2.8765830e-01
 -7.3949087e-01
 -3.4159168e-03
  2.0735114e+00
 -1.9184174e-01
 -1.5034729e+00
  1.6147609e+00
  2.4797776e-01
 -2.1905188e-01
  7.3990870e-01
  1.1754640e+00
 -1.0054901e+00
  9.0903634e-01
 -3.4652522e-01
 -6.5768945e-01
 -7.9573321e-01
 -5.4468006e-01
 -1.7405958e+00
 -5.8362800e-01
  1.3774186e-01
 -1.1986115e+00
  8.2328755e-01
 -2.0733669e+00
 -1.1969634e+00
  3.5727086e+00
 -2.1920507e+00
  2.0460339e+00
 -3.8861322e-01
  9.5146108e-01
 -1.5360824e+00
  1.3778466e+00
  5.3072268e-01
 -1.1744750e+00
 -1.0669893e+00
  2.6042629e-02
  1.5572480e+00
  6.4129286e-02
  1.0334872e-01
 -1.8590316e+00
  9.2269683e-01
 -1.5129817e-02
  2.3565081e-01
 -1.5194985e+00
  7.6635534e-01
  5.8669920e+00
 -6.3939798e-01
  2.2738504e+00
  1.2426109e-01
  1.0120829e+00
 -4.7873861e-01
  3.8751476e+00
  4.7936502e+00
 -3.7157543e+00
  1.7038264e+00
 -3.3550501e-01
 -1.3696065e+00
 -3.8576710e+00
 -9.8523778e-01
  3.7112150e-01
 -7.0904231e+00
  1.9339677e+00
 -9.0110771e-02
 -2.2161345e+00
  3.0703657e+00
 -2.0759776e+00
  2.7381054e-01
 -1.2438338e+00
 -5.3676242e-01
  2.4670169e-01
 -6.4366865e+00
  3.7815669e-01
  1.8305371e+00
 -7.9385328e-01
 -5.9735351e+00
  2.9868826e-01
 -6.3757741e-01
 -3.6659396e+00
  9.4634044e-01
  9.0543747e-02
  9.5847094e-01
  1.3453012e+00
 -2.0631359e+00
 -2.7344282e+00
 -5.7278723e-01
 -9.7821677e-01
  2.0766609e+00
  1.8486370e+00
 -1.0287358e+00
  3.2781978e+00
 -7.7172518e-01
  1.9205022e+00
  1.4760529e+00
 -1.4171222e-01
 -1.5698723e+00
 -2.1353867e+00
  3.6876264e+00
 -8.5532987e-01
 -4.5804672e-02
 -1.2039410e+00
  1.0804265e+00
 -2.8224912e+00
 -1.7600540e+00
 -3.2327917e-01
 -4.8986429e-01
  1.2900821e+00
 -4.1164317e+00
  1.7430922e+00
 -7.0974045e-02
  1.0004622e+00
 -2.9036522e-01
  1.9890999e+00
  1.5067283e+00
  1.1778437e+00
  3.9001271e-01
 -6.3772118e-01
  1.4669816e+00
 -1.2836068e+00
 -2.5178158e-01
 -1.1821547e-01
  1.0910766e+00
  1.5592085e-01
  1.3632458e+00
 -5.9759885e-01
 -5.4146485e+00
  4.7043405e+00
  4.6398062e-01
 -9.5683232e-02
 -7.7266298e-02
  2.3058221e+00
  1.0596080e+00
 -7.8073293e-01
  4.9413288e-01
 -2.9675043e+00
  1.9368161e-01
 -2.7422433e+00
  7.7640295e-01
  1.7860584e+00
  7.1166921e-01
 -9.7462654e-01
 -9.0371418e-01
  1.1346503e+00
  4.5859752e+00
  2.6350038e+00
  3.3779982e-01
  5.6688366e+00
 -1.5067744e+00
 -5.4790193e-01
  1.4737955e+00
 -1.2274639e-01
 -1.7752567e-01
 -1.5140076e+00
  3.0472976e-01
 -1.4922365e+00
  6.7072028e-01
  9.8295635e-01
  2.3382963e-01
 -8.1896335e-01
  2.9359698e+00
 -1.0637794e+00
 -2.2345390e+00
  1.3604846e+00
  4.9535826e-01
 -3.7222619e+00
  1.9180666e-01
 -7.8827190e-01
  1.3082471e+00
  2.7756789e+00
 -2.5556836e+00
 -9.7367179e-01
  2.4838133e-01
 -1.2805851e+00
  3.0545354e+00
 -2.6524563e+00
 -4.6650758e+00
  8.6953007e-02
  1.7682596e-01
  1.9836251e+00
  5.8372229e-01
 -4.8105526e+00
  1.6003363e-01
  2.9142361e+00
 -4.3916163e+00
  1.3047830e+00
 -2.8387043e+00
  9.4835144e-01
 -9.7308666e-01
 -2.0175891e+00
 -3.2435548e+00
 -1.2429014e+00
  2.7053106e-01
  1.6449924e+00
  6.4386088e-01
 -1.1299932e+00
 -1.3375524e+00
 -1.4296489e+00
  3.5147295e+00
 -4.1968155e+00
 -4.3044886e-01
 -3.7870548e+00
 -4.3968603e-01
 -9.7854145e-02
  1.6866306e+00
 -9.3011552e-01
 -5.8660774e+00
  1.3220674e-01
  1.0823658e+00
 -4.3539429e-01
  4.6625595e+00
  9.1415621e-02
  1.6797552e+00
  6.3066959e-01
 -1.1272597e+00
  5.5064934e-01
 -1.9009356e+00
 -7.3438797e+00
  6.4081573e-01
 -1.2211123e+00
 -1.3668872e+00
  1.7984768e+00
  1.5481905e+00
  1.4369646e+00
  9.5209122e-01
  3.1903780e-01
 -7.9286194e-01
  5.1587218e-01
  2.6306185e-01
 -8.0182320e-01
  1.9541820e+00
 -7.0026535e-01
  1.7449552e+00
  5.3473032e-01
  4.7641964e+00
 -3.2891927e+00
  1.0468151e-01
 -2.1841504e-01
  1.9865564e+00
 -1.0375075e+00
 -1.0402259e+00
  5.3790480e-01
  9.6584007e-02
  3.3958083e-01
  1.0787324e+00
  9.1281015e-01
 -2.7621793e-02
 -6.5607899e-01
 -1.5032514e+00
 -1.4271507e+00
 -1.6604069e+00
 -9.4359839e-01
  5.6250244e-01
 -1.0539391e+00
 -5.5784160e-01
 -1.7891775e+00
  1.8727111e+00
  1.4804299e+00
 -6.9757557e-01
  2.9629273e+00
  2.0051160e+00
 -1.5900464e-01
  1.5101539e-01
  1.3520974e+00
  2.2309993e-01
 -1.0367904e+00
  4.0196177e-01
  3.5772601e-01
  6.2259686e-01
  5.6906074e-01
  2.1587143e+00
 -7.1462071e-01
  1.8510177e+00
  3.3245029e+00
 -8.3257580e-01
  1.4418026e+00
 -1.1617148e+00
 -1.1360540e+00
  1.2002751e+00
  8.5047871e-02
  2.5943477e+00
  2.8637466e-01
 -3.4863183e+00
  3.1781275e+00
  3.4083724e+00
 -2.6264410e+00
  1.6436513e-01
 -1.0460072e+00
  6.6564667e-01
  1.5271224e+00
 -1.5092215e-01
 -2.7676153e+00
  3.2683599e+00
  5.1674336e-01
 -4.1613570e-01
  3.1286514e-01
 -7.2557926e-01
  3.7431657e-01
  5.2315718e-01
  3.4862870e-01
  5.8941178e-02
 -9.0262461e-01
  3.4881952e-01
  4.1430458e-01
  1.2322372e+00
  2.4924222e-01
 -1.5713711e-01
  9.0450054e-01
  1.1187900e+00
  1.2109250e+00
 -3.1608194e-01
  1.4393835e+00
 -6.0648054e-01
 -2.9425430e-01
  4.1740518e+00
 -3.8052249e-01
 -2.7943566e+00
  1.0636315e+00
 -4.1782589e+00
  3.1526253e-01
 -4.5534965e-01
 -1.1851814e-01
  3.3073924e+00
 -2.5700492e-01
  2.2843096e+00
  4.3737655e+00
 -9.0534347e-01
  9.5619583e-01
  8.4482020e-01
  1.8126955e+00
 -2.2228043e+00
 -9.2139608e-01
 -7.8091818e-01
 -4.8054478e-01
 -4.3973470e-01
  1.5173137e+00
  1.0410466e+00
  1.6749382e+00
  3.1124216e-01
 -2.1706174e-01
 -5.9299618e-01
  4.5708831e-02
 -6.9747925e-02
 -1.0565796e-02
  1.4300869e+00
  7.4574697e-01
  6.3782525e-01
  1.9186224e+00
  1.8906956e+00
 -6.7404479e-01
 -7.9636848e-01
 -3.8742609e+00
 -1.6208889e+00
  1.0987215e+00
 -1.8634973e+00
  1.1198901e+00
  1.2534908e+00
 -3.6694562e-01
 -2.5550711e+00
 -8.8671905e-01
  2.1174703e+00
  1.0735421e+00
 -1.5280954e+00
 -2.9118268e+00
  1.3331189e+00
  4.1527109e+00
 -1.9198766e-01
 -2.2973492e+00
 -2.5107220e-01
  2.2119129e-01
 -1.3517543e+00
  9.8993129e-01
 -1.9142695e-01
  1.1228707e+00
 -1.1233964e+00
 -3.6635363e-01
  5.3249490e-01
  3.8846099e+00
  4.9137845e+00
  1.8377501e+00
  1.0188200e-01
  1.3674439e+00
  1.7784458e+00
  1.7224219e+00
 -3.1934524e+00
 -2.4118090e+00
 -2.5863833e+00
  7.2116569e-02
 -4.2708154e+00
  5.9321415e-01
 -5.0060588e-01
  2.1400180e+00
  1.0661170e+00
 -8.4375894e-01
  1.0521921e+00
  2.7906792e+00
  2.8180947e+00
 -1.0320389e+00
  3.5286448e+00
  5.5610102e-01
 -2.1501393e+00
 -2.8670182e+00
  1.7644627e+00
  2.6187592e+00
  1.4843843e+00
 -6.6942984e-01
  4.0684289e-01
 -1.3501567e-01
 -9.4264209e-01
  1.1833597e+00
  1.3196465e+00
  6.3116336e-01
 -8.0602819e-01
 -4.5007177e-02
  9.1491294e-01
 -2.0487339e+00
 -2.6276645e-01
 -2.3883557e+00
 -1.7885576e+00
  2.8109069e+00
 -3.3565372e-01
 -1.4576043e+00
  1.0184109e+00
  1.6024024e+00
  1.8384033e+00
  2.5576892e+00
  1.3516207e+00
 -1.3063049e+00
 -1.0394276e+00
 -1.7618454e+00
 -3.4466681e-01
  2.0896444e+00
 -3.5521729e+00
 -7.6744413e-01
  2.4958289e+00
 -4.2463037e-01
  1.7797668e+00
  3.2465240e-01
 -1.9349283e+00
 -1.2028347e+00
 -1.4236479e+00
 -2.0742038e-01
 -7.6914269e-01
  9.2039458e-02
 -4.1256471e+00
 -1.6278129e+00
  6.9656461e-02
 -1.9840916e-01
  4.5513779e-01
 -5.8968103e-01
  7.0313698e-01
 -1.7937975e-01
 -2.4386432e+00
 -1.7094694e+00
  1.7129952e+00
 -2.6034969e-01
  6.2779118e-03
 -6.6431248e-01
 -9.3673807e-01
  3.9339838e+00
  7.0583636e-01
  2.5929061e-01
  3.8396549e-01
 -1.1982696e+00
 -3.0376737e+00
 -1.3525358e-01
  6.9595009e-01
 -2.1031270e+00
 -6.8072146e-01
 -7.7125138e-01
 -1.4137415e+00
 -9.1671115e-01
  1.7053931e+00
  1.9319425e+00
  2.2349434e-01
  1.8887513e+00
  4.4502176e-02
  1.7308017e+00
 -1.2452093e+00
 -2.7817267e-01
 -2.2542820e+00
 -1.0620395e+00
  9.4762480e-01
 -2.5463436e+00
 -9.8115057e-01
  8.9973074e-01
  9.7143173e-01
  2.4962969e+00
 -7.4662763e-01
  5.2534240e-01
  6.7894560e-01
  4.8272381e+00
 -2.4912157e+00
 -9.4338304e-01
 -3.9597303e-01
 -1.6593732e+00
 -1.2790564e+00
 -2.6772630e+00
 -1.4824448e+00
  6.0054171e-01
 -1.6033624e+00
  2.6068802e+00
  1.4309705e+00
  7.8196794e-01
  2.5561008e+00
 -1.4139658e+00
  9.5832437e-01
  2.7121582e+00
  2.4200988e+00
  2.5047639e-01
 -1.4770216e+00
  5.2824098e-01
  1.7230631e+00
  2.4851408e+00
  1.2841485e+00
 -1.6759032e+00
  4.1456609e+00
  1.2087010e+00
  4.2253673e-01
  1.4113781e+00
 -5.6511939e-01
 -1.4422487e-01
 -7.7884227e-01
  1.0574764e+00
 -1.3744067e+00
  3.1373363e-02
 -1.0828602e+00
 -1.2417763e+00
 -3.9856026e-01
  2.9634643e+00
  8.6981809e-01
 -1.2498226e+00
  2.4445007e+00
 -8.4003419e-01
 -4.2490104e-01
 -1.3324611e-01
 -4.3731952e-01
 -3.1964645e+00
 -1.3121823e+00
 -9.7538811e-01
  1.6831695e+00
 -1.2137228e+00
 -6.6893828e-01
  2.3237045e+00
  5.5680919e-01
  2.2683026e-01
  3.4426397e-01
  2.1174669e-01
  2.9426488e-01
 -4.4402605e-01
 -1.1633875e+00
 -2.6015688e-02
  3.3243806e+00
  1.8535167e-01
 -4.0841299e-01
 -9.6535867e-01
 -1.1514008e+00
  4.2134650e-02
 -1.2793077e+00
 -1.4471665e-02
  2.1451416e+00
  6.3019496e-01
  1.0795355e+00
 -2.0933077e+00
  1.4023593e-01
  1.0337794e+00
  6.9294184e-01
 -1.6379488e-01
  2.5243768e-01
 -9.6168089e-01
  1.8246909e+00
  5.4506671e-01
  2.8438029e+00
  4.0023392e-01
 -1.0926082e+00
  1.4054469e+00
 -1.3873411e+00
  1.8729877e-01
 -1.4836837e+00
  6.5914857e-01
 -2.5422392e+00
 -1.1927074e+00
  4.0620708e-01
 -1.4168862e+00
  6.3035178e-01
  4.5788777e-01
  1.1750774e-02
  8.3920169e-01
 -9.7970688e-01
 -2.4253490e+00
 -4.5419708e-01
  1.0075941e-01
  1.8427005e+00
 -5.5178709e-02
 -6.5805721e-01
 -2.4508396e-01
  9.5989591e-01
  1.7427058e+00
  1.2079058e+00
 -4.8967290e+00
  4.7850269e-01
  1.4551487e+00
  4.5075583e-01
 -3.3027015e+00
 -1.4346668e+00
 -1.3396368e+00
  2.2128026e+00
  6.8026501e-01
  6.2880635e-01
  2.3483145e+00
 -3.9534739e-01
  6.5082908e-02
 -3.1774002e-01
  1.8556672e+00
  4.9204177e-01
 -2.4038858e+00
 -3.1010904e+00
 -5.1627547e-01
  2.8600929e+00
 -6.2093514e-01
  6.2762648e-01
 -4.1134441e-01
  3.6806715e-01
 -6.6297829e-01
 -2.4682484e+00
 -2.1167436e+00
 -8.0600762e-01
 -7.6496613e-01
 -1.0003288e+00
  3.4635913e-01
 -9.3963221e-02
  2.2234005e-01
  9.7539824e-01
  1.4900433e+00
  1.2429630e+00
 -1.6305768e+00
 -1.2613147e+00
 -9.8581213e-01
  4.3236122e-01
  6.2689418e-01
  5.2141255e-01
 -3.7842339e-01
  8.5211450e-01
 -3.0926523e-01
  8.4793133e-01
  3.6937163e+00
  5.2651966e-01
  8.3435869e-01
 -5.3428464e+00
 -1.0893663e+00
  8.4413928e-01
  1.8683467e+00
 -2.1936905e+00
 -1.3759432e+00
 -3.7605637e-01
 -5.3620195e-01
 -1.1278009e+00
 -9.5669180e-02
 -1.8733054e+00
 -7.6744437e-01
  1.6746180e+00
 -7.2274041e-01
 -9.3115782e-03
  1.6723717e+00
 -1.6498691e-01
 -1.3574278e+00
 -6.5446091e-01
 -2.5679818e-01
 -8.5463516e-02
  1.6082230e+00
 -7.3753798e-01
  6.8544447e-02
 -8.4978509e-01
 -2.5131032e+00
 -3.0026042e-01
 -8.9925480e-01
 -4.3844685e-01
 -1.4941402e-01
  3.1086305e-01
 -6.6980028e-01
 -8.8188455e-02
 -9.1552682e-02
 -2.8192317e+00
  1.8392903e-01
  1.4144741e+00
  3.3041563e+00
 -3.4789562e+00
  1.8913623e+00
  4.6350580e-01
 -4.9981046e-01
 -1.6958779e+00
 -1.3889424e+00
 -1.7013931e-01
 -1.2848299e+00
 -1.7676413e+00
  2.2122028e+00
  1.4479147e-01
  2.5153270e+00
  3.1387253e+00
  8.5968643e-01
  9.3831468e-01
  9.3181211e-01
 -3.5010946e+00
 -1.7390351e+00
 -3.3952191e+00
  2.6896043e+00
  4.8692024e-01
 -9.2553902e-01
  1.3713753e+00
  9.3137032e-01
  2.5358939e-01
  1.2714925e+00
 -5.8967937e-02
 -3.0450332e+00
 -1.1686150e+00
  2.1414767e-01
 -5.9605062e-01
 -1.9353485e+00
  9.3161815e-01
  8.7950271e-01
 -1.4018980e+00
 -1.7626978e+00
  1.0960709e+00
 -2.2129943e+00
 -2.9489315e-01
  1.6412829e-01
  2.2611353e+00
 -6.6203135e-01
 -1.9192238e+00
  4.3484360e-01
 -6.6945499e-01
  2.0021627e+00
 -1.1109937e+00
 -9.4791758e-01
  1.1272957e+00
 -1.0252013e+00
  4.6944544e-01
 -1.8529043e+00
  7.9337370e-01
 -1.2552415e-01
 -9.7343683e-02
  5.5616111e-01
 -1.2915183e+00
 -4.1635323e-01
  1.9153397e+00
  4.5728559e+00
 -1.5680314e+00
  2.6752522e+00
  4.7917655e-01
  3.1062543e-01
 -2.0847006e+00
 -8.5465586e-01
 -4.1516459e-01
  7.5494063e-01
  2.8683341e+00
 -1.6241634e+00
 -1.1605586e+00
  1.0384847e-01
 -9.4440734e-01
  1.8488979e-01
  2.8803270e+00
  5.9372169e-01
 -9.6613246e-01
  6.1681932e-01
  1.0073937e+00
  4.5099160e-01
  2.6546917e+00
 -1.3112160e+00
 -6.6175103e-01
 -3.3002751e+00
  3.3933559e-01
 -9.9207684e-02
 -6.6331935e-01
  6.5866113e-01
  7.9659617e-01
  5.0651717e-01
 -1.3558449e+00
  9.0807301e-01
 -1.4163173e+00
 -7.9597011e-02
  5.1293647e-01
 -1.4103658e+00
 -3.6058733e-01
 -1.0735579e+00
 -4.5631135e-01
  1.3824854e+00
 -1.2493407e+00
 -1.0190933e+00
 -8.4286183e-01
 -1.1708466e+00
  1.9218311e+00
  1.5168175e+00
 -7.0925884e-02
 -2.6489556e-01
  2.0312085e+00
 -1.0747000e-01
 -3.1995239e+00
 -2.6942343e-01
 -2.1268902e+00
 -2.0148427e+00
  4.0272790e-01
 -1.9490925e+00
 -2.0507513e-02
 -7.6681837e-02
 -1.1997635e+00
 -1.1140444e-01
 -1.9644186e+00
  1.5171610e+00
  2.2081089e+00
 -1.2056885e+00
 -2.9389589e+00
 -2.0357885e+00
 -9.2308182e-01
  1.3311422e+00
 -8.6216587e-01
  1.3194659e+00
 -5.4295760e-01
 -9.5865585e-02
 -7.2043024e-02
 -4.6291661e-01
 -1.4860172e+00
 -1.9796596e+00
  1.3569535e+00
  3.2697098e+00
  1.1632911e+00
 -2.8508341e+00
 -1.5452580e+00
 -6.9764811e-01
  2.0932798e+00
  2.7949207e+00
 -1.2957129e+00
 -7.0797503e-01
 -4.0024729e+00
 -1.8892525e+00
  1.1675044e+00
  2.4324243e+00
 -4.1583499e-01
  1.1509101e+00
 -1.7540118e+00
  3.4402281e-01
  1.0323491e+00
  3.8541248e+00
 -5.3109378e-01
 -4.9396285e-01
  5.3818810e-01
  1.9293624e-01
  8.9776897e-01
  1.3531876e+00
 -2.4196239e+00
 -9.3750453e-01
  2.3923488e+00
  3.5683978e-01
  1.6191319e+00
 -2.0788617e+00
  4.1184941e-01
  1.7557397e+00
  1.4793993e+00
 -6.0004312e-01
 -1.7258345e+00
  1.0519862e+00
  1.4483469e+00
  6.2274128e-02
  5.8155018e-01
  1.8758756e+00
  3.1198807e+00
  1.9873619e+00
  2.0151357e-01
  9.0359938e-01
  3.4639794e-01
  1.1186272e+00
 -1.1596990e+00
 -1.3512437e+00
 -2.5257134e-01
 -6.2907106e-01
 -8.5857159e-01
  5.9207219e-01
 -4.5220140e-02
  3.4421132e+00
 -4.6497956e-03
  9.3687505e-01
 -2.7175879e-01
 -1.2697893e-01
  5.0439291e-02
 -6.4675158e-01
  1.7988357e-01
 -2.1304269e+00
  1.9876764e+00
  6.6381568e-01
 -2.4634707e+00
  1.2951535e+00
 -5.7530123e-01
  5.1067078e-01
  3.6467245e-01
 -8.1119001e-01
  2.9647744e-01
 -3.5757622e-01
  1.5388566e+00
  1.9773911e+00
  7.6301253e-01
 -3.3562272e+00
 -4.9895591e-01
 -1.5393624e+00
  1.1020402e+00
 -2.0782067e-01
  1.4328209e+00
  5.8131117e-01
 -2.8913623e-01
 -1.9675294e-01
  2.1584702e+00
 -7.3215359e-01
  5.0876892e-01
 -9.8672909e-01
  7.9259321e-02
  3.1087252e-01
 -6.3221610e-01
 -4.0094990e-01
 -9.7199112e-01
  1.9340389e+00
  5.6073183e-01
 -3.9378944e-01
 -9.5767096e-02
  3.2425088e-01
 -1.0231918e+00
 -1.4854134e+00
  6.9388348e-01
  5.2360970e-01
  7.5191951e-01
 -1.0187770e+00
 -1.0268406e+00
  1.3619343e+00
  8.1986254e-01
 -5.5677664e-01
 -2.0778346e-01
  7.1030802e-01
 -2.8969145e+00
 -7.6065075e-01
 -2.4060793e+00
 -3.4545524e+00
 -1.5095239e+00
 -1.5876703e+00
  1.2540822e+00
  1.4176658e-01
 -5.1267695e-01
 -1.7939401e+00
  1.5770608e+00
 -1.4469023e+00
  6.1369807e-01
 -2.0742388e-01
 -1.1463025e+00
 -2.2994778e+00
 -6.2142330e-01
 -5.1837754e-01
  1.9929007e+00
  7.7586478e-01
 -1.2970814e+00
 -1.1846399e+00
  5.3219891e-01
 -1.8028630e+00
  1.6171786e+00
  9.2013419e-01
  2.9412383e-01
  3.3606561e-03
  6.5680361e-01
  1.3824893e+00
 -4.0367392e-01
 -3.3340198e-01
  2.9712007e+00
  2.0232804e+00
 -1.7870389e+00
 -5.4186022e-01
 -1.6586447e+00
  2.0915608e-01
 -1.5363146e+00
  9.0603524e-01
 -4.0896633e-01
  8.2917845e-01
  5.3504312e-01
  1.8098893e+00
  3.0796115e+00
  3.2484455e+00
  2.6741798e+00
  6.0717398e-01
  1.5168824e+00
 -9.8986548e-01
  1.1872302e+00
 -4.6323985e-01
  2.3458804e-01
  1.8896987e+00
  2.4102559e+00
 -5.5435163e-01
 -2.0038123e+00
 -2.0084186e-01
  1.2287452e+00
 -5.2490586e-01
  3.4642294e-01
  3.0615729e-01
 -2.4643056e+00
 -2.1094809e+00
  4.0791116e+00
 -3.2403961e-01
  1.2097775e+00
 -1.5837076e+00
  1.2829159e+00
 -5.6780491e-02
  5.7402808e-02
  6.0433197e-01
  1.1909306e+00
 -6.7715251e-01
  2.5747901e-01
 -9.0450108e-01
 -9.7414583e-01
 -8.6084265e-01
  8.8677919e-01
 -7.8075397e-01
 -3.5250485e-01
  6.3012785e-01
 -2.4561124e+00
 -9.3327659e-01
  1.2938951e-01
 -6.4060056e-01
  9.1987312e-01
  4.5685735e+00
  1.4962927e+00
  2.3860655e+00
 -2.2328250e+00
 -9.2044652e-01
  1.2873859e+00
  5.9737003e-01
 -1.1429529e+00
  1.0129999e+00
 -1.8600287e+00
  1.9604198e+00
 -1.6769187e+00
 -7.7937871e-01
 -2.3854308e+00
  1.6122607e+00
  8.9553267e-01
 -2.2414160e+00
  1.1716191e+00
 -1.2733359e+00
  3.1571227e-01
 -2.7976880e+00
 -1.5990380e+00
 -9.1381148e-02
 -2.6451705e+00
 -5.3228641e+00
 -7.4612623e-01
  8.8969737e-01
  2.8710485e+00
 -5.9541255e-01
  1.7257842e-01
  5.1983006e-02
 -2.7324781e+00
  1.7806219e+00
  3.9253050e-01
  1.6595027e+00
 -2.0915370e+00
  3.5331175e-01
 -1.3939551e+00
 -8.6914802e-01
 -7.3198712e-01
  1.3668814e-01
  4.6340887e-02
  1.8554238e+00
  6.1960226e-01
 -3.4669635e-01
 -3.5419166e-01
  2.2048070e-01
  1.4745259e+00
 -1.3506681e+00
 -7.1692836e-01
 -1.4206148e+00
  2.1202688e+00
 -3.2166715e+00
  3.3027172e-01
  2.9590201e-01
  8.6124915e-01
  1.4552839e+00
  6.9068360e-01
  9.5071405e-01
 -2.2711437e+00
  2.1626637e+00
 -2.1291535e+00
  1.6735300e+00
  1.9133303e+00
  1.7839143e+00
 -4.3309852e-01
 -8.0419463e-01
 -6.9123602e-01
  1.7404580e+00
  9.3999845e-01
 -2.5752482e-01
  2.2781339e-02
  8.4171116e-01
 -1.3808746e+00
 -8.9750463e-01
 -1.5259272e+00
 -2.1756086e-01
 -5.4284811e-01
  2.5342202e+00
  3.1085005e-01
  1.9345150e+00
 -3.1973476e+00
  1.9262773e+00
  1.3993894e+00
  1.4824690e+00
 -1.2092557e+00
 -3.3837131e-01
 -2.2414930e+00
  7.1484274e-01
 -5.5441093e-01
 -1.5356846e+00
 -1.8072151e+00
  2.2325354e+00
  1.6597532e+00
  9.4392860e-01
  1.8740315e+00
  2.6506820e+00
  3.3849645e+00
  1.3519667e+00
 -3.4207597e+00
 -9.2829502e-01
 -1.5758586e+00
 -8.2831085e-01
 -7.4500883e-01
  2.9726794e-01
  3.3061013e-01
 -1.9306587e+00
 -6.6868770e-01
  1.8837706e+00
 -2.2563092e-01
 -7.7510172e-01
 -4.0929535e-01
  1.0895702e+00
 -1.3818594e+00
  3.4887680e-01
 -2.4950848e+00
 -2.6990402e-01
 -1.4881901e+00
  8.1653345e-01
  2.7837222e+00
  1.2846501e+00
 -3.9265327e+00
 -2.7770929e+00
 -3.8477805e+00
 -2.2620665e-01
 -1.2994165e+00
  1.1639550e+00
  3.5378706e+00
  2.4882627e+00
 -1.0252742e-01
  1.4784422e+00
  2.2756124e+00
  6.5291934e+00
 -1.6217787e+00
  1.9172530e+00
  2.1510370e+00
  2.1861173e-01
  1.3086780e+00
 -1.8636319e-01
  4.9527338e-01
  2.8756413e-01
  5.7513827e-01
 -1.8006130e-01
  5.1776195e-01
  6.8114929e-02
  4.2752984e-01
 -4.0687504e-01
  1.1219659e+00
 -4.7010645e-01
  1.6960055e+00
  5.6554612e-02
 -7.5953558e-02
  4.8614252e-01
  1.7330104e+00
 -5.6723261e-01
  1.5620817e-01
  7.7219015e-01
 -2.6172400e+00
 -1.1647182e+00
 -4.4518046e+00
  1.5551003e+00
 -7.2322774e-01
  2.1825492e+00
  1.0714973e+00
 -1.7702577e-01
 -2.0122761e-02
  2.5402409e-01
 -1.0367335e+00
 -4.8999417e-01
 -4.8547029e-01
 -8.1374478e-01
  4.1111064e+00
 -9.3203604e-01
 -5.9971851e-01
 -1.1014682e+00
  1.3956000e+00
 -1.7453642e+00
 -8.1493831e-01
  7.0740604e-01
  6.5872324e-01
 -6.9681764e-01
  4.4422060e-01
  2.6987952e-01
 -9.8739064e-01
 -4.6293458e-01
  1.2533518e+00
 -1.4259076e+00
 -1.0124173e+00
 -1.5821594e+00
  1.8003439e+00
 -6.1369228e-01
  1.0242960e+00
 -1.3616807e+00
  5.3306818e-01
  3.1510076e-01
 -4.9659812e-01
  2.6895368e+00
  4.4065532e-01
  1.8401650e+00
  3.8403585e+00
 -1.5646880e+00
  7.4951172e-01
  1.1664926e-01
  2.3180096e-01
 -2.4693924e-01
 -1.1907080e+00
  3.0218101e+00
  2.2387369e+00
 -1.6926346e+00
 -2.5598643e+00
 -1.9165969e+00
 -6.3102406e-01
  6.2002152e-01
  1.8563025e+00
  1.0758738e-01
 -3.0242989e-02
 -2.0153947e+00
  1.3112383e+00
  3.1628501e-02
 -6.8206996e-01
  1.5037798e+00
  9.6252733e-01
 -2.4647346e+00
  1.7304351e+00
  8.6195368e-01
  5.9462082e-01
 -1.5680492e+00
 -5.8264005e-01
  5.6115794e-01
  9.9795073e-01
 -1.1235911e+00
  2.7445602e+00
  5.6779426e-01
  1.0026977e-01
 -1.5701885e+00
  2.9977977e+00
 -1.4720658e+00
  1.7132525e+00
 -9.2428416e-01
 -3.1449029e-01
 -1.7971196e+00
  2.8656652e+00
 -7.4074173e-01
  1.4379309e+00
  3.7948538e-02
 -1.6924959e+00
 -1.7466328e+00
 -1.0848023e+00
 -1.3435756e+00
 -9.0069495e-02
  2.0392916e-01
 -6.4535886e-01
  5.2911103e-01
  8.4841922e-02
 -5.2741896e-02
  6.7346203e-01
  8.3059984e-01
 -2.4657831e-01
 -1.4736723e+00
  3.3084834e-01
  4.9496439e-01
 -1.3594296e+00
 -1.4139667e-01
  3.3901086e-01
 -7.5454533e-01
 -6.7634940e-01
  4.5279169e+00
  2.9861734e+00
  1.6116360e-01
  6.3508826e-01
 -7.0452040e-01
  1.7795628e+00
 -3.7445977e-01
  1.3306130e+00
 -3.7444738e-01
 -4.7852328e-01
 -8.6721480e-01
  4.6663839e-01
 -2.7652666e-01
  8.9372051e-01
 -1.9393195e+00
 -1.5473235e+00
 -1.5188006e+00
 -2.0036387e+00
 -2.2653251e+00
 -1.0915220e+00
 -1.2373710e+00
 -2.0733874e+00
 -1.8813284e-01
  5.5729872e-01
 -2.0177538e+00
  1.6792935e+00
 -8.7866402e-01
  2.7033703e+00
  7.0631039e-01
  1.3188000e+00
  2.7227178e+00
  3.4099627e-01
 -2.1971815e+00
  1.8649517e+00
  1.8535023e+00
 -8.4896755e-01
 -1.1475667e+00
  1.8876250e-01
  1.3505672e+00
 -4.7311492e-02
 -1.6254361e+00
 -9.9350703e-01
 -1.7475703e+00
  1.0852467e+00
  1.4119458e+00
  7.1398771e-01
 -3.4695563e-01
  1.1270756e+00
  2.1140716e+00
 -1.0846215e-01
  3.3042446e-01
 -1.0627447e+00
  4.0892395e-01
  1.3069160e+00
  3.4526219e+00
 -5.9288585e-01
 -1.1591842e+00
 -1.1603683e+00
  1.5092832e-02
 -1.7365934e-01
 -2.4797862e+00
 -3.1207478e+00
 -1.1742487e+00
 -1.2350951e-01
 -9.0949386e-01
 -7.6437211e-01
  7.9964978e-01
 -2.4270964e-01
 -9.6923536e-01
  1.1696194e+00
  2.7266639e-01
  7.9283577e-01
  4.6839790e+00
  1.9162149e+00
 -1.9407147e+00
 -3.4741287e+00
  2.0235355e+00
  1.2359177e+00
 -2.6403792e+00
 -2.4803314e-01
 -3.3805413e+00
  1.3769601e-01
  1.6094498e-01
 -1.9999175e+00
  3.2836571e+00
 -3.8170967e-01
  5.0711244e-01
  3.5259385e+00
 -6.0006249e-01
  1.2147714e+00
 -3.8779676e-01
 -2.1447225e+00
  1.4229549e+00
 -2.9247466e-01
 -1.3898706e+00
  7.6280642e-01
  1.0375687e+00
  2.4070089e+00
  1.1674335e+00
 -2.0250967e+00
 -2.4741468e+00
  9.8811276e-02
 -4.0154925e-01
  3.1786045e-01
  9.2306513e-01
 -9.1551161e-01
 -1.7479974e+00
  9.4810998e-01
 -8.3882844e-01
  4.5756146e-01
  6.6878182e-01
 -4.9784037e-01
 -2.9943128e+00
 -6.5521574e-01
 -2.4972003e+00
 -1.6658857e+00
 -2.1121483e+00
  3.6347570e+00
 -1.1438353e-01
 -3.8602276e+00
 -2.8686416e+00
 -9.6738391e-02
  6.7358541e-01
  6.8386805e-01
 -4.8504162e-01
  1.8071817e-02
  8.6077476e-01
 -1.3016645e+00
  2.3908832e+00
  1.0184486e+00
  4.6235862e-01
 -7.7903336e-01
  3.5157518e+00
  1.6443641e+00
  1.8710426e+00
 -2.7667573e-01
 -1.1125085e+00
  2.3085318e+00
 -4.4714648e-01
 -1.6129120e-01
  1.8085215e+00
 -7.3808908e-01
  1.2327716e+00
  7.9281956e-01
 -1.8538840e+00
 -1.3281432e+00
  1.0115055e+00
  3.7019601e-01
  1.0343047e+00
 -2.5332657e-01
 -5.5587405e-01
  6.6737568e-01
  1.5000448e+00
 -8.2765210e-01
 -9.4210392e-01
  1.5025429e+00
 -1.7460916e+00
 -7.2001702e-01
  1.1797531e+00
 -4.4998674e+00
  1.6058513e+00
 -8.8842684e-01
 -1.2830542e-01
 -2.2688022e-01
 -6.9404691e-01
  9.0735239e-01
 -7.8515500e-01
 -5.6300652e-01
 -2.2619772e+00
 -3.3583317e+00
 -1.5298454e+00
  4.9118814e-01
 -9.0853137e-01
  1.0834998e+00
  2.5499043e+00
  1.0562861e+00
  6.3165075e-01
  2.7186840e+00
  3.6390605e+00
 -1.0054621e+00
  3.2925823e+00
  2.0134504e+00
 -2.2933581e+00
  6.3343507e-01
 -5.4003316e-01
  1.2001044e+00
  1.3660558e+00
  1.7377385e+00
  3.3979189e+00
 -4.7743925e-01
  2.2771299e+00
 -1.6522373e+00
 -8.4412956e-01
  5.0952226e-01
  2.1652062e+00
 -9.2908150e-01
  2.3727689e+00
 -1.4122061e+00
  3.9782226e-01
  2.1401873e+00
 -6.3849413e-01
  1.8281335e+00
 -1.3262658e-01
 -2.3817153e+00
 -2.6155555e+00
 -2.4924622e+00
 -4.3548089e-01
  6.8954843e-01
 -8.7704337e-01
  1.0484290e+00
 -9.3930034e-04
  1.2208768e+00
 -1.3091115e+00
  2.2548066e-01
 -2.4183114e+00
  2.2574887e+00
 -1.0735906e+00
 -2.3900583e+00
 -2.0280852e+00
 -4.1115689e-01
  3.7451718e+00
 -1.6333727e+00
  2.9194889e+00
  2.0119080e-01
  2.6652248e+00
  1.9581704e-01
 -2.5438100e-01
 -4.3653488e-01
  1.7930882e+00
  2.3191862e-01
  1.7906375e+00
  1.8352835e+00
  1.1934048e+00
  1.8382798e+00
  3.0319872e-01
  2.6450684e+00
 -4.1838519e-02
  2.1988758e-01
  4.9935155e-02
  3.3957595e-01
 -1.8158826e-01
 -1.5844657e+00
  1.6753573e-02
 -1.8555385e+00
  2.4682437e-01
 -4.8031121e-01
 -2.3959234e+00
  1.5755507e-01
 -3.2166892e-01
 -1.8848168e+00
 -3.2850978e+00
  6.2557399e-01
  6.4367568e-01
  7.0967942e-01
 -2.8205121e+00
  6.0270029e-01
  4.5808968e-01
 -1.8215650e+00
  1.5664077e+00
  1.8848592e+00
 -5.9246993e-01
  1.7685449e-01
  8.4687847e-01
 -2.0335849e-02
 -2.5063899e+00
  4.0492606e-01
  1.1832879e+00
  1.7990057e+00
  5.9938765e-01
  8.8544327e-01
 -2.1872073e-01
  1.2977728e+00
  2.3194201e-01
  3.1629962e-01
  1.3417079e+00
  7.1982646e-01
  1.7531067e+00
 -1.4524063e-01
 -4.8492891e-03
 -7.1336664e-02
  2.7629006e+00
 -2.5739794e+00
 -1.5406570e+00
 -6.3898236e-01
  7.3789114e-01
 -1.8347448e+00
 -1.2896777e+00
 -6.2670547e-01
  3.6301422e-01
  2.9801242e+00
 -7.8724819e-01
 -1.0713429e+00
  2.4602385e-01
  7.8873283e-01
  8.1242257e-01
  7.8105593e-01
 -3.6491618e+00
 -1.0711510e+00
 -8.2056111e-01
  8.4263124e-02
  1.8932417e-01
  7.9217309e-01
  1.3201766e-01
 -7.7355534e-01
  1.2952801e-02
  1.5818979e+00
  3.9824918e-01
  4.0347564e-01
 -5.5230302e-01
 -2.4453160e-01
 -1.2359189e-01
  2.4332166e+00
  5.2452105e-01
 -1.1751425e+00
 -3.6290219e-01
 -6.3893396e-01
  1.6948081e+00
 -2.5165162e+00
  1.0105753e-01
  5.9106457e-01
  1.6610196e+00
  3.2139966e-01
  1.1596010e+00
 -1.9468403e+00
  3.0314555e+00
  1.7587962e+00
  1.2024365e-01
 -1.0978209e+00
 -1.7802980e+00
 -7.1450460e-01
  3.7344509e-01
  8.3915454e-01
 -2.4333396e+00
 -1.5338031e+00
  9.7794622e-01
 -1.1866151e+00
 -2.9185548e+00
  1.7897730e-01
 -2.4472055e-01
  1.1995376e-01
  2.8898510e-01
  2.2011082e+00
  4.4581163e-01
  1.5213884e+00
  1.0592829e+00
 -1.3937687e+00
  1.5763102e-01
  2.1819036e+00
  5.6277293e-01
 -1.7160723e+00
  1.8318880e+00
 -4.4569960e-01
 -5.6775445e-01
 -5.2107582e-03
  5.8383220e-01
 -3.3569577e-01
 -1.8495262e+00
  3.2330246e+00
 -3.7920694e+00
  1.1207582e+00
  3.0600901e+00
  1.5023113e+00
  3.1339967e-01
 -3.8377535e+00
  1.6721281e+00
  2.1219223e+00
 -8.6235963e-02
  2.6948223e+00
 -1.6334410e+00
 -2.1216714e+00
 -3.6849144e-01
 -3.4197686e+00
 -3.2436392e-01
 -1.5200357e+00
 -1.1096803e+00
 -4.7616110e+00
 -1.8018740e-01
  6.2390052e-02
  1.1461054e-01
 -2.3016193e+00
  3.1192262e+00
 -2.1273543e-01
  1.7999756e+00
 -1.3018492e+00
  1.4288778e+00
 -1.2690347e+00
  9.5392430e-01
  4.9189425e+00
  1.8987725e+00
  6.8477708e-01
 -1.3674480e+00
  4.5283598e-01
  1.2703887e+00
 -2.2498209e+00
 -9.0348847e-02
  2.9619875e+00
  1.3965440e+00
  4.9118561e-01
  4.4115138e+00
 -1.9501994e+00
  2.4099655e+00
 -1.6456145e+00
 -1.4701151e+00
  3.6565936e+00
  1.3257413e+00
 -8.8664705e-01
  1.2616229e+00
  3.7207792e+00
 -1.2325194e+00
  5.9611988e-01
  1.9873065e+00
  2.5543859e+00
  4.2642159e+00
 -1.2208815e+00
  5.9270042e-01
  8.9954370e-01
 -2.8783375e-02
  1.6477809e+00
  2.5147897e-01
 -4.7221655e-01
  4.3670926e-03
  1.5914787e+00
  4.3270364e-01
  1.2059442e+00
 -6.2593353e-01
 -2.2215374e+00
  2.1378307e+00
  1.3365043e+00
  5.8094054e-01
  6.0731369e-01
  2.9843607e+00
  1.8068708e+00
 -2.5407448e+00
 -3.9436891e+00
 -2.6013484e+00
  3.6062565e-01
  6.9928962e-01
  1.0071948e-01
 -5.9086609e+00
 -2.1630785e-01
  1.9348923e+00
  1.3535376e+00
 -1.4577140e+00
  1.0021129e+00
  3.4467280e+00
  3.7434092e+00
 -3.1746869e+00
 -2.4966297e+00
  2.4351950e-01
  4.8243335e-01
 -1.6406552e+00
  5.2174139e-01
  1.1217109e+00
 -4.8665765e-01
  7.5372893e-01
 -7.8644532e-01
 -1.8459201e-01
 -1.8108836e+00
 -2.2988505e+00
 -1.6522709e+00
 -1.1031497e+00
 -2.3889564e-01
 -1.0347240e+00
  5.7199770e-01
  2.6489046e+00
 -1.9010546e+00
  2.2925265e+00
 -1.1173773e+00
 -1.5361030e+00
  1.5225877e+00
 -6.7894036e-01
  3.5638294e+00
 -1.9378862e+00
  1.6151280e+00
 -8.1603605e-01
 -2.8567159e+00
 -1.6545725e+00
  4.1646080e+00
  2.0663621e+00
  1.2708664e+00
 -2.0666695e+00
 -1.1775771e+00
 -1.7654500e+00
 -3.7061381e+00
 -1.9339250e+00
 -9.5797986e-01
 -3.3802412e+00
 -8.6270505e-01
 -3.1928422e+00
  8.3511907e-01
  1.6527072e+00
 -7.7839339e-01
 -1.6043816e+00
 -1.5067132e+00
 -6.2688291e-01
  1.4194562e+00
  2.3737876e+00
  4.7771138e-01
 -3.9360541e-01
  7.3200929e-01
  1.1495614e+00
  1.3321469e+00
 -1.1431540e+00
 -2.1540942e+00
  5.4125631e-01
 -7.6668626e-01
 -4.5731071e-01
 -6.9485641e-01
  3.6682634e+00
  7.1886116e-01
  4.1139536e+00
  5.1368177e-01
  1.1563970e+00
 -4.1789036e-02
  1.2148060e+00
 -1.0624845e+00
 -1.6770368e+00
  8.1566888e-01
 -5.2998257e-01
  3.3212462e-01
  1.3627003e-01
 -1.2459686e+00
  6.3579881e-01
  2.1340460e-01
 -8.9053160e-01
  2.2615809e+00
  7.1888202e-01
 -2.1158881e+00
 -1.7686726e+00
  4.9692929e-01
 -2.6491848e-01
  3.0902662e+00
  3.4464314e+00
  2.2150065e-01
 -6.5359336e-01
  1.2673044e-01
  1.9907598e+00
 -9.6122086e-01
 -3.2677206e-01
  1.7354265e-01
 -3.7231797e-01
 -2.1700945e+00
  3.5338056e+00
 -2.9398203e+00
  1.2682877e+00
 -1.2508548e+00
  2.2664633e+00
  3.9131573e-01
 -6.4908421e-01
 -9.7134739e-01
  2.9014859e+00
  1.5034102e+00
  8.5164860e-02
 -7.7103603e-01
  5.2775794e-01
  1.2061245e+00
 -1.6589133e+00
 -2.0223615e+00
  8.6192262e-01
 -1.9224256e+00
 -1.1709307e+00
  8.0252029e-02
 -7.2051138e-01
  1.0818551e-01
  1.6287658e+00
 -2.7049461e-01
 -2.0441255e-01
  2.2025104e-01
 -2.2064349e-01
  7.4608946e-01
 -7.0570374e-01
  2.2578847e+00
 -2.8342705e+00
 -2.4338877e+00
 -4.2822924e-01
 -9.0782589e-01
 -7.8334972e-02
  9.6427590e-01
 -5.0429183e-01
  1.2616652e-01
 -1.0435321e+00
 -1.4938943e+00
  1.1751573e+00
 -1.8294153e+00
  2.0482526e+00
 -9.5122254e-01
 -1.6831138e+00
  1.3675333e+00
 -3.6496598e-01
 -2.0129473e+00
  2.7418530e-01
 -1.7262463e-01
 -2.3073151e+00
 -1.0911638e-02
  1.7474101e-01
 -2.1568263e+00
  4.9342877e-01
 -2.1229372e+00
 -9.5578447e-02
 -1.1052668e+00
  2.9880385e+00
  3.1963871e+00
 -3.3397746e-01
 -3.1092486e+00
 -2.2281263e+00
  1.1479974e+00
 -9.8933679e-01
 -5.2227902e-01
 -8.9331573e-01
 -4.9904412e-01
 -4.0818959e-01
 -2.7494762e+00
 -1.3069806e-01
  3.7493742e-01
 -2.8394398e-01
  3.0193481e+00
 -3.5731146e+00
  1.6437474e-01
  1.3979620e+00
 -1.2920773e-01
  1.1126735e+00
  1.2638215e+00
 -7.0262927e-01
 -4.7991914e-01
 -2.5759573e+00
  8.1986743e-01
  1.1591765e-01
 -4.6536437e-01
 -1.8713740e+00
  1.6997890e-01
 -1.2462373e+00
 -9.0811819e-01
 -5.1501024e-01
 -5.5028504e-01
 -1.5400556e+00
  7.5670183e-01
 -4.8830631e-01
  1.5510761e+00
  1.8260372e-01
 -1.1627413e+00
 -4.5000970e-01
  1.1173465e+00
  3.2843530e-01
  8.8075817e-01
 -9.2766589e-01
 -1.2111982e+00
  5.4302406e-01
 -9.8892504e-01
 -1.7789485e+00
 -1.2137232e+00
 -2.1843052e+00
  2.4312658e+00
 -2.1947982e+00
 -1.5223100e+00
  1.0440196e+00
  2.4205856e-01
  2.1514955e+00
  1.2458425e+00
 -1.6405329e+00
  7.2597164e-01
 -1.8787413e+00
  7.9311287e-01
  1.7020572e+00
 -2.7471972e-01
 -8.0747259e-01
  8.3562511e-01
 -5.4588521e-01
 -1.1801863e-01
  7.5111699e-01
  2.0901574e-01
  1.1460768e+00
  3.8754779e-01
 -1.7020246e+00
  1.3147936e+00
 -2.4226313e+00
  2.4783041e+00
  2.4196593e-01
  5.2428252e-01
 -3.2752099e+00
  1.1316552e+00
 -7.4307019e-01
  1.2802151e-01
  1.6654125e+00
  2.7649379e-01
 -1.0179938e+00
 -1.1808645e+00
 -1.3371508e+00
 -5.2743572e-01
 -3.0882904e-01
 -2.5032035e-01
 -1.0027936e+00
 -4.5092440e+00
 -3.0065153e-02
 -1.2357196e+00
  8.2560487e-02
 -7.1975642e-01
 -1.5177538e+00
 -2.5980854e-01
 -1.9940747e+00
 -1.5338621e+00
  1.8779552e+00
 -5.5423540e-01
  5.5758429e-01
 -2.8974941e-01
 -7.5432438e-01
  3.3043033e-01
  1.1714678e+00
  8.4096396e-01
  9.3151256e-02
  1.2992806e+00
  9.6510106e-01
 -2.2345835e-01
  3.6181755e+00
  9.4308269e-01
  1.2387452e+00
  1.1530508e+00
 -3.2756319e+00
  7.2229117e-01
 -4.2902265e+00
 -1.3095082e+00
 -2.7741525e-01
 -3.5688303e+00
  3.1517489e+00
  2.8018708e+00
  1.2852399e+00
 -2.6241398e-01
  2.1339920e+00
 -1.3691189e+00
 -2.5522592e+00
  1.7436247e+00
  1.7841580e+00
 -1.1033802e+00
  2.0337451e+00
 -1.4227731e+00
  1.8978962e+00
  8.5125351e-01
 -2.3515874e-01
 -6.6006088e-01
 -8.6191380e-01
 -1.2951471e+00
 -4.9353787e-01
  1.2507486e+00
  8.3109909e-01
  7.5002939e-01
 -5.6785709e-01
 -3.8268905e+00
  1.1182345e-01
 -2.5473292e+00
 -1.5368937e+00
 -1.2184254e+00
  2.2626314e+00
  9.1895741e-01
 -1.7630151e-01
 -1.0755093e-01
  3.2937607e-01
  9.3049711e-01
  2.7178411e+00
 -5.2161324e-01
  1.8317088e-01
 -8.7624097e-01
 -3.1335952e+00
 -2.4362151e-01
 -1.2514435e+00
  3.5798886e+00
 -2.1846712e-01
  3.4507778e-02
  7.3612809e-01
  5.0566220e-01
  1.6030982e+00
 -3.2652233e+00
  1.6532370e+00
  3.0942073e+00
 -1.9118825e-01
  1.5062993e+00
  6.3364154e-01
  1.3155298e+00
  5.3558505e-01
  2.4563195e-01
  6.2551749e-01
 -8.6593097e-01
  6.3443661e-01
  1.3445891e-01
  1.3283143e+00
 -1.2198366e+00
 -4.8014697e-01
 -4.9367428e-02
  7.5619924e-01
 -1.3031601e+00
  1.6654273e+00
 -2.0789530e+00
 -1.6113775e+00
 -5.5736518e-01
  1.4226902e+00
  9.1855526e-01
 -2.0844026e+00
  8.4428257e-01
  4.1222415e+00
 -1.4137181e+00
  1.4613140e+00
  4.3635917e-01
  4.7223714e-01
 -3.3000234e-01
  3.7104875e-02
 -3.6054128e-01
 -2.6809731e+00
 -2.6742413e+00
 -1.9257243e-01
  1.2069923e+00
 -7.1201944e-01
 -2.0127684e-01
 -1.6623843e+00
  7.4182254e-01
  1.0568479e+00
 -1.2805127e+00
 -4.7938207e-01
  1.9661920e-02
  4.0293674e+00
  4.4785786e+00
 -5.8028013e-01
 -1.4511328e+00
  1.0613852e+00
 -2.7628071e+00
  4.4024244e-01
  1.9410871e+00
  1.4927969e+00
 -1.0720916e+00
  7.1687466e-01
 -4.1763639e+00
  1.7582610e-01
 -1.3606787e+00
 -1.2889216e+00
  2.0189276e+00
 -3.7112471e-01
 -2.8626812e-01
 -2.2946584e+00
 -3.1591371e-01
 -1.6863127e+00
  6.3963470e+00
  3.5725796e+00
 -3.6388285e+00
 -5.2321088e-01
 -1.8610282e+00
  1.1905872e+00
 -4.6624598e-01
  1.6226068e+00
 -7.1705472e-01
  2.0290446e+00
  1.2202996e+00
 -4.0965557e-01
 -1.1140318e+00
  5.5809009e-01
 -1.8744385e+00
  4.6175379e-01
 -4.6457788e-01
  9.9791002e-01
  9.8307663e-01
  1.9429845e+00
  1.5556415e+00
  1.0035887e+00
  1.1096481e+00
 -3.7497392e-01
  4.4419420e-01
 -1.7071451e+00
 -1.9538722e+00
 -2.8804564e-01
  3.6249065e+00
  7.5954072e-02
 -1.0272666e+00
 -2.7703977e+00
 -1.6721200e+00
 -4.2870197e-02
  1.2758775e+00
 -3.8732064e-01
  1.4248264e+00
 -1.4378752e-01
 -4.8645105e-02
 -1.8287534e+00
  1.5860468e+00
 -7.7586168e-01
 -1.8608468e+00
  2.4854434e+00
 -1.3684897e+00
  1.9144130e-01
  4.6747601e-01
 -6.4274955e-01
  6.8051092e-02
 -5.5258691e-01
  1.4275329e+00
  1.4517558e-01
  4.2695250e-02
  4.1460183e-01
  5.7039654e-01
 -5.4656833e-01
  2.2428301e-01
 -2.4426280e-01
 -1.2650071e+00
 -1.0045007e+00
  2.9256439e-01
  2.2879438e-01
 -1.3420452e-02
 -1.6592425e+00
 -2.8395886e+00
  1.7706449e+00
  1.5885058e-01
 -2.8112526e+00
 -1.6704808e+00
 -1.4433047e+00
 -9.6037172e-02
 -1.6083488e-01
  5.3792983e-01
 -6.1312568e-01
  1.7706184e+00
  3.1121826e+00
  4.0168014e+00
 -4.0791214e-01
 -5.2270007e-01
  1.1734364e+00
 -8.4495282e-01
  1.6795851e-01
  1.7151065e+00
 -1.2290424e+00
  2.0903161e-01
 -9.7998112e-01
  1.1238201e+00
 -2.5598347e-02
 -3.6447868e-01
  9.4414127e-01
 -3.3443856e-01
 -1.0188304e+00
  3.9663342e-01
 -4.0322205e-01
 -4.2925552e-01
  8.4695590e-01
  9.2945397e-01
 -4.8868725e-01
  4.7801483e-01
 -1.5988393e+00
 -1.1236836e+00
  9.4548100e-01
 -2.4394197e+00
 -1.8795662e+00
  1.7030926e+00
 -1.2014408e+00
  1.3543681e+00
  9.6151459e-01
 -1.4732492e+00
  3.3364287e-01
 -1.0224061e-01
  1.6779791e+00
  1.1325539e+00
 -6.4313120e-01
  7.5350744e-01
 -1.9019405e+00
  5.2738553e-01
 -2.1435222e-02
  2.7337858e-01
  1.6197425e-01
 -9.0402272e-03
 -2.1750815e+00
 -2.6996268e-02
  9.8619580e-01
 -2.5984707e-01
 -1.2551618e-01
 -1.4229336e+00
 -1.0060109e+00
 -1.0147668e+00
  8.2512391e-01
  3.5364297e-01
  1.0943650e+00
  9.8307693e-01
 -7.1755224e-01
 -1.9060875e+00
  2.9157785e-01
  2.6136681e-01
  2.2477762e-01
 -5.9331828e-01
 -2.8919867e-01
  1.5388594e+00
 -7.8490222e-01
 -6.1406070e-01
 -4.7657469e-01
  9.2171925e-01
  7.0697659e-01
  3.8188666e-01
  2.9029362e+00
 -6.7414838e-01
  9.9999998e-03
  9.9999998e-03
  9.9999998e-03
  9.9999998e-03
  9.9999998e-03
  9.9999998e-03
  9.9999998e-03
  9.9999998e-03
  9.9999998e-03
  9.9999998e-03
  9.9999998e-03
  9.9999998e-03
  9.9999998e-03
  9.9999998e-03
  9.9999998e-03
  9.9999998e-03
  9.9999998e-03
  9.9999998e-03
  9.9999998e-03
  9.9999998e-03
  9.9999998e-03
  9.9999998e-03
  9.9999998e-03
  9.9999998e-03
  9.9999998e-03
  9.9999998e-03
  9.9999998e-03
  9.9999998e-03
  9.9999998e-03
  9.9999998e-03
  9.9999998e-03
  9.9999998e-03
  9.9999998e-03
  9.9999998e-03
  9.9999998e-03
  9.9999998e-03
  9.9999998e-03
  9.9999998e-03
  9.9999998e-03
  9.9999998e-03
  9.9999998e-03
  9.9999998e-03
  9.9999998e-03
  9.9999998e-03
  9.9999998e-03
  9.9999998e-03
  9.9999998e-03
  9.9999998e-03
  9.9999998e-03
  9.9999998e-03
  9.9999998e-03
  9.9999998e-03
  9.9999998e-03
  9.9999998e-03
  9.9999998e-03
  9.9999998e-03
  9.9999998e-03
  9.9999998e-03
  9.9999998e-03
  9.9999998e-03
  9.9999998e-03
  9.9999998e-03
  9.9999998e-03
  9.9999998e-03
  9.9999998e-03
  9.9999998e-03
  9.9999998e-03
  9.9999998e-03
  9.9999998e-03
  9.9999998e-03
  9.9999998e-03
  9.9999998e-03
  9.9999998e-03
  9.9999998e-03
  9.9999998e-03
  9.9999998e-03
  9.9999998e-03
  9.9999998e-03
  9.9999998e-03
  9.9999998e-03
  9.9999998e-03
